review_id,order_id,review_score,review_comment_title,review_comment_message,review_creation_date,review_answer_timestamp
e07eee7ad7666276bd8b27fbd83fd1ff,68b3cbc68e4cd1fe19bec35f1d3bb7ee,5,,relógio muito bonito e barato.,2018-03-29 00:00:00,2018-04-02 14:19:31
0dc56be1dabd04c994a0fce5478bb16d,f4c47c5163aecbdc7ce04fa55857b332,4,,,2017-10-10 00:00:00,2017-10-11 14:23:53
42ae74a43661be8587b2e2db054179db,0a187dd7f4efe70e8c3b6e3779b3b133,5,,Ótimo custo-benefício,2017-09-14 00:00:00,2017-09-15 14:15:14
c399eafa15aafaecdd1d9008f5b34ed6,3081ddf6e7c6afa4e4124e7882486fcd,5,,"Entregou no prazo certo, fiquei feliz com a compra que fiz",2017-06-23 00:00:00,2017-06-24 00:58:52
a65ee60874d8595355a95edb176d89a0,c99763ba8bcad2845131b6e9d2f203fc,5,,,2017-09-19 00:00:00,2017-09-20 00:32:46
5fdcb2a2c4de7fbbf5715788535f4a96,058350ebe1e9c9b426d1331b4b6063d1,4,,"Gostei muito do produto era exatamente boque eu esperava, entrega dentro do prazo, parabéns recomendo a loja",2017-03-31 00:00:00,2017-04-03 14:38:12
f5341e7a7371be7c0730ccb38420f662,2228de938a229c135ae3bd0bf71a128c,5,,,2018-04-28 00:00:00,2018-04-30 12:00:49
b0122cb1623fa4d1e74e7ab9de549465,87cbf27ac970c7423f11157c2ef6ec26,5,,,2018-02-09 00:00:00,2018-02-09 19:42:47
c5976a5a98e854fb23d7e03c6754ae60,2002ea16e75277eaa0b5d78632048540,5,,,2017-08-08 00:00:00,2017-08-10 11:11:29
25f99ae535d54e7bbf90244b78792c0f,b022357c03da2d91ba22d886af2c83a5,5,,,2017-10-11 00:00:00,2017-10-14 02:31:05
678fe12d1503e54f2af9df3595fdb4cb,98c054318dc270816f8357351ffc4449,3,,,2018-06-12 00:00:00,2018-06-14 18:14:22
24cafc3963a07103b4eca00416748caf,6d6f16813fbb3448a034fc242a2603c6,5,,,2017-12-10 00:00:00,2017-12-11 11:11:43
fadbb6e8c12f707455054fbd9efcd289,264deac888717a54971fa3109f6709e3,5,,Recomendo,2017-12-09 00:00:00,2017-12-13 01:16:52
48869ca20e2ca762cd6bdd880c8ccae5,32efd401773730f7d0d1c5ae2b841465,5,Recomendadíssimo,Fui surpreendido pela eficácia. Ótimo atentimento.,2018-07-05 00:00:00,2018-07-05 21:28:40
35ae251380ed456cad351fdf80beeb88,42d0d6be3900c1f50190096f216695b1,5,,"só acho que poderia ter comprado mais cartuchos, mas não as fiz porque cada cartucho veio em um frete diferente, coisa que poderiam ser colocados em um único pacote, o que baratearia o frete.",2018-01-16 00:00:00,2018-01-17 02:55:12
1dbcc137546c3caffd1bcb2caecc26d4,5e0140671ad91ce830fb2b33a3210d1b,5,,,2017-10-18 00:00:00,2017-10-20 15:13:35
0508f6a6207fa536010145f92caa72fc,cfe2129968372224ea392ad47c0d5b02,5,,,2018-01-23 00:00:00,2018-01-24 09:57:39
1e8f9a7e6708edffd4ba8a9a8079e9c2,e4e3babab4d0f208cb6963df2458709d,5,,,2017-12-14 00:00:00,2017-12-18 15:08:55
25b6fc07ef3b4e3a2b814b7a1d862c70,54b7ba0e3a2e8a0f9f68011432a52575,5,,,2018-02-04 00:00:00,2018-02-05 22:01:45
c3d62d7dd729527efda7fc41c2edf7f5,8e7067b0751f4e22d4e31728a9a8323e,5,,,2018-02-08 00:00:00,2018-02-09 14:05:46
f8f7f02bb2354462e17705268f1e6d52,36b7b9c89099230dbecdcde16e84c1cd,5,,"Ainda não recebi um dos relógios, ainda aguardando...obrigada!",2018-04-04 00:00:00,2018-04-05 12:51:40
24f548221d0d85043fe201d409b7c8e5,d37320918ed46f4cd29a218da930fb0c,5,,,2017-12-03 00:00:00,2017-12-18 15:59:21
40506badbb397b0c0d8ea9605f52a459,ed159f7220fe49164a43fbf4fe3a15d1,5,recomendo,,2018-08-11 00:00:00,2018-08-12 13:42:06
069a024b17e0099931fddf6006ab033b,3f53ab479c257a4c6c027d24e4a2ffee,5,,"Ótima empresa, entregou antes do prazo.
Vocês estão de parabéns.",2017-12-20 00:00:00,2017-12-20 20:58:47
bf757ac03350dbdc4b28e5142fe1697d,57665b3fb0f04270d6b333c9d1f80a61,4,,,2018-08-07 00:00:00,2018-08-08 02:03:52
ddc9780b259f54796b4d8197c01339cb,d032dd122bc93c30a420b6ee101c7f69,5,,foda,2018-02-06 00:00:00,2018-02-07 02:50:27
26ccedab64af303bfa98ffe1765572e0,f2b00200fa3b427fee60eb4fa811720b,4,Ótimo ,Tudo certo!,2018-06-08 00:00:00,2018-06-11 12:22:41
9ab1b171791a59c99f5041cab6b61bcd,21d84fdbaead25cecf565df87958cbb0,5,,,2018-01-11 00:00:00,2018-01-12 12:31:02
7cadd69d6e914b75d130c1dd0caf0d79,615774e695ab140dcb5e1c0aeb15b9cc,4,,,2018-03-17 00:00:00,2018-03-19 11:24:06
8f6f2ce4208c883945f271c6f2228391,ff67a8af06a0fd9a0493480efccf9bda,3,,,2017-09-26 00:00:00,2017-09-29 01:31:09
7d5d5b80f2ac1142c163508f7d148144,23169ab372b70385fcc9668d29aad84a,2,,Achei que o blackout viria com um tecido em cima. ,2017-04-13 00:00:00,2017-04-17 12:47:12
3291ce5f66b4005a90530c2ae98e78a8,36b8ca63eb9822b5f68630749ff70e32,5,,,2018-08-28 00:00:00,2018-08-29 10:31:43
aa581e057de70ca374b669e65e582924,125b6d6d69726457c31530e0fae8ff38,4,,"O produto chegou bem antes do prazo estimado. Em relação a qualidade, esperava ser um pouco melhor, mas é muito bonita....",2018-01-11 00:00:00,2018-01-14 01:05:17
4775a9d5da4d7c1b0afbb38a32410e74,a2b02026d2b1873d8e01ccfe3f8c62b0,5,,,2018-07-24 00:00:00,2018-07-25 10:45:34
010b7361d3c6962ffb181a8764da3b36,84f58fa486ce5cc8fcc701d211e80749,2,Mercadoria errada ,Minha bolsa de caçamba veio da Ford ranger ao invés da frontier ,2018-07-31 00:00:00,2018-08-04 00:04:36
dd1fd378c60f8c7dda62dd01140138cf,157972ad87ad74e792dc1c49ead0f733,5,TUDO CERTO,"Produto entregue antes do prazo, boa qualidade e nenhum problema.",2018-07-14 00:00:00,2018-07-16 15:34:54
fa676905a66a44ff89c9101b292a05b1,417b5687161450887ef2e6b283c15c32,5,,valeu a pena entrega antes do prazo eu super recomendo ,2017-12-09 00:00:00,2017-12-09 14:54:39
7e543c0684db1ade6814d8667f124de6,97f3a84e96f9e837dae9f7e2f4570afe,5,,vbvbsgfbsbfs,2017-04-18 00:00:00,2017-04-28 18:52:38
4c39acfd2d651b8590050f9eb35e1611,11104e15dc0997a6ba0aaaf449f51160,1,,"Produto foi entregue parcialmente
não recebi o que comprei ",2018-04-11 00:00:00,2018-04-12 16:17:08
6a90e5fbc5e54b04e0a38d0ebebc6c76,6ef48857a65c0db78e1cd9e0accbd55b,3,,,2017-06-03 00:00:00,2017-06-04 11:53:29
49b1b86e28f4cb8162f4837ab4c1f38b,66fc85fce01ca94d68a669ad2f78c035,5,,,2018-08-10 00:00:00,2018-08-13 17:25:43
844f87b1b964bc33b5d7d84180225ed0,7bea83629cbad77571dcccb181fc2a6f,2,,"Produto diferente do pedido, e até agora nenhuma resposta sobre a substituição.",2018-02-27 00:00:00,2018-03-01 23:50:28
7afe48fca1f3258dfbb3bff2d32096bc,44cfc5b2ba4522fbfff8c05a8649e538,4,,,2018-05-06 00:00:00,2018-05-06 22:55:30
74e1cd8dc3ea053d8ed52e984064e7eb,4962467df8bbf58b2f212f805a473446,5,,recomendo!!!,2017-07-29 00:00:00,2017-07-31 23:50:01
a2467085b9662d45a176af6f87d9e83d,8618461ee5428f56dcc6d2794ccc59cc,5,,,2017-08-02 00:00:00,2017-08-02 23:38:44
3381de6286f7d2898229d8f901bce1bb,a6ec65788794fad0fbd2e2839c73fff3,5,,,2018-08-28 00:00:00,2018-08-31 20:44:31
0f65cba61639e5e07d9486cb811d5882,05bf7a31e9d3eecf93db6a8e4508ed8a,5,,,2018-03-14 00:00:00,2018-03-14 11:38:11
362f70bc68f256dfa44182fb6e4d2ecc,cce3f49cd454ef2ad2924bc694eb1df8,5,,,2018-01-24 00:00:00,2018-01-30 10:31:01
81ec7d865d78b62d0adfbe8aea790ac2,5701526ccd29e0cb831e1324aa60b867,5,,Exemplo de fidelidade entre cliente e empresa ,2017-12-23 00:00:00,2017-12-26 11:47:15
d414c02b27a4c7a14c8a4da0ecb7e1e4,e8a7971efe578b8e5a140c59f190c52b,5,,,2018-08-10 00:00:00,2018-08-12 20:52:03
250231cc33a2e7f60a192f1d60c9e773,6bb425cfe5c2338ba1386a0114f7fb50,5,,,2018-08-24 00:00:00,2018-08-27 15:26:17
9a547988b314ded5e6e14906edc072fc,3668477773eb5474d397777749d44f08,5,Muito bom,"Produto de boa qualidade, conforme o anúncio.",2018-07-15 00:00:00,2018-07-17 23:02:43
3c260965ce42c18e6908b38c28e2cdd7,49f879aa078787ff9ca5e831515407b9,5,,,2017-09-12 00:00:00,2017-09-12 16:43:34
3f6b94e58d8dbcde1f807e337f37cce2,4ab2c1c6f21974d6332c0531a74eef20,1,,"Comprei o produto é solicitei a troca a targaryen e até o momento não obtive retorno, o produto veio embalado mas com sinal de uso, já solicitei a troca e devolucao do dinheiro e não retornaram ",2017-11-14 00:00:00,2017-11-17 12:06:34
7b4567a688777c8b8b69a2b83ed2a8b1,ed0621902f725df643367f63deec991a,5,,,2018-03-10 00:00:00,2018-03-13 10:31:37
86dfd34f313f6961588864270256acac,ed130bb10da75cd0720fccd02487fed4,5,,,2017-04-29 00:00:00,2017-05-02 19:00:48
09eb9450fb4e43a5dfbb06adeb838990,d6e3a9f9be1350d1e2bb6e25e8bfd05d,1,,,2018-01-19 00:00:00,2018-01-21 21:09:09
5e5b744d14b05143747728e25714bb50,ee5f9143bf6915bc96a42c0034fd46ca,5,,,2017-12-16 00:00:00,2017-12-17 15:26:37
24123d4e1f304df302ea880de489b2c1,24e48a0c9fc1cfb4bf9ccfd3dfd7c984,5,,,2017-07-11 00:00:00,2017-07-12 18:10:19
cad34706195f8de7ac0a8572305251c2,f28cf65c040ec0031234f04085debe30,4,,,2018-03-21 00:00:00,2018-03-22 02:45:00
e48683dfaac12efe7e31661413951d25,da28a815dd7996590e84c9e51dec1ff4,4,,Entregue antes do tempo,2018-07-28 00:00:00,2018-07-28 23:10:43
a4bfe96c27ed6acff19bb53e2b5b9700,d8e266265b5aa8df57f13a4fe58ee38f,4,,Tinha que vir com manual de montagem,2018-03-09 00:00:00,2018-03-12 17:07:21
308316408775d1600dad81bd3184556d,3fe4dbcdb046a475dbf25463c1ca78bd,5,,"Ajudem a rastrear uma das 3 prateleiras que faltou, só chegaram 2 delas...",2017-09-07 00:00:00,2017-09-11 09:58:09
1ed01e8f777018a33227be5073a82e8d,67d760ec323d2c9f0292ec4cdafc676e,1,,,2017-11-15 00:00:00,2017-11-15 21:13:33
f92380d942e2282df9f23bfec1c6e518,dae97a1f0f8cafc4d646231f0d04fd88,5,,,2017-06-21 00:00:00,2017-06-22 10:30:12
18ad11dd1dfa363a0afb099313cf2526,815870a80fd96370919e0d7d0d117412,3,,,2018-08-30 00:00:00,2018-08-30 21:25:47
693c94dd792f17513c5f9e82ebda9bc6,c4a8083dac0f37da8bdc5db37c89bdcd,1,,,2018-05-26 00:00:00,2018-05-28 20:19:41
6b66674930965f79a0809e99ac9b9d57,7533138abe254f5d3856101e4a21e5f2,1,,Ao comprar consta como disponível. Após concretizar a compra e debitar o cartão . Consta como indisponível. Foi enviado vários e-mails sem retorno. Nao confio mais na americana. Com,2017-12-02 00:00:00,2017-12-02 15:53:09
43e9279b8c4904c42a17664ce650063e,4abc7b5330425bcf9c2f7f48151a88c0,5,Ótimo ,Nota 10,2018-08-08 00:00:00,2018-08-11 04:24:06
5d0915e582f5c74ae4e0c54ac8df47b4,4d2c3fb1909604d5f9474e4675971ef2,2,,"Comprei 4 kits de saquinhos para sapatos (cada kit contendo 10 unidadess) e no dia 15/02/17 só chegou apenas 1 KIT! Liguei para o correio, eles disseram que não era com eles.E vcs nao resolveram tb",2017-02-16 00:00:00,2017-02-19 12:27:49
a0188a08cfbee9a3a7fc5b1add6496ac,df413df02c32f319cb51828513261aff,5,,,2017-11-07 00:00:00,2017-11-09 15:49:19
d0f81de2ce70e0f3056abc77ab56087d,ca843d205ec288c96c0133bc678c44e8,4,,,2017-12-07 00:00:00,2017-12-12 19:25:57
bf6db8b0ac29fcfdcf1e54673f32aefd,0f32b97a3ceaa816f0ffa6af3ca4e0d6,5,,,2017-11-29 00:00:00,2017-11-29 10:55:33
661315e416e6bc1e07ad62c9bdb44bf2,d9e98b1f6961932f22bf340d0153bbad,5,,"Esta pareceria entre a lannister e as demais lojas foi muito bom, pois veio a contribuir positivamente, facilitando a relação de compras entra a empresa e seus clientes.",2017-10-18 00:00:00,2017-10-20 17:36:07
27e941b38898e835949dbeb80184f4c3,62d3014a7e5b4f51c5f2bb713775aada,2,,"O produto veio inteiro e esta em bom funcionamento, contudo veio acomodado de modo muito arriscado e suscetível a avarias e etc.",2017-05-31 00:00:00,2017-06-01 14:56:28
ddca2624a2c1a8317c2360e2f352ee5e,220f16b082fb12df459a193b4bbf9dbf,4,,"Entregue dentro do prazo. Porem a capa é meio desajeitada, no meu sofá não encaixou certinho. mas ai vai de cada sofá.",2017-04-01 00:00:00,2017-04-04 12:07:11
64c4f5f9c8c1093f26e29d0639581b21,beff38e75b4e29421672a5a3a531bf28,5,,Ótimo produto e com entrega rápida. A loja está de parabéns. ,2018-02-10 00:00:00,2018-02-13 17:22:52
eec6f78441ddf3e134676eb2446fd73a,c97b6271a445cec849420383547b34da,5,,,2018-08-14 00:00:00,2018-08-15 10:17:53
62586c6e645f1963ea387321f7236159,6abc9d4c7489e1be689ad1f068af8c31,5,,,2017-03-25 00:00:00,2017-03-28 20:44:52
9267fe6768cb10a9c410bc1f9f806c92,0518657f142278ad13d645c6b5b0a669,5,,,2017-11-01 00:00:00,2017-11-03 20:50:48
f4cf759f40ea978ad736f00a5d39e50f,44d2ec7f124befc9d02cd313f1af14c5,5,,"Perfeito, entrega antes do prazo, recomendo.",2018-08-16 00:00:00,2018-08-17 11:18:15
eb301c2cf3271ce8af7fe5aab12e4e70,dc87bada73c00ce3e2e2c2b985c9c647,5,,Recebido antes do prazo estipulado.. obrigada,2018-04-21 00:00:00,2018-04-24 11:14:29
2c486fee89cf8bb182601b03f2b2e909,5553543e89ef381e4ff08f6b91b94690,5,,,2017-10-31 00:00:00,2017-11-03 11:45:33
79d6ddeea2dfd5d8973ddfd4bad9cf5b,63d924357f70228a8bb5713b68d3b656,1,,"quando fiz a compra paguei o frete,tive que ir pegar nos correios falta de respeito na hora de vender vcs aceitam depois temos que ir buscar ,não compro mais e nem recomendo.",2018-02-17 00:00:00,2018-02-19 20:23:34
caeb230e72ee07cc4de673fdc9d1e11d,2829feee3f2a5c865f84cf4efb8df48d,5,,,2018-05-16 00:00:00,2018-05-20 23:59:32
b74d391d225a284210db00929a8adb1c,42aaabf39b810fa0a3390fe791dbb880,5,,,2017-04-01 00:00:00,2017-04-01 21:04:36
805da96499ef9c9c33f6c4330abdd764,0d4947e726ae3959a6cc28979ab632a2,5,,,2018-01-27 00:00:00,2018-01-28 15:50:42
1089aed9093fac9ffa47b4d57e970c77,79e843f791612177a6bb9f948f96f904,5,Excelente compra.,Site idôneo.,2018-06-21 00:00:00,2018-06-21 23:22:30
2467b817d7baf1869934b139b97c5d3f,114b220ff080617e99d21cb8549b7433,5,,,2018-07-07 00:00:00,2018-07-10 09:11:32
a2cbb83819589f2526f9276b40c29088,1f453524ca7946b73a175299b82a66c0,3,Ótima,Mesmo com a greve dos caminhoneiros chegou no prazo,2018-06-08 00:00:00,2018-06-09 01:45:44
16ab2fe39f3b8604f473443d41e29f1f,f19b9413f2deb98fbb76c8f57ca52a95,5,,,2017-08-04 00:00:00,2017-08-05 19:05:16
6aaa6500d771d5bc6627f1c2bcdaf9ce,f6ca2b9e738276a523e65504634a762d,5,,"Satisfeito, chegou antes do prazo. ",2018-03-20 00:00:00,2018-03-21 04:05:36
007212b1303d5f6b6207d9143e5a668b,bdf2232a3cc316d1649fc8faabec0f21,4,,"Entrega no prazo, obrigado.",2017-12-15 00:00:00,2017-12-15 19:36:41
c5767ad0830baa9e28e6381130754901,bcc4d7b9422f45610ec4008b5012e842,1,,COMPREI UMA MOCHILA DA MOANA E RECEBI DA MARSHA. QUE TRANSTORNO...,2018-01-18 00:00:00,2018-01-19 09:21:37
15b77f3e3cc4cc84952c66eed1333ee4,ac40627fa08c6c47cdb3648f3e14901a,5,,,2017-12-14 00:00:00,2017-12-14 18:07:50
4420b6b8ccc73b9dbafcdba69dbf0982,579c04f647cacb17047677baa1282eaf,4,,"Produto correto, entregue no prazo.",2018-04-04 00:00:00,2018-04-06 21:02:54
1de5a6511d03fdfb910d7bbcd3e152c2,db70f8a5634ca9a20586be3dec6ad653,2,,Estava marcado um dia para a entrega e não foi cumprido,2018-08-12 00:00:00,2018-08-12 12:36:25
5a2674cb477bab66c6eacd0589540dd6,6a0ac163171ef70a5386eae45e6a799e,5,Dispenser d - muito bom ,Produto de boa qualidade,2018-06-07 00:00:00,2018-06-18 13:22:13
0063ca42d0dccf5e41391cd90941f9ee,e1bf61ad2edc26abb98c7d7f4a8dc47c,5,,,2018-05-04 00:00:00,2018-05-05 02:30:06
ecf9fd44416d5006776c3ad0e0f774b2,e3143ad1af7d0f2878a66a1cd565e4a2,5,,,2018-03-30 00:00:00,2018-04-02 14:57:21
bb0b4445ab35264189ce2c33cf8c83aa,54c4b0926f9b4aeb54164306d1374e8f,5,,,2018-01-17 00:00:00,2018-01-19 21:17:28
1fc2b5aaaab80677e5d475ac52a62d68,b3d71a2000f053668c1baac73b5fe4d7,3,,,2018-08-04 00:00:00,2018-08-05 13:37:03
901e10393933136ce58ef02e72a9851e,49d10d709e14496d0d1d8d6cb556d2f3,5,,,2018-07-03 00:00:00,2018-07-03 20:08:11
e4bdb071895665b0bfeeb9f5c6fbd354,0ad9d4e4f4c9746b59ddb9c18d30d241,4,recomendo,Recebido antes do prazo previsto pela loja e chegou em perfeitas condições,2018-08-15 00:00:00,2018-08-16 11:10:01
434300f82ff0f6e0ee84c2ad9a7439ac,2b8707bd8d89fbfd17af1dc3373c2875,5,,,2018-01-18 00:00:00,2018-01-19 10:38:37
82e9385a920df017ff8ff25ff0fd6d66,2db84a082bda455eb1da10727e7ca621,1,,,2018-02-22 00:00:00,2018-02-22 04:03:54
fff55f5773c2169a4203a90cd63e1464,715df31025aff2a2dd08b0d8c92ee63b,5,,,2018-06-08 00:00:00,2018-06-21 13:55:13
1a7109f64ce3f8f10ae6888714af0169,45fb3f449f9ca45f89ba2d2b062e495b,5,,.. ,2018-02-10 00:00:00,2018-02-16 10:21:56
574ff7b2058b5fbb967b36ccf690c472,b77b82b683e9956ecdf55514de3d1f1d,3,,"Sou cliente stark há anos, mas o motivo do meu descontentamento é porque pela segunda vez me enviaram um produto danificado e esta entrega está atrasada. Ao tentar entrar em contato com a Central ",2017-11-26 00:00:00,2017-11-27 14:43:49
d80341aa3c93a526707cb5c1fae57e44,15226cfb3e9f4ad163d09f493688204b,5,,"Entrega antes do prazo, produto de ótima qualidade, recomendo.",2017-04-14 00:00:00,2017-04-14 22:36:34
ae288856fb6a1de8445f3e1ccf5f7bfd,241b1a5ff1d152dc47bf2093ea154edf,1,,"Eu cancelei este pedido, não tem como avaliar.",2017-08-20 00:00:00,2017-08-20 20:45:59
bbc36eaacdc8b5d25ae856796c824d19,4d1d3523aeda82887c2875955783ba2f,3,,"Um dos produtos veio incorreto, eu pedi 3 produtos iguais e veio um diferente, estou no aguardo para resolver esta troca.",2017-07-07 00:00:00,2017-07-08 15:35:15
ecea9c3cd97d6787b4abc0f90f6f136f,733e4fd44a3ef48272fa3650f48b8734,5,,"Parabéns, chegou antes do previsto!",2018-04-17 00:00:00,2018-04-18 01:18:54
e87df074513d39113a51d6b558e72248,b77c6d3c0334b27a51f220038f0ef8ac,5,super recomendo,recebi antes do prazo,2018-07-31 00:00:00,2018-08-02 03:22:35
c11aad805cadc08367ecba0fa81f1f34,c89639dcbe79b6451bdfa3143a968d57,5,,Produto show! Entregue antecipado. Valeu!,2017-08-04 00:00:00,2017-08-09 00:32:55
cca79f200b86126a86077d428a6f5a4c,86b6e717cea86f8854d74e5b1df23e95,5,,Recebi o produto 3 semanas antes do prazo máximo estipulado.,2018-02-24 00:00:00,2018-02-24 23:22:10
4e1f6d6be3ffe82538bce490e6ffeb63,15847be2cbb3423e9344e53b040ef2a6,2,,"Produto entregue como previsto. Só achei o material da arara a desejar. Material que não dar muita segurança. Tive q tirar as rodas pois sairam do lugar. No entanto como improviso ""bom""",2018-02-01 00:00:00,2018-02-03 00:15:58
c2dd2028732714abdd149d53733b8a9e,6bc8a792b7a78b27d3036a8d23b0ad38,5,,"Entrega tranquila; produto conforme anunciado, muito lindas as toalhas",2018-04-14 00:00:00,2018-04-14 20:18:37
93a0e577041ac5043c8d3bc811bd918c,f2fecc6e386231f071a5ec6438b7ede4,5,,,2017-10-25 00:00:00,2017-10-26 00:27:32
0d4393c3f51f7865f3395d66f704e474,d72f1372279cc7f3656e8253e755ee79,5,,,2018-05-01 00:00:00,2018-05-01 22:41:15
cb0afae1cc469a190970ac52d4fa2a5a,01bc343311e5b8090b64d6ab287a5cf0,1,,,2018-03-24 00:00:00,2018-03-24 04:07:18
67da38c15f8d822971a309ee17e52e34,138f041df3644d9ad82f50c67b7bb304,5,,,2018-07-27 00:00:00,2018-07-29 22:04:54
a4bf7076a97b2213caf367b4578cc4d7,40a496e18a46349487b125eda0d0c288,4,,,2018-05-10 00:00:00,2018-05-10 12:45:21
9739bda943077e7b3e52217ac59a7fb9,32163a3da27e868cf12730227576ff1b,5,,,2017-02-18 00:00:00,2017-02-21 22:53:27
c1e433d451b112d958a93c4815f32bd8,53e7de93de0f500168f10be4d3ca4577,5,,,2018-05-26 00:00:00,2018-05-26 22:46:02
d51ba1bcbe8ac5320c910e7323dd24e0,4d16edc6146d11a43b18720cce159643,5,,,2017-08-30 00:00:00,2017-09-02 12:26:07
052b924fcabc6124268aa00a0b247ae0,e1f72316055b5f5da7834780f994d6c7,4,,,2017-12-01 00:00:00,2017-12-01 09:33:38
3f43d29d8b84bc9e2b0936e532578f2b,5971f2b65e9c6f58aca350ec6674905d,5,,,2018-07-24 00:00:00,2018-07-25 11:28:04
c131b784cf9e6654f17da55ce89efa54,aa649f102949b264d3d83c5c545dedfd,5,,,2018-01-11 00:00:00,2018-03-27 12:04:28
ae5c35f28bbb2e75343f9ecebe2bd6e3,f1faa948ad7764d64dff89bdcd2b88fa,3,,,2018-04-13 00:00:00,2018-04-16 23:08:41
d7479d4a7572bdd3ab8e844609669ca2,b87287b5e32f2ab2319f41ce30055288,3,,"poderia ser mais firme,achei fino",2017-11-04 00:00:00,2017-11-06 16:39:03
2938016a07d49f44ff6f54d399dd77d2,354f93e9f4da886ed48d1add590d8d37,5,,,2018-05-12 00:00:00,2018-05-14 20:57:56
1b138ab908f4492fb05988f80f5cc908,56286095ef8730771df8d223978236ed,5,BOM,RECOMENDO,2018-04-28 00:00:00,2018-04-30 17:37:15
a94b8a3af219e00e3a2b10ab628df30a,e243d2b9a888be9451926d6053edf2a6,5,,,2018-06-14 00:00:00,2018-06-22 20:36:49
fd54cc6552489d6201c6a6542652720c,a70cbddbc05271b2103fdd63f37034a0,5,,,2017-10-28 00:00:00,2017-10-28 22:57:16
b0483ed8b133ed6d7b5a82bc854c21a0,270f5a5025de7523edbc65d690647f33,5,,Amei o produto ótimo preço atendeu minhas expectativas .,2017-10-27 00:00:00,2017-10-28 14:24:32
fc906850133b4a339e3aad7b79dbfa7a,c711d7f26c4563f427379e7ed3bfdc51,1,Não recebi até 28/04/20,,2018-04-20 00:00:00,2018-04-28 12:44:12
ab0305b0a23b66f211c7892f3c29f7a0,bd6ab28252f15e7c57f212a725aa1c37,5,,,2018-05-17 00:00:00,2018-05-21 14:10:25
572c51e1d7cb67efac4b7c4c10925f02,3ca18df2135c0a2602ea7d0e9bf8cb03,4,Produto conforme anuncio,Recomendo,2018-05-04 00:00:00,2018-05-07 18:29:55
6105bca857219b5d92f35fda751a350c,d884aeded7a463f237549f42945b729c,4,,MUITO BOM,2017-05-30 00:00:00,2017-05-31 14:45:31
dacd2e5e526d498a99465c40d18e62c6,47c1158d35b8d9f0453d5f2ddbbcb3b0,5,,,2018-08-01 00:00:00,2018-08-03 18:18:13
ba00e5ad15f190865cee15828f8de640,df49de84ab3bc9177615784feba35c12,5,,,2017-11-09 00:00:00,2017-11-09 14:37:57
2424d0b7d5e8f6f0c8311453a8d718cf,ce8a790838d6b4304ddde9481438c679,4,,,2018-02-08 00:00:00,2018-02-10 19:25:21
9d210304c3bf9350cefedb659e3e75aa,f05061f4489d31233011621bd07caaf6,5,,,2017-11-19 00:00:00,2017-11-20 18:55:08
bf63ff237a142391ad4aa1903cf23bf3,0fe66ba925b98652d484ad6af89402e7,5,,,2018-02-27 00:00:00,2018-02-27 23:09:05
c02cc6540599cedea3c698de37ff9729,8705d42adbcd3182c575cdf862302836,5,Não estou em casa,"Estou em viagem, por isso ainda não recebi o produto.",2018-07-03 00:00:00,2018-07-03 18:33:54
fcb4b90f0c5824d59c8b7fdd3014644a,9955a2f7fc38c1b21be304e49f22e58b,4,,,2018-06-23 00:00:00,2018-06-24 15:16:33
af1ae39d6f03729f64e9b71e140be96d,1f6ddbae00fc6acbc0457caa5fd89ad1,5,,,2017-09-16 00:00:00,2017-09-19 03:17:01
152f4bda546bdf58be10217fa7e1786c,7d5ba597429574dce3200b4b20686641,5,,,2018-06-23 00:00:00,2018-06-26 12:21:43
d665f6c0cdd5ccdf5210cfa526760820,67528c4b8b629d9cbb51da492c6a9ec4,4,Show,Chegou antes do prazo👍🏼 Muito bom ,2018-07-27 00:00:00,2018-08-02 21:07:49
100458c810a341d2b19eb3a0fad4966d,6cf30e050336c50f368c34da13c9e6a2,5,,"A entrega foi feita antes do prazo e tudo corretinho, além de que amei a bolsa!",2017-06-13 00:00:00,2017-06-16 15:13:16
7b9ff44da27efb30ccd7e94490185750,d0e7875fcf8fa009f5295ad397fc7e18,5,,,2018-07-26 00:00:00,2018-07-29 17:04:27
13ed63af43bdec2de422fa2ddd497185,eba24b2dcc75d6fb248e917715a425d5,2,,"Preciso devolver o extensor, porque não coube para fazer o encaixe no meu portão... eu havia comprado no mesmo site e tomei o cuidado de pegar no mesmo modelo, mas era totalmente diferente. o que faço",2017-05-11 00:00:00,2017-05-15 12:49:37
c381901d45fa856f08b0fb46dc79c100,2e95926835baa8ca4f74e2602a69a84e,5,,,2017-05-18 00:00:00,2017-05-19 10:11:44
d01b8c2ee14bfd2cf310f2dacb492bc3,ad87776df87aa84719c1be3456cbbf4d,5,,"Produto de qualidade, bem embalado, e alem de lindo.. Amei.. Entrega super rápida...",2018-03-09 00:00:00,2018-03-10 01:07:33
387e4fb00c3823fab25c25d4446840a7,4ae41a4932898dbf49f39d10745ba16f,5,,,2018-08-22 00:00:00,2018-08-22 22:58:50
422d6120dd528cf1bc3457bbb55f342d,f26fa27bb0f1337c570d70e32fc2e413,1,Recebi meu produto com a.,Olá boa noite recibi meu produto com à cor errada. Por esse motivo não recomendo à Loja.. ,2018-07-25 00:00:00,2018-07-26 03:22:46
0412828492f4450436e7feb2708dded9,431e57fb445e35e908a2d4867bfc9b27,4,,,2017-07-29 00:00:00,2017-07-29 18:31:27
10aa4728147a087ba4bd96b3543ab9a0,17a4db677e57484f24eb68217b8de4c1,1,,,2017-12-08 00:00:00,2017-12-08 10:30:43
ecaedd91141c26f8f2d350a6bde8b6d5,9bc38db4ef1d6f4fd1844e03b30b843e,5,,,2017-12-09 00:00:00,2017-12-10 02:13:35
8dda028c0554c725f83c981661315957,5fc25db83662b2660bd61440ba3ec9b8,4,,,2018-08-07 00:00:00,2018-08-09 20:44:49
bde00e65e166bd68a4d229b512137b4b,2695c625c0969a576dfa8a6888fd04cd,4,Produto bom,"Gostei do produto, vai ajudar no adestramento do meu cão.",2018-05-24 00:00:00,2018-05-24 23:33:26
a72a224447985e6edd3c218973b2708e,966d900084ff48f38516ba0a9bd50cfe,5,,,2017-12-15 00:00:00,2017-12-18 11:32:18
44c6edd161f3b16efd8f3796b4a01840,32a1deec544b7ad8e44ba2e87dfae1a9,3,,,2018-06-07 00:00:00,2018-06-09 07:54:20
f621eefb2bd3de19a6dc4ce507e7a95f,8cf0f8036fecc83aff5f07f4b5a4db55,3,,,2018-05-09 00:00:00,2018-05-10 14:35:37
2415c46270ab051d58c519f1f6765d94,6016370c0d4a0da9c57394f85d9d11d6,5,,,2017-11-09 00:00:00,2017-11-10 11:22:58
4ffe095a1641547b1a7483e31526e253,2d4725d49513bce62ea366e8f0e213ed,5,,,2017-07-19 00:00:00,2017-07-19 23:32:09
966c1eff62aceb8ec5e28d53b757ae7f,9f9df59d8852ad5630e576aa48249c26,5,,,2017-07-22 00:00:00,2017-07-27 10:55:03
6830d44c1e2f20aefb93f7ab0acd1bef,46b7b64f475329c65fb18b99c7fb373b,5,,Excelente trabalho,2017-12-27 00:00:00,2017-12-27 19:40:06
d040cd1b42f439d75af482cef3cd5e55,4e6d546fa72049694bdc912c60fc4953,4,,,2017-11-24 00:00:00,2017-11-25 01:05:46
e4c451cc55e6e469e067266dc474fdfc,36534fe142509f207606ad15c006b7dd,5,,,2018-08-16 00:00:00,2018-08-22 00:58:40
b87c77c6969c546eb0079cd3c8f2ca7a,e1621bf755f6bd6cd7a8969768f6b2d6,4,,,2017-10-07 00:00:00,2017-10-09 01:35:06
97a5daae50989afbd90188c7d53bb758,0eb80d59f694ad72634241a02599f64b,5,,,2018-05-09 00:00:00,2018-05-11 20:02:45
70ce7ddd6ff7a4fb442311a3a4dc3e01,3369b9e1711af775c57b7ad52baf8017,4,,,2017-10-28 00:00:00,2017-10-29 10:36:55
af88aa8db8044fa0e56922e5d0974406,76149a98fb53f831f6aa676c3193ee0f,5,,,2017-06-23 00:00:00,2017-06-24 01:22:02
318acb890d925e54ad92ec7c6299464e,ec5cf2317f5141a62836da8e71586eb6,5,,,2018-03-27 00:00:00,2018-03-28 01:58:27
a59193f4e353c6a6129ba9ddaba2673c,ed4a172213a7200e76de6bc76fc586d9,5,,,2017-08-19 00:00:00,2017-08-20 01:53:53
9126363082ee965a17e8ccbe7d26ce09,ac2a626df847783c310f77108af182ea,5,,cc,2017-12-29 00:00:00,2017-12-29 23:57:25
d466b6a5aa6b4f9a603c402644d86467,dcd05d9cb9629d8ee695cc3f2e030bf0,5,,"Gostei muito vale apena muito certos um grande abraço
",2017-10-20 00:00:00,2017-10-20 22:14:38
af31ff6a1035042ce17d116b8c44bd53,bd5d8e4ebcc034472954de8f591cd151,5,,,2018-08-15 00:00:00,2018-08-16 17:48:52
2068f01ae18501355f81fa4d84df4ffe,eb6b32a82d2459d0ce7f2089f9eba0f2,5,,,2018-05-08 00:00:00,2018-05-10 13:00:04
ed3bc676a14ae463db0db5817359cb89,85031edc7b58dbec75ff2e24d7365e13,5,,,2017-03-15 00:00:00,2017-03-16 01:11:36
5f0428a03442ea31320367014dc51a50,0818699476819463109688475b808343,3,,,2018-06-10 00:00:00,2018-06-11 00:57:05
10a56938fd5f906235493ae7c79393a6,1777f6d0dafb34a24cffac1c7ad5d618,4,,Depois achei mais barato em outro site,2017-11-08 00:00:00,2017-11-13 13:44:05
fb64d281187bc998c503787238f9a56c,4e78c8e6f00a4ca7409db04227837738,4,,Boa,2017-10-24 00:00:00,2017-10-26 14:42:21
ff347bbcee689f60977e5935e0ca8bf7,aee4a272cfe5c5e7d83360d9ad2206e7,5,,,2018-01-20 00:00:00,2018-01-23 00:03:43
75cc245b0858ab65bd1fa88eec57d394,dbd8e1a6d62bae210e6a42ed8bcf8d39,5,ELOGIO, SEMPRE QUE COMPRO ALGO NO baratheon OU EM SEUS PARCEIROS FICO SATISFEITO,2018-06-19 00:00:00,2018-06-20 23:18:53
1c07c605993cf0760534628e40206cfe,ba8a2682e4b170d1b0f4f3507c2dddc5,5,,,2018-02-15 00:00:00,2018-02-16 10:05:49
d91307e17eebf8d1d920a2eec2a2392b,10870ce1b8fbb2c59df2c544b74d1b54,1,,Produto entregue não confere com o comprado no site,2017-07-23 00:00:00,2017-07-26 21:52:30
47a9551fb3f277ba0c5afef69e32ddbb,1508d47584249ae1045eb47cf1653ded,5,,,2017-10-26 00:00:00,2017-10-27 00:29:29
b8f79fe5aae72e2bbb3874760f6d5881,f5bdbbff47c740c2cca90305841220a8,5,,,2018-02-21 00:00:00,2018-02-22 09:20:58
2b32d8d189029638636c407a818ae39b,8dd212b37ef87381b34684de2200d25d,5,,,2018-07-13 00:00:00,2018-07-13 22:45:46
35c7207196a522f0c5b86944bacf1585,63252822ecaf7648b1528bf6b64fd25d,3,,,2017-03-08 00:00:00,2017-03-11 15:23:44
e00584508b22c63ed41c8a04ca75dc71,91db217544d0eac98354b11f2f35abcb,5,,,2018-05-15 00:00:00,2018-05-16 12:15:49
587bf11f78c57bdcaede579c9b387362,5feed08e8f66735ba71592e68d15a602,5,,,2017-11-04 00:00:00,2017-11-05 12:25:54
3e20e1be39bb88b801b2047fc7ec0be4,34ed8b79fd1d5c5550059a18277cf3fe,5,,,2018-02-23 00:00:00,2018-03-23 00:27:58
03a047ebc544e597b4e65d8808b586dd,ffe4972089425f7752aad086a7fdce28,1,,Por enquanto estou no aguardo da troca do produto,2017-08-31 00:00:00,2017-08-31 21:49:19
429517c95fac66b694dba1b9d1a236c1,d1373152bf63d51168f41cbeba3663a8,5,,,2018-03-06 00:00:00,2018-03-07 00:35:18
b6ec667265d4f76bba5d69f4966dcd55,33d6fae0e702308c1b1c332b45653b71,5,,"excelente,chegou no prazo certo",2017-03-22 00:00:00,2017-03-23 01:22:15
d205cb34328bfd9e260d522a91617b1e,86f409689bcc6848577f53fcfa1154eb,5,Recomendo,"Entregue antes do prazo, super recomendo! 
",2018-05-11 00:00:00,2018-05-14 20:07:12
a6c39bd044422faef7531ba4052ddafb,bc250fb00c3c49af75ff964a4d987d6f,1,,Não recebi ,2018-08-08 00:00:00,2018-08-08 22:21:49
4e6e4fdbc34f24b21f2b66025ee7af71,4dd4745f66dc08de8b825edf6155ce4b,4,SIM,satisfeita,2018-04-24 00:00:00,2018-04-27 11:18:07
d733618a1d2e550024ca416c715dbf9c,722e7452a1ac677a58f6ad6ed2a94420,1,,"O produto chegou errado, estou aguardando retorno.",2017-12-14 00:00:00,2017-12-18 12:07:26
c095c8f7ff4a125caf15e064cd8424e3,981222fe88bbeab39c6ca1fa7bceba4c,5,,,2017-12-05 00:00:00,2017-12-06 09:34:43
f6a4741267cc97931b8198d5ca50dd99,51149ebc2ec1ecbf8a2503fd49753259,3,,O produto tem que vir com os parafusos para fixação do mesmo na moto. Pra ser completo na questão de compra sem ir nas lojas físicas.,2018-03-12 00:00:00,2018-03-13 14:02:00
b1945c9e366fcf5a921a54e4263b881f,0ac83eb5438f811c9d825c0a059a0f28,4,,,2018-03-21 00:00:00,2018-03-23 22:31:15
7d1bf87095224ed36e57cfdc77b6b342,6f7390ae95a89ea985e0d81b189e96d5,3,,,2017-02-11 00:00:00,2017-02-14 09:33:30
9a7df3dd5d627fbea9f21801cdae60bf,f97038209977e4fcbbbb7ca58e55bc1b,5,,Produto de boa qualidade e a Loja Americana entregou antes do prazo.,2018-04-01 00:00:00,2018-04-04 12:07:47
18bb7203e831fa93426938b1c521f7d9,31b82ff746d73aeab9bc070c10156273,1,,,2018-05-19 00:00:00,2018-05-20 15:48:11
22fc75395a6d93708119e86955b8ae81,28da718adba0d004199488ce3106152a,4,,"Fiz a compra da mochila pelo site, o processo de envio foi rápido mas os correios deixaram a desejar, pois o produto chegou depois do prazo. O material da mochila é muito bom, ótimo custo beneficio.",2018-01-09 00:00:00,2018-01-10 00:58:59
6010f9b986dbef9ff3bac7f69c09a445,40237bfdaa849b45bb6dc75be63c3abf,1,,Estou esperando meu produto que não chega está atrasado e não consigo falar com responsável...,2018-03-17 00:00:00,2018-03-19 11:55:25
ac595bb363215e09748fe2527d430847,971255ac71ca5ab5eccc94b177e081c5,5,Excelente,"Entregue antes do prazo, com qualidade e como especificado na publicação.
Recomendo.",2018-05-15 00:00:00,2018-05-16 10:54:40
ee9210128e9071190196956a76fba623,387c2c33e495538e94878a500bf8e6d5,1,,"O material não é muito bom, e foi entregue com a almofada, com a costura toda torta, não parece que é um coração. ",2017-05-10 00:00:00,2017-05-14 21:57:30
df47f4e9ec6b04f894c25f83d2458685,2f8eea85236019981baf4408c9123ff2,4,,,2018-08-07 00:00:00,2018-08-08 21:43:09
c92876be749e2da2ddeeece8fa6eeb9e,56ee0507f806ad1a079e2905d5beff09,5,,Produto veio embalado cirurgicamente !! Muito bom,2018-03-18 00:00:00,2018-03-20 16:01:58
68ea58a4d447939f8e5428e13b5b7651,75e7e33e52d884da90b436ae1da13be5,4,,,2018-01-16 00:00:00,2018-01-17 11:58:32
c0f530114b5d9d3916a04fb2f6696028,1cf9fb7308beb8ef95005967f336cefb,3,,"APAGADO FICA ESTRANHO, MAS LIGADO FICOU BONITO.",2018-01-10 00:00:00,2018-04-05 04:23:11
31a6c50e4f65e71ffb6c99f31bdaca26,5ad82a9fb12ff34f8883ccfaddf3da4f,1,,meu pedido nao veio comprei dois relogio branco so veio 1,2017-11-01 00:00:00,2017-12-20 15:01:20
046602d1df702fb864b3401676106c2e,528b401a2474f3a33a3373be7a77a0cb,5,,,2018-04-22 00:00:00,2018-04-24 22:11:29
86dd062c5ada2f0d43c725e6563bd8e4,e20a706ac55f135718368acf3c333dc4,1,,O produto não funciona.,2018-08-15 00:00:00,2018-08-18 17:25:11
5e45448c66b9c664006ea6829360b9ac,63d8235747e25f4b65895e91ff64d778,4,,Ótimo produto,2018-04-21 00:00:00,2018-04-22 02:17:31
370aee3f0da25921906d1c643416c565,7870e4898f865975acb43fb1c282f4d3,5,,Muito obrigada. Chegou até antes do prazo. Muito grata,2017-08-09 00:00:00,2017-08-12 10:00:25
8d732a3a84fed74c1f6d6459b0cf5466,9751ad9e269564b0b79cc17a82fe06c4,5,,Sempre que eu continuarei a compra nesta loja ,2017-11-24 00:00:00,2017-11-26 19:30:31
9f0292ddc388ff24bc019780ab6fa8db,7d1ac7d65c6b5d59a9ac241fa41da57d,5,,"Ocorreu tudo certo,tanto o produto quanto o prazo de entrega..
",2017-06-30 00:00:00,2017-06-30 21:53:31
28f4916cccacd0d91bf4909bb9663600,3521cc9e135966413d4c3eb1a212e19a,5,,Do jeitinho descrito na propaganda. Eu recomendo.,2017-11-26 00:00:00,2017-11-26 16:28:31
14ee1990f37cc7df9c78618992d52cc2,cb740e05716c376f1e99f0509fad75c7,5,,,2018-06-26 00:00:00,2018-06-26 20:00:47
12b603d498868605d23129b81416a455,2b80bbe860a78a5c399ce50fd730c376,1,,"Meu produto não foi entregue ainda, espero que seja! ",2018-02-25 00:00:00,2018-02-26 00:57:39
6bfd371f70e68a2a65f275be5a20a8c2,2d48a0bfbce1c7340ddc2571ed138bd5,5,nota 10,"CHEGOU ANTES DO PREVISTO ,TUDO CERTINHO OK !!",2018-06-05 00:00:00,2018-06-05 21:10:59
0b62f349f971d93cc42d1d1e940c43b0,742aea07dd8f1cc25098f44089301a0c,4,,,2018-03-29 00:00:00,2018-03-31 21:17:45
6e0aa1e1ab7c533224d933fe5606d539,8adafb3466daa5395694d3a906ff9d40,3,,"Recebi 5 anilhas, faltou apenas 1 de 3kg",2017-02-15 00:00:00,2017-02-16 15:24:27
48ef123c84ed3581cdb78c417798ede2,629bb9d04c91f3a7d95a5fe1432ce47b,4,,,2018-02-21 00:00:00,2018-02-27 17:01:30
ef4011f6a6305ca65140481b1baa93a8,3d7264091d686b71e3250b37f6ea6f07,5,,,2018-03-03 00:00:00,2018-03-06 00:40:10
7968fb23803c69d0dbb64ddc0e6637ea,6fd39a1adde54d0a5e6fe5ddc6c8784a,5,,"Chegou antes do prazo,igual o da foto adorei.",2018-04-20 00:00:00,2018-04-23 03:38:43
15b0f031576ab4f71830c3e3e6a0d1fe,6c51f58aa6e93a65c7002b68ba2806cd,3,,,2018-02-26 00:00:00,2018-03-03 21:50:46
2d055890a7f4c330e2841ab84b37aa0e,15d4f841b96cfb3f782523aa7a562b9a,5,,,2018-01-13 00:00:00,2018-01-16 01:06:07
deab905e4146b76ac54398ffeb6a4f1c,ded4e6e4d721200bd599d81e5b29901f,5,,,2018-03-10 00:00:00,2018-03-12 20:14:06
fb107e440941b6378db96db3d15e1a73,9ffdb44f6b79111e57d86b61146fba23,5,,,2018-06-22 00:00:00,2018-06-22 10:04:15
93520cb587a59be7c8923b2be18aff85,1dfe1249fb9a3871f918c37f1e5f68a6,4,,otimo material,2018-06-29 00:00:00,2018-06-29 22:56:17
e7c21f3af08beb71dda3f614f2a730ef,e0942435c7d11eaa9417d35a47694b1d,3,,,2017-06-01 00:00:00,2017-06-05 14:33:30
beefeeb6bbe174d9c5d6ee3daa7e036a,faa4ccbf5f173ece3de4cc37664ece62,1,,Tem 17 dias que estou esperando a mercadoria e nada de chegar ,2017-09-27 00:00:00,2017-09-27 16:12:40
cbed3b30debbbc95db8cc88c7c040139,9e97400ef316f1d0209aec475ab50554,1,,"Foram 2 pedidos
1 não chegou
Aguardo",2018-03-18 00:00:00,2018-03-20 03:35:54
408c085b9610544002d03c37756fe5eb,9bbb33e6918e2064e479c9bbeb6db909,5,,,2018-06-28 00:00:00,2018-06-30 17:54:01
76a1d2782f63b81646978a0d026f6adb,42a64eac09d0a6be5a307753093d45e8,5,,,2017-10-27 00:00:00,2017-10-27 17:14:30
a4ccea58df3ba68cfb00f725e9fe2423,0c87dd1621990a460672f431810cb35c,4,,,2018-06-20 00:00:00,2018-06-28 22:27:04
741fec39b3443e1b7e10e0a77215c7a2,9a768a8d504ada830b38d678f12d972e,4,,No prazo.....bom!,2018-02-24 00:00:00,2018-02-25 11:47:42
84ebbd8de64d5ee1a45f04e6cecfa42c,c9a9cfcae27293ffcf7a40ce1e34f18f,4,,,2018-08-08 00:00:00,2018-08-09 07:42:39
3ac055e8257df9d0ecb935a6ef653767,31995e0e4e63c77d8f5cf8970cd39a7f,5,,,2018-06-23 00:00:00,2018-06-24 23:55:40
f1f1dcaaa157be564ae13aa803316688,4bad794236d71eada0390ce3edb591fc,4,,Dentro do prazo,2017-09-23 00:00:00,2017-09-23 21:50:46
ab05550bee6699840a981a8db793c652,06a9ff8c19b2d371a45c48568283929b,5,,,2018-02-16 00:00:00,2018-02-16 21:13:42
83bfcbb0ff288331f17633df5c745a69,a0c1ac2d2b7ee099ba14b612a76b6187,5,,,2017-09-09 00:00:00,2017-09-10 00:35:11
678767deca2a1a5d1cd90ca3d6b9b5e2,9d241238f3827aced623154ace551dd9,5,,Excelente na compra no pagamento do boleto bancario e na entrega obrigada,2018-03-16 00:00:00,2018-03-18 22:21:50
21d512be75c06a5677bd2b50935659ca,4781da20482e1cd01049b1f299ead78a,5,,rapido e seguro,2018-03-30 00:00:00,2018-03-31 12:18:01
28c84eec1db1978fd51d5ceb35e19c52,8b02a2a9b1ae5a5e5e840795cdc70fc3,4,Tudo ok,,2018-08-29 00:00:00,2018-08-30 15:16:59
9433496809316281ce3edab57b9382dd,de55aaef46848b1f0c47093ba2430a27,5,,,2017-04-01 00:00:00,2017-04-03 11:13:14
ab3227890412298243105b93ec362c55,c6b9d35e4e9ddeeeeb374acaf98dbf2b,4,,,2017-10-11 00:00:00,2017-10-14 19:56:16
774043ac971ccec5dd34cbd29a60eeb1,341cce59fc24a0f0cd59c5f25282b1ca,5,,Gostei muito.,2017-04-11 00:00:00,2017-04-12 02:33:12
bfa7622cb322bafc0e1db7be77f723f8,5dee8eedf4516e7562d1ec0f62833392,5,,,2017-10-02 00:00:00,2017-10-05 00:03:37
dc1eaa63250f294b3f7cc1b9cf86cd16,8f836421e8adb99ac1f8075c27949f7c,4,,,2017-08-04 00:00:00,2017-08-04 19:46:33
7c93f9e8b0b1e3a76a083381fd0d6cb5,1222dd8e203987d55f99c5552d41746e,5,,,2017-10-04 00:00:00,2017-10-07 00:06:07
8b424645905cc609366a1efab5feab8b,4759dc5cd30f8e283de04872dd5446cd,4,,,2018-06-21 00:00:00,2018-06-21 16:36:20
4857975f228e03e425260c72fb4a462e,f63534bddbd95cda0a1f281a1994a1ef,5,,,2017-03-22 00:00:00,2017-03-22 12:36:27
4b0491e86c4f31c6ccffca4d228a31f2,089099bac717ea03540251a8c02858b6,4,,,2018-05-17 00:00:00,2018-05-20 14:46:13
ff76ca1390fbe8f6f443638b5cd2250b,2d9d63715c81835d6114d3f608fd9f1c,5,,,2017-09-01 00:00:00,2017-09-02 03:33:11
9649393456887a854f15433106c0cedb,62059211790cf7661fe10443c75e8f17,5,,"Fiz um pedido de um produto que estava num preço otimo, e cancelaram depois que eu paguei...",2018-03-16 00:00:00,2018-04-06 02:55:47
1d4e6265592ab13efea438968c2ea0af,b2177e0904af2bc1e3ab8e1eecd2e90e,4,,,2018-05-22 00:00:00,2018-05-22 14:08:11
04a7bdf4125a3845fad681af9aef6e0f,110ac0768c3e3a78e2937b1cb1ea3395,5,,recebi esta embalado nao tenho como usar por isto e a minha devolução,2017-06-15 00:00:00,2017-06-16 11:53:26
c0af17e6955ddb20bae386287062569e,30a897c2be083ba0f419c5b2cc9ca368,5,Ótima ,Tudo certo ,2018-06-09 00:00:00,2018-06-10 16:39:44
0ac290997d3ef685631d7d18f41acb43,c13ac59826a76ae21dbe5b33ae83b857,5,,O produto excelente material resistente. ,2017-11-28 00:00:00,2017-11-28 23:01:08
1c903c1e01aa443710d5b31858066410,c1101a911387fc42d24230c28f75f016,1,Uma merda ,Eu comprei uma almofada pra neném toma banho paguei 100 agora chega uma nota fiscal de 75 reais quero sabe quem vai me devolver minha grana pois com americana vc não sabe onde reclama lixo de loja ,2018-08-14 00:00:00,2018-08-15 14:38:41
1f1a360d7e328fbdc81dd42416edb186,d25eb73c856b09c77cd7dd09d9a488c2,5,Legal,Vai ser de muita utilidade.,2018-07-25 00:00:00,2018-07-26 18:35:40
4823717475072bfac1cde413be589427,d170580dfcd364efdb0c94f51bac0fc3,4,,Recomendo chegou melhor que lannister. ,2017-02-15 00:00:00,2017-02-17 23:29:17
4a171b575b9fe4c503d019f0e25ff3f2,8ebbdbcc79e51da16021583a29f2ee21,5,,Muito bom e lindo! Recomendo ,2018-03-14 00:00:00,2018-03-15 06:52:32
b8604e6cebaf346d62bad9219d0c2030,f829f185f0ec92a117ee3d8c9e9ed19b,5,,,2018-04-10 00:00:00,2018-04-10 20:19:34
7015a3567694d9d33621a1a842f8393a,76c4c846aae2dae9e87dfa492c3f5259,1,,Só Chegou um produto,2018-08-17 00:00:00,2018-08-17 20:11:48
becd0ad817a219a0284b1ae090cf9af3,86af9599ffd64a39d743904daa8bdb2d,5,,,2017-12-28 00:00:00,2018-01-01 14:42:17
d8aad7acfa4af1cb745365c63b0fdb8a,d16b2207d93383dc91aa5da54cec3d0a,1,,"Não recebi o produto ainda, sabem que o correios é uma porcaria e insistem em fazer esse tipo de envio????",2017-12-17 00:00:00,2017-12-26 23:11:47
4c7dd9ccf2ab022216addbf4cc2276a1,f92af4956f690ebc9200d25029ce7c06,5,10,Muito bom o serviço prestado. ,2018-05-18 00:00:00,2018-05-21 13:16:18
9d3e9831aab3a40c096f2f23cfe69558,87d439e33701be5b1e607849115ebf5b,5,,"Fiquei com medo de não ser exatamente o que desejava, mas me surpreendi. Chego antes do tempo previsto e tudo certo.",2017-12-29 00:00:00,2018-01-02 19:18:26
c9eaf1112f022dde05be72ff59b47c86,9ac9cdfc539eaa872e8d0c652d660e6b,5,,parabéns pelo bom atendimento,2017-11-25 00:00:00,2017-11-28 14:21:49
ec036a99e994460a6858c20cdbd831f4,1feae53afbeb20695102145770b6037a,5,,Muito bom,2017-12-27 00:00:00,2017-12-27 18:20:17
392a8f41e2cf7b72a90820aa9126fb6b,ecfb623451269ac76a1469faf66dad27,5,,,2017-12-01 00:00:00,2017-12-01 15:23:21
d1c00b8ef47b374d4c36284ba8775931,f2a150c813c1eb96fd1883c1ed8fd9e5,5,,,2018-06-28 00:00:00,2018-06-30 21:49:05
7540d9d77486bcb226ae84011b53f61f,5820261a4aacfd67c653d120a4acdc46,5,,Produto muito bom e entrega rápida ,2018-01-20 00:00:00,2018-01-21 00:52:57
303cfeadd53585dbdd1518603f1303e2,6dac04f41aba0a18ba91cbe9779267c7,5,,,2018-02-20 00:00:00,2018-03-02 01:15:13
23981004bbcfe4e9136363d01fa7ee00,687e2110fd453476f1c045ce5c1a6d3f,5,,,2017-09-14 00:00:00,2017-09-19 09:31:22
34869475882b0744a95d4e899b36b47a,67d760ec323d2c9f0292ec4cdafc676e,4,,,2017-11-10 00:00:00,2017-11-11 21:39:49
b1bf1b0921fe44462feefa067d1cc395,87a831a955e30fb081a9e79b0c39573e,5,,,2018-04-13 00:00:00,2018-04-16 12:17:00
38e7ab914245e2f84080e349f5e6810d,5c7ffa6a8321eb05f96b3f941cf874e5,1,Produto diferente do que ,Comprei um modelo de relógio e acabei de receber outro produto ,2018-04-26 00:00:00,2018-04-28 21:16:01
57af925aabe51927dd1ad86de9e0ba91,1e613bb0c5a8b4b9a311d131c2564731,5,,,2017-11-24 00:00:00,2017-11-24 14:39:24
082c7cb2d5fd14af8f3088e6cff542cc,eb808f17e12419314395e5309b23258b,1,,,2017-12-02 00:00:00,2017-12-04 21:26:26
3ab396e0b51770805209fae9394b9fc8,2557cef5a78a394bcf4c079121cc3b08,5,,bom,2018-01-16 00:00:00,2018-01-16 14:14:30
01e0c593df0393b1e07564819184b771,c40180549a3a3bdff8f27b84bfff14ba,1,,,2018-03-23 00:00:00,2018-03-23 16:43:59
0a5683a1c7e0b53e725dfdc0af95218a,69bc60eaf6ebaa60161426acc2dc5fb4,5,,,2018-03-17 00:00:00,2018-03-18 23:20:09
1a6210951d47ea8df2b638a86e8cb662,ecd6c4b673e81e3ba899f65b2135ce70,5,,sem comentarios lannister uma das melhores lojas da internet,2017-08-26 00:00:00,2017-08-30 01:12:47
86d87b1d3b654241ce5685c585844cb7,bf4f937c279d6f44c375450523ee9383,4,,,2017-10-14 00:00:00,2017-10-17 14:37:24
02088d0214d536e417f715c195021bf9,df30286452a2054192bfb48c75e6287b,1,,,2018-03-28 00:00:00,2018-03-28 04:03:17
41d393931f91ea79417296574ab85423,199b954f78aa6406855014a9a935ef5a,5,,,2018-02-23 00:00:00,2018-02-23 14:22:30
83569044fd6506374dcd4e45e9cfd3c6,7cdb98b018309556c5994e4a200213c0,5,,,2018-08-14 00:00:00,2018-08-14 15:10:48
47404e8fa340a8ea8db30e63cdfe0966,a3115f34be015286911b92beba41be5f,5,,,2017-05-17 00:00:00,2017-05-19 16:39:24
de622ecbd471d6b409ad21eadbaf3088,08fb5d31021fb887ce4ab33b8cdb804e,5,,,2018-08-29 00:00:00,2018-09-01 00:13:56
7f6dd67b7b7df2504e245e9a6375c78b,8cb407154874301be08656a7fb09d9d9,3,,"muito pratica de montar, não tem um bom acabamento, um dos buracos para travar o encosto estava torto então tive dificuldade de colocar a trava, mas atendeu a minha necessidade.",2017-05-24 00:00:00,2017-05-26 12:26:44
e338c9c3b0a83b46d019e77b60cae1f6,9f33a39fe21aa7e49c58d5c16da393a0,5,,Atendemento Otimo Entrega Antes do praso E produto tambem otimo,2017-04-08 00:00:00,2017-04-11 17:09:01
4608a6201966701411b8ad28ab3fa765,30912e56cd416bbcbd9d3282e643c27e,5,,,2018-07-31 00:00:00,2018-08-01 16:10:16
073537c4ef29889655c66efb36e94510,d11fc5b9e5bf7a0c4ce41b04a59f0154,5,,,2017-12-22 00:00:00,2017-12-23 12:54:24
f54b5fcd39c2618cd50d156ec1e40973,3675f490195ac2070f7f45581da241c9,4,,,2017-12-06 00:00:00,2017-12-07 10:29:58
7c4c2d10a57d4aab58a570a5a8ac9f2c,e269b2472c0546324acf4d09dd7acfab,1,,Gostaria de esclarecimentos acerca da entrega que está em atraso ,2017-12-20 00:00:00,2017-12-20 09:27:06
417982bcc5bd011ef76a77069929c826,a144aa25d9d14f25ee9f3ec4118e5517,1,,,2017-11-26 00:00:00,2017-11-27 20:14:47
0ef00e946b06956073dc36679a039536,9b8f6a6ca0b17d35ff480e9a2ad8b7ed,5,,"produto entregue bem antes do prazo e de boa qualidade, recomendo.",2017-05-04 00:00:00,2017-05-04 21:42:43
1123b4f0d4e47deb5e5898e5e7e03ff6,d5ca15179b0ee9c4d3720776ad896416,4,,,2018-07-25 00:00:00,2018-07-29 21:59:34
8b9c20a773458cb2677630794d2f43d8,0aa1d9509ae8e0c76c03ad7ba91dc81a,5,,,2017-05-26 00:00:00,2017-05-27 09:11:25
8138e27c26dcc5ca6d19ad069df62861,b0687213cf67e3c3aa0fc89237bc79b6,5,,"Bonito, resistente, bem acabado. ",2018-04-07 00:00:00,2018-04-08 13:02:51
f21acfc3a8ed8f0d80ecd1cd0a0b2a8c,31b7099f02dfb1ef54bf9b3c44aaf417,4,,,2017-07-15 00:00:00,2017-07-19 01:20:16
e8d1bc0188ba7974e847024cab472cdb,7678a9ec36abfc35527725816936da8e,1,,Não foi entregue o produto .,2018-04-08 00:00:00,2018-04-09 22:47:36
776322716dcf071790e80ca840e1ea3b,922aeb0ac07d644471698222684ea285,5,Recomendo,"Produto muito bem embalado, sem nenhum dano à embalagem, rapidez de entrega, demonstrando muito profissionalismo. Gostei!!!",2018-08-07 00:00:00,2018-08-08 17:02:43
938a61beb270ef1e023813b73378f65a,3d0a2787777e731001936c8a443b22fb,4,,,2017-10-11 00:00:00,2017-10-11 23:26:20
eb4284d271049060a05298a28d807087,4a99025f5af0af1eb1b6602980ae4a82,5,********recomendo,"Após chegar, realizei o uso nos pontos de indicação, a paciente teve qualidade de sono que não tinha antes.",2018-08-03 00:00:00,2018-08-04 01:49:38
81d037f3c671f9525b78ca27359034c4,02624f7cd7272b3e027320023dbdc99b,4,,"O produto é de boa qualidade, muito bem feito. Mas é um pouco maior que o tamanho descrito, fica um pouco grande para 15,6. Sobra dos lados mas nada que não dê para usar",2017-10-26 00:00:00,2017-10-26 14:41:01
b55ecff8f35fb74bc0b38c4c995ae21c,0f2feb76d52c8e1be73daf8769a393e8,4,,,2018-01-26 00:00:00,2018-01-27 01:10:07
ad3e5fffc5bed4ae1b2371cbd5e98f7a,dd0873e10bd3c63b350df2fb55bbbfb0,3,,,2017-06-29 00:00:00,2017-06-29 22:08:03
d541a179e03fe3597a2d67d6cee1dff0,45f538a7067ec91ebf71a1bc95a63be4,5,,,2017-11-01 00:00:00,2017-11-04 03:36:37
f6a856dbc72d2a8bb09d860da9215545,3ac745c240dae78ad2e1b9e191e92143,4,,"Pagamos frete para receber o produto em casa . 
É mt chato ter que ir nos correios para buscar . Nem em área de risco eu moro . 


",2018-02-01 00:00:00,2018-02-01 17:25:34
9610ac7eabcf1bee94affc418bd757c2,1b151132de254c39a49f595684c80b41,5,,,2017-11-15 00:00:00,2017-11-16 01:10:14
aabe3b89b1c4ab4cdb542f9d28d71c9e,168181560f9cbee863926c0d0957c56a,3,,,2018-08-09 00:00:00,2018-08-11 19:49:01
1833f1d732826f87376588249f293151,b044b08867cd3b1d69a4b3c372321557,5,,,2018-06-10 00:00:00,2018-06-10 21:05:18
a436380290f3774c23ea769ea4e61ee8,71119930004c36d94916e3674d12741b,5,,,2018-02-27 00:00:00,2018-02-28 12:30:06
be747dea4b76cbf0068d7570ca791219,5361ae7742cca11bdce02eba111d345a,5,,,2017-03-29 00:00:00,2017-04-03 00:01:08
fa905c32b88636fe40439dea2adcdfde,b36dde30ca62faf042ac4e3f001b9c04,5,,"ADOREI COMPRAR AI, COMPREI 3 PRODUTOS, UM CHEGOU, AGORA ESPERANDO OS OUTROS.",2017-12-06 00:00:00,2017-12-07 10:30:26
c58021a3ebd39b50c781ca6772ba2f02,0343fa2096b6d04743321f9b9f62c1e0,3,,,2018-08-25 00:00:00,2018-08-28 03:13:44
ca575fd5d40fdf76442c277991e28abb,9e33d956d1112885d1ad919e54d05697,5,,,2018-05-17 00:00:00,2018-05-20 14:53:19
13d42b4e282c863da04b3d256e85fbea,83cbab9daaf549182de4705ab0ca54ed,1,,"Recebi o produto errado, fiz o estorno e depois de um mês ainda não recei meu dinheiro de volta.",2017-03-09 00:00:00,2017-04-06 19:21:40
17f1f63fd0d9fad6d9d2f5fae225d68b,12fb2d2b590f7359e3b473456bd1ca87,1,,"Não recebi tudo que comprei. Já enviei reclamação para o stark, mas ainda não recebi nenhum retorno ",2018-07-13 00:00:00,2018-07-13 22:09:46
498bf7c71b8f82e69a7c28c92ac9a915,c39256279451486ab6eed803a7c5b094,4,,o produto veio com a tabua quebrada,2018-03-29 00:00:00,2018-03-30 22:19:40
e527aecee7f6c317569cb93b02d1ac50,eaaee645b1c3232e02feea76ef993a9e,5,,entrega feita antes do previsto. gostei!!!,2017-05-23 00:00:00,2017-05-25 02:25:10
63fc3caa0d6e16b08dfadb0e0e9c5369,c62a1e40bd0ccc29edbef8925947bb37,3,,,2018-01-11 00:00:00,2018-01-11 18:16:17
468a3d0286385c176fd38e6b80ab9c03,fc54a67aa2c88278d6475185217dc47d,4,,,2018-05-09 00:00:00,2018-05-10 14:38:58
784ad23fe0aeb651b5b1f87a31e03422,bddbca2d48a961d74fe81de8febf9a73,1,,"No site diz que recebi Lipo 6 Black Ultra Concentrado Versão Nacional 60 caps, mas ainda não recebi.

",2018-03-28 00:00:00,2018-04-02 14:17:48
3481972d8418203b928dbf4ccacafcfb,ffe3153dcf1c03911848f64ed557764b,5,,,2017-04-21 00:00:00,2017-04-22 00:41:59
f2f694e8f172b05cfe300f31a749bb01,c32264206a3adeaf75964372f602b40a,5,,"amei o produto muito bom , entregue super rapido",2017-11-30 00:00:00,2017-12-05 12:20:43
d28dadae6398b459a81d87981cdd3d98,00a379dfab816a83741012b71b264098,1,Não recebi o produto.,"O prazo de entrega era até dia 08/08/2018 e até agora dia 10/08/2018 não recebi o produto. 
Completamente insatisfeita.",2018-08-10 00:00:00,2018-08-10 16:52:14
6885703cd39b437e51167b58378fd077,416bffd2b6f30043b4c631f9109782f3,1,,,2018-03-11 00:00:00,2018-03-12 09:29:57
7865f3c8fa3131810c8237c128859f97,fe59965bfbf484aee4f2503efbd933d6,2,,Recebi o produto mas não consegui usar não liga ,2017-12-19 00:00:00,2017-12-20 00:57:42
8c1d379ec97b38dfe7ec3a5f4127fbf7,cbdda7b3592588a17fa43ca6c7300e72,4,,,2017-05-10 00:00:00,2017-05-11 12:35:42
fb6bb55a532da4ce4157dfa8844e79c5,ddea5624735479277afba6faccdcc28c,4,,,2017-07-22 00:00:00,2017-07-23 10:41:59
a85b6a49367b9e3221335335477cecc0,382a503d9d9928675c03cb26ea99b262,5,,otima,2017-08-12 00:00:00,2017-08-14 16:06:54
578f4da6e5c2a5e41ce5bb3b72149d97,823543bada3fd3a5ba1f68e7a35fb9eb,4,,,2018-02-06 00:00:00,2018-02-09 11:17:59
e13fcca3ba4895e380be11d1f092e842,d15975c69a074c65aecad997cbc6b748,5,,,2017-04-13 00:00:00,2017-04-17 12:53:10
99c3b5bf5c2938fade00f23156a3eee2,2d8929b98f4be1f692ab7d61afb727e7,5,,,2018-05-13 00:00:00,2018-05-15 15:00:16
f56428f5089ef17e4798f7ff2673eac5,43e13541e43361e50ca0f4f18e4a4863,5,,,2018-01-11 00:00:00,2018-01-12 22:34:51
4f569c452132acc672b313c1e300bcd8,05f5cfec67106e59d6280f62c4792d25,5,,,2018-07-31 00:00:00,2018-08-01 00:44:33
bcf9280c556fb9e0a1872236d93ed622,a54dca1918f3c9eaa16ac953a5d8c9ba,2,,chegou no ultimio dia de prazo,2018-04-04 00:00:00,2018-04-07 14:18:31
56b21e199c92f8b589167a74704d1127,e26feee700e28b2867a3e8d6f2b644b3,5,,"Tudo bem explicado, pude rastrear o pedido e recebi antes do prazo final. Gostei muito.",2017-03-22 00:00:00,2017-03-22 17:12:09
32721a8bec9837ab2da52be0aa20aeec,ecd832254262868776a1381df4b0be02,5,tudo ok,conforme o combinado ,2018-05-13 00:00:00,2018-05-21 17:38:58
9c8697ae16044316dcef0c0bd0fcb28b,f99c42cf20b64fe3dc045ae83e56f4e1,5,,,2017-07-19 00:00:00,2017-07-21 22:39:16
db16f87396ebdcc02a54286f34fe1d5e,b33c9bb2caa1d2b9f219b70f6dba7dce,5,,MUITO BOA..,2018-08-31 00:00:00,2018-09-03 17:54:17
8a4a5789ee62736e589a411323af13e6,dc3d2c21652c9d91fa3b1f74a3a68ae3,5,,,2017-03-25 00:00:00,2017-03-28 14:36:22
e2d9a9a20423bb0725b72b10a91684fc,7cd12f82d867bf5cda813ec60b7c4db8,4,,,2017-04-04 00:00:00,2017-04-07 10:28:37
f547217cf9272128b566a8bb21ea6e35,8e1424bf1830e231bfb035b447af7a93,5,,,2017-03-24 00:00:00,2017-03-30 23:22:08
91a9d9bb359902aedfc510a17ed0338a,a15df161654da3f47c2984ffd7764920,3,,,2017-02-11 00:00:00,2017-02-12 13:15:54
c6331439f58da7d713b6bfdc8e665a74,eba72fc69b4d8bb6893e635895a7bbf5,5,,,2018-05-25 00:00:00,2018-05-26 00:06:58
2ea3fca8cf64b3da08e50a196d04c47e,f1dd11aa9f95d84fd072504f9e6e2f11,4,,,2017-05-23 00:00:00,2017-05-24 18:12:34
e77d40334ac87c868e4a0b4908ff4b45,e348340be1b89ce72632697b8fb283ea,4,,"A mala chegou certinha até antes da data veio em uma caixa não tinha riscos, só achei a alça muito fraca para a estrutura da mala, mas gostei muito recomendo.",2017-06-02 00:00:00,2017-06-05 13:06:45
bab52a009093716a86bd53e04f9cd205,edcc020b94ba865d7254269e6cdca99b,5,,"Modelo lindo, vale a pena comprar.",2018-02-02 00:00:00,2018-02-10 14:05:57
d8a3a464a0c91b647c67a6ff0654a950,230412dba3ab35d1a5c8fd1382bc7b49,5,,,2018-01-24 00:00:00,2018-01-25 01:38:43
d735b84b9e8ae1a885d36cff84f8e4a5,26a488b0eb7d46fb424069b683e98d9c,4,,,2017-12-19 00:00:00,2017-12-21 12:02:55
cd4bb33201d09cb4377c44219443b953,b45e33527c11959b80ea6d7c471a34cf,2,Tapetes vieram dobrados,Comprei 2 tapete grandes e eles vieram dobrados. Junto veio uma carta pedindo desculpas porque os correios não aceitam embalagens com mais de 1 metro. Penso que deveria ter vindo por transportadora. ,2018-07-03 00:00:00,2018-07-03 23:32:24
408161b954909a318e392f3bfe095d07,5fbf3a364c57e553f502c5ee2a388da1,2,,,2017-08-23 00:00:00,2017-08-26 02:26:11
840e190a6a1fc72b02bbe5a5e74fa4a4,a678d97aa95d0393384c211a82455e50,5,,Perfeito em todos os quesitos,2017-06-17 00:00:00,2017-06-18 03:05:33
871f22b451b059f1248f0ad231cd46a0,dad4408fb39e21cd4dd146ccf6c9d621,5,Excelente,,2018-06-30 00:00:00,2018-07-01 22:40:34
42e039243c7a70fbf538bcce2b820365,f3d6f3b9a369c62beee0dcee5584f442,5,,"Entregue no prazo , sem problemas",2017-12-28 00:00:00,2017-12-30 01:13:46
17dcfd28e125b4fc55518d66051e432a,cf8565a85deb141e6113476f67622a70,5,Perfeito,Pertfeito,2018-05-05 00:00:00,2018-05-08 02:14:44
77e2c3b8f2b999104ac833153951631b,44bfe9e18e3f1f25344d2bf7243bf2f1,4,,,2018-03-02 00:00:00,2018-03-04 23:01:12
b578a522fa08f8a3ed0a335f58c979c2,6709606f3773c59d8bed53c0d9bb614d,1,Luminárias,"O produto veio faltando uma unidade, e ainda não consegui entrar em contato com ninguém para solucionar o problema. Gostaria de saber como vai ficar agora?...",2018-06-09 00:00:00,2018-06-09 16:44:08
15edcad8e189cc99fedb575bbb0612f9,11052b4dd49ca81b1e7c63d562759b40,5,super recomendo,adorei os produtos. me surpreendeu a entrega rápida e veio muito bem embalado. acabamento ótimo. fiquei muito satisfeita!,2018-06-16 00:00:00,2018-06-18 10:38:02
decf82bde9035877a43630813346c248,dc82732094ba2671604e8a318714bb78,5,,,2017-12-14 00:00:00,2017-12-15 09:40:09
d3caac8bc40cb5a3a9d46297f3d9b16e,af8cd0ccf7bfb5bc0998744b1ff8c08f,5,,Ainda não testei o produto mas chegou dentro do prazo,2017-09-16 00:00:00,2017-09-16 14:12:18
73d58edeeae8bd2a0117eed027d23bf5,c177f5a6ca27ad47cffbbcddbb6abee8,4,,,2018-08-31 00:00:00,2018-08-31 23:42:39
645f05ccdb548f0af4231c1db082ad1c,80e3ea9d65b89f8cbaa3d1f08f5dbd17,4,correta,,2018-06-20 00:00:00,2018-06-23 21:42:49
5ef15c2bebad84584a2094bfd00efafa,e80668d1356f3b4f4c77cbdb452adb7b,4,,,2017-11-02 00:00:00,2017-11-05 20:24:35
d91c7d4aeac26155901179e63a3d1233,e90ec4b6b234181833371ada5474c96b,5,,Legal.....,2017-05-04 00:00:00,2017-05-05 01:05:22
49e7ccae27912ef2b85728b22162f787,eb30ff356b044cdd6749167b9690434c,5,,,2018-08-28 00:00:00,2018-08-28 23:12:48
608d39071898470fe044fb2c64e93e90,83b24047c5441da1ecd3befa7619f125,3,,,2018-03-10 00:00:00,2018-03-11 11:28:42
e136151cc080d267cbeceba07763279d,99eae747b45fb42516e46311533b3064,5,,Gostei do produto muito bem embalado. super recomendo,2017-10-25 00:00:00,2017-10-25 19:32:47
24c99630c85fde3a65bdc50db5ca6970,7d666b83ead768ecbc15773ef8ef6c42,5,,,2018-08-17 00:00:00,2018-08-18 20:53:22
7aa1b6954b5e88d79d9b06125f5bc897,47c3ce4efeeff5eae692f5d31ef009e3,5,,,2017-07-15 00:00:00,2017-07-15 23:46:59
42cb446fbd2eecfa165025daa07af910,615cc334a44e9fdc646ece2bd6de2c26,3,,,2018-04-28 00:00:00,2018-04-28 13:11:48
4bf28f84ff361ee194c83cb9205a706d,be69ded8b4b06a199c55fa74d7de978e,5,,,2018-02-17 00:00:00,2018-02-18 19:00:13
fbebc415e84389af676cf76365b496f9,a8b7b51948bf9deabad95734d8470c5f,4,,,2018-01-24 00:00:00,2018-01-26 15:10:46
1164e966327872f6421035f86714e279,d22be2a4da2ca6e4cf8f164d63f5be02,4,,,2018-03-17 00:00:00,2018-03-18 13:03:33
18809ff07a208fd8c6d1d3b906cafada,b883943a11a0c834424c7bf9bfea8b88,2,,,2018-03-10 00:00:00,2018-03-10 14:54:06
8525d837d585c32e98aa6e3db41f8da6,d0aed2ea0f3d1f9911ee36b795ccace5,3,,"Bom produto, atendeu as expectativas. E a entrega foi rápida.",2017-11-28 00:00:00,2017-11-28 23:59:28
2bd9596fb8902bf274ac4f73a7aa5b54,972e7938b32b93b78bf5faf4358ad5fe,1,,,2018-08-16 00:00:00,2018-08-16 18:22:39
7dad8ab104128702d8d20c631f7104fa,47b4bf81340558dae3b914a280e01e9b,5,,,2018-08-21 00:00:00,2018-08-22 00:49:01
5a11476227e717e953d11fefdd2c7ef5,4e2a846769fc8af3af8b7826b058fe4f,5,,"Chegou bem antes do prazo!
Estou satisfeita com meu produto, condiz com o anunciado!
Chegou bem embalado, com papel de presente
Compraria novamente!",2018-01-12 00:00:00,2018-01-12 23:25:46
6540ad5bc5a8bfc9ede2d495bfb940dd,d69e5d356402adc8cf17e08b5033acfb,5,,Excelente produto,2017-03-03 00:00:00,2017-03-04 21:06:06
ef96244c158001057baf34a56439b170,9349a2d01c73ceff09422b184cf0ec61,5,,"Perfeito!
Atendimento on line vio.",2017-05-03 00:00:00,2017-05-06 12:30:25
193a6f042a54066f9bb216c5defb7e7e,4363ab80d1b250bca41ff7ed817788cc,5,,RECOMENDO,2018-03-20 00:00:00,2018-03-23 14:56:19
d3a9bbeeca192cf7a5adc893cded482a,7258f5b1cf840900c133d9f7192b7a84,5,,,2018-07-15 00:00:00,2018-07-16 22:20:29
a769639c4a066f684968faa9b56aa7b4,6dd1bbd09d930c58640b49ba57069186,5,,Chegou tudo certinho... antes do prazo de entrega.,2017-12-13 00:00:00,2017-12-14 09:41:31
397689273fc3bf629220de014ef902ca,f536792a13716fb94028f1c59984763c,5,,,2018-04-10 00:00:00,2018-04-11 00:52:24
4905c86988c823dba743417c4bd54827,bb3b61a129aba9eeb10bb81a4770f3b1,5,,,2017-09-16 00:00:00,2017-09-20 02:27:43
73356529c5442c38bd8946234f7371b0,bf2c58d30170e4cbd5153bacabc31d24,5,,,2017-12-15 00:00:00,2017-12-16 01:41:32
11f2e6feff782263d546a68502967526,816a46a1473af18688a832b10acf062b,5,,,2017-12-14 00:00:00,2017-12-15 15:26:23
149d98f0242d4ea8ce0c3a3fa704c1d1,1087ede9a334cc652bfecf7e944aad0b,1,,"Ficou pequeno para meu sofá, mas acredito que fui eu quem não soube medir.😔 Não sei se foi entregueno prazo correto.",2017-10-28 00:00:00,2017-10-30 17:38:48
809ea1838ec65e5c2c1140b6606eb7d5,dcad23c1f8ff76266e355d173380b1eb,5,,,2018-06-27 00:00:00,2018-06-27 23:23:31
8a336e6e4fdf3de95192e7c1541bc32d,e7edc87c7e9b1ae5ef04110fba7debf1,4,Ok,,2018-05-04 00:00:00,2018-05-06 01:35:06
5a168c07ffcf24bb0ce4a01a2caa42cc,666a7787fe64880d1ad7dad0e4988ab3,1,,Paguei por um produto que estava no anuncio e recebi outro.,2017-03-18 00:00:00,2017-03-21 01:49:47
14ae23a81f9be97e14ab10062f06c1fa,aefe90553e50779cfa353170674e9d0f,1,,,2018-02-24 00:00:00,2018-02-26 11:05:37
cafed479f28500a996e5d5047995fdc4,b0247f256d2486d4cb5f3bf93dd84eb4,5,,,2018-06-21 00:00:00,2018-06-21 18:48:48
4da09b13d31fc2243ed33e7ce3bc29f2,0bb4c390179e95dbed8944e735b7da62,5,,,2018-08-04 00:00:00,2018-08-05 19:42:08
503ee23189da157ab530baf0b650ab30,f1c86b9191896bcf9077ec22b6248153,1,,"o produto foi entregue, porém um conjunto e foram comprado dois conjuntos. Gostaria de saber quando receberei o segundo conjunto. Já é o segundo problema consecutivo que tenho com vocês.",2018-04-12 00:00:00,2018-04-12 19:48:54
00f5932eae7cb506a3b431fe3a52c6ea,776e5572d4969b8fa5b72b0fde398f6f,4,recomendo,,2018-07-01 00:00:00,2018-07-01 19:25:03
e6ee2a4e30c018bcf8115d178a1e6b1d,f845f1fe6a0c9e32eb740bdcc4da2aac,5,,Eu aprovo..,2017-08-18 00:00:00,2017-08-20 23:55:41
be9da93815aef0f528780d0ec05c1af7,b645d720bd6caa9606b492b81c3f537b,5,,"Cliente satisfeito.
",2018-02-16 00:00:00,2018-02-18 22:28:47
629f1853595204936023b2acc024c489,8d812dbf931bbd85b3b5b528b75ef9bb,4,,Ótimo produto entrega rápida ,2017-07-19 00:00:00,2017-07-23 14:45:30
e508fca0957abb00732b753744709263,561cdd2accb4b96049e2f85972d8bffe,5,Muito bom,,2018-06-26 00:00:00,2018-06-26 23:18:40
c955e2cc34c426fa5f1fbf87ec428500,fdaf0fd938efa36f6b32471ef6b7e63f,5,,Muito bom. Nunca tive problemas. Parabéns pela eficiência.,2017-04-06 00:00:00,2017-04-09 01:05:48
843d202b6081d5425c0bee8927ffdc4a,3b0d3aa4a3663e2dfe9db5717d70d5a9,3,,,2018-01-25 00:00:00,2018-01-26 07:30:18
6d53de654ad51c2c450ea58e72ade628,7d11ea85fd4de61373b6b8ab0387d011,5,,,2017-09-21 00:00:00,2017-09-22 02:16:51
3fd188d27146b49fd54199a86a57f7f7,969d3f02f498a3db8037e194ed29cb4c,5,,"Perfeita essa cuba, estou apaixonada por ela! A torneira também é linda!!! ",2017-10-14 00:00:00,2017-10-14 22:06:35
b3ab37255078c644a3611a16bc3cbab4,fc8fa04a6621b92f945b8d0224feac74,5,,,2017-09-21 00:00:00,2017-09-22 10:03:11
7e65bf53876bfa827540b4373cb2acc2,51abb20be6330420d4528fe527d3f90e,5,,honestidade eficiencia prontidão,2017-10-25 00:00:00,2017-10-26 16:36:53
0451f9bf5286e1588b0f7475b6fe7488,f637db9f107a517712822ef3c44024aa,1,,Não recomendo a loja.,2018-04-12 00:00:00,2018-04-15 21:46:39
929e7b5969d6fcd535a086b867eaeba8,7900eb5f4c656f8e2b69ff8751a09e8a,5,,,2018-04-11 00:00:00,2018-04-13 12:55:01
ef19dfea0a308ad73b673cdb69771805,947b612f269cbbdaa438d55bb70f1baf,5,,,2018-08-16 00:00:00,2018-08-20 11:36:55
175fae1def374c60d4270551615d86fa,e67f76501c34f4adb5587ee50a6474c6,5,,,2017-09-12 00:00:00,2017-09-15 13:01:13
9a14035aa280162b12b8ec323cfc1489,2dc82d1bd19ac194b91db9b17adc5a62,5,,,2018-08-25 00:00:00,2018-09-06 20:50:05
1ccf3bc50020fa4dc8991dcb490263f8,438f4256ef380bc7d658773ed817a480,4,,,2017-10-08 00:00:00,2017-10-10 21:24:49
7ac04fd5892dfafadb1915820cf99f39,4ee69609938fb96f9c99db9382d6069b,5,,,2018-08-01 00:00:00,2018-08-01 18:07:26
4621bafe7564f22421e54866fde89ffd,eb188a175542057d90b3ca5628b7b5a0,4,,"Boa noite recebi a mercadoria em parte pois uma cuba esta quebrada, como devo fazer? fico no prejuízo ou quem e que ira me repor esta quebrada",2017-02-24 00:00:00,2017-03-04 00:45:28
32f86fab63f2af46d3ee7fffae3acd29,2e9d2850537d9e6975149a266b9ecf69,5,,,2018-08-08 00:00:00,2018-08-10 09:58:35
403929574c759f2988340314b0dd7330,a45c1f10d2a3a9e829ea9125e9e17aab,1,,,2017-05-19 00:00:00,2017-05-19 13:08:19
06066a6521377e1f309def855d9401ea,82962a8abf46b030308d707aff1a7f35,5,Muito boom ,,2018-07-21 00:00:00,2018-07-23 18:38:14
aad41624616d00995d8a6804762d5a01,96cc8c42014ddb42a775da9a45ae3f76,5,,,2018-07-25 00:00:00,2018-07-25 22:46:57
fb2949ab072ba42ff17b589ab3d076ff,95d1d57cd27cd0857ef85f53ad2ed3b8,4,,,2017-10-05 00:00:00,2017-10-05 13:54:06
6bf9c5d99706ad30e0904bf4fdf85059,69140db0db6aff7d50eb3f0e8c8a5016,5,,otimo,2017-06-11 00:00:00,2017-06-13 19:23:01
b27caa3b28298007e0c07c1fa73d37b9,dcb965b6963d2375946c5b2eeb316e6a,5,,,2018-05-27 00:00:00,2018-05-27 18:12:56
9debeed4c2c65b9dfc0b80691b9df38b,0e053aa097eda67e25b3934ef3eca8a8,5,,,2018-08-18 00:00:00,2018-08-19 22:05:24
e5201d981a085bde3063b5d8a19ab0ac,6455e8459efbeeda59bb360229b889ea,5,,Recomendo,2017-12-15 00:00:00,2017-12-17 22:48:59
4707e355c45f0d3a4936101057b49f07,c20889d460a5439e1529017fc9a867da,4,,,2018-01-30 00:00:00,2018-02-01 09:56:22
fb001bfe97f238295ae21df4840c9008,f67e17b84d5d476bc5478e79ed177a3d,5,,,2018-08-11 00:00:00,2018-08-13 12:46:11
1ea65994a62afc67001265e336cd8d31,9d0516ad96d793d308cec3c5929ed649,1,,,2018-01-18 00:00:00,2018-01-18 15:26:17
92d581378eb2c4e1e9ec05b1eb6c02ce,385183082e6bcd8f81769fe274d3654a,5,,"Entrega super rápida, e produto de qualidade, recomendo!",2018-04-06 00:00:00,2018-04-09 11:06:31
8285a8c071168d51c38fae8b888c739c,a93cc6a86a64ca1f201b78f981adbc25,4,,,2018-07-25 00:00:00,2018-07-27 16:11:17
40f1554a83f751b6ea6c01b2d2827938,332e264249f30a888b81bffd7a84e03c,4,,,2017-10-28 00:00:00,2017-10-31 09:58:46
658b7341e4dd5fc534c5d1e348b3049b,7f64d5e4a277230448eebf7956e29706,5,,,2017-08-05 00:00:00,2017-08-06 20:36:43
8a3a5868150b304bbe274ff108771a2e,9f9451274bc21055d9306c98eb7eb8f8,1,,"Ainda aguardando. Prometeram entregar esta semana. 
Na verdade em comprei em 7 de Março e nao de abril.",2018-04-08 00:00:00,2018-04-09 20:17:01
722ee1510e3c4c0e80f9d7abe2bffa8d,e6e3ea418f0f343e88a3dc62eaf24699,5,,O produto atendeu todas as minhas expectativas! ,2018-03-17 00:00:00,2018-03-22 23:37:41
a911d2fc16bfe5da6a5a36c85f46f1db,950d953d1c32b47c840a17f3661427a4,5,,,2018-03-10 00:00:00,2018-03-13 14:29:41
3cd84ffa747441e4d332cc8013ce9a09,2f0d70560615459213d3ea85549554a6,5,,,2018-02-08 00:00:00,2018-02-09 10:00:54
fafb560db0bc85e7dde655a040c9fea7,06c94a45382f44abb2968a87bcee9bcf,5,,,2017-12-21 00:00:00,2017-12-23 18:00:11
d95a457d13382354362031ebd64f4fc2,0a8ad519fc5624a7862124decee24b27,1,,Parceiro targaryen não recomendado. Produto veio errado e devolução demorada para ser resolvida. Mais de 30 dias sem solução.,2018-02-20 00:00:00,2018-04-04 19:06:42
a0edb27d694b5d28f8027325e3b86db5,3f2502be2cb245c8c7ca170ddf39465b,1,,Uma palhaçada. Nunca mais compro nessa loja,2018-04-21 00:00:00,2018-04-23 17:22:16
9fc972bcf0b92cd6de83f1fcc4c90dc3,f86e20fe6ce750c00d7ed08e8c67384f,4,,Satisfeita ,2017-10-07 00:00:00,2017-10-09 15:54:57
35b360eccd827b5151d9abd9f670338a,9800ee2371539396d5bb270f1e844e11,5,,Produto ótimo com entrega realizada muito antes do previsto. Parabéns.,2018-04-14 00:00:00,2018-04-14 20:27:21
2512c2d002bbb5d5c6a2bd732979f5cb,cf8ba6c5f0ac149f8e8f55217c47e967,5,,,2018-05-22 00:00:00,2018-05-23 11:04:06
8897aa06526b7c23b87e8f5363e07499,543208567174edffa48d4c3262b0343e,5,,"silencioso , ventila, cumpre a sua finalidade.",2017-07-11 00:00:00,2017-07-12 17:04:48
a65fa9fa9ed99e4d6f5b7d8ac500f0b2,8378137868c479b948c8712cac81f79d,5,,"Excelente produto, muito satisfeito com a aquisição!",2017-12-01 00:00:00,2017-12-03 19:18:26
7b2626bae6303ddb50a4cf2d8ff94bf8,31daefda0897759a2dee9729dd9e057e,5,,"Foi Bom, gostei muito do produto, igual ao original",2018-06-09 00:00:00,2018-06-12 00:23:21
244cba0912f9082df11411daa121e9db,4cc44db58430b3250f2ef264dbcc3b4c,4,,,2018-08-14 00:00:00,2018-08-15 12:51:48
93502042ffeccc09e20c43cde17ff33e,daf610999defe00407d9c3178f42b819,5,,,2018-02-08 00:00:00,2018-02-09 00:01:50
55c9f5c81ea066fada7ea66fe7ec5596,11752bcab98894b1c72fac988ed11392,1,,acho isso uma falta de respeito com o cliente .,2018-03-03 00:00:00,2018-03-03 11:07:09
04771511f3650ea9d068f14dd64de1f8,67ec1ff2fc90decdce72e2299a384ee1,4,,,2017-11-12 00:00:00,2017-12-17 13:32:55
a3c014f1d49ebf8bf4e930fe71eefcef,f1c5e5967b0cd0144bd3b56958f7da43,5,,,2017-12-06 00:00:00,2017-12-07 08:40:11
657b709d121fd23abfbd49d4e4c395d5,75441fa4c89fbbba02fa9fdfd5729595,5,,,2018-06-05 00:00:00,2018-06-18 12:55:31
4ddd18deed939a969a07581d54c8a7b0,4e1bb70e4b6fb08b9ddb86c7ade82354,3,,O produto que recebi não é da cor que comprei. Já solicitei devolução. ,2018-02-23 00:00:00,2018-02-26 03:26:35
c63c05ec9c61a189c89e20589707f09e,444928c349bed18bd960cf50ac772e7c,5,,,2017-12-20 00:00:00,2017-12-20 19:57:28
10f36b0ebb255fdf5d5231f2c0d87463,adb00f908ea2044d0001f86671d882af,4,,,2017-10-26 00:00:00,2017-10-27 11:39:28
537c9280a1cd79c12fe444c5b43f4e19,c11a22a599df12f33da9a25948a605ca,4,,,2018-06-16 00:00:00,2018-06-18 21:24:20
367107e4ac4d7423d62c70b0a536d324,f1b0d27b392edf2469778d8885fc2375,5,,,2018-06-09 00:00:00,2018-06-18 20:33:19
1a4c4688cb7e71cbdf0aafc34bad7b9e,316d34d7998d35ca148e02a9a5611307,5,,,2017-12-03 00:00:00,2017-12-03 19:41:52
484fd29f3983ccbef7ef6cb1f029b552,3443b7575b141322b9be5ea9ba71188c,1,,Ainda não recebi,2018-03-06 00:00:00,2018-03-07 00:19:31
a8a5f9851ce371b6e71514d149174847,82e3b58b34d2201715bd1531310615bf,5,,,2017-08-22 00:00:00,2017-08-23 00:35:32
5db0481e8ba6443503ea0dbb4986dc1c,83ac7baaa477085adfafa311103efaf5,4,,,2017-06-27 00:00:00,2017-07-04 20:56:07
db511007fe63e89a54fa9558fcb3a0e4,92f77906d8fcaa454fff43e1882deb01,4,,,2018-01-24 00:00:00,2018-01-25 18:57:14
bd2f58727ea16914844a1a43b7d96fec,b10818512d51945f6498d36b8de77c68,5,,,2017-08-19 00:00:00,2017-08-23 17:56:13
762c4f9f994905e61f23f79735e03e10,1a302b3c311d6fd772e886b742c24304,3,,,2018-05-24 00:00:00,2018-05-30 16:40:35
054a711bb1810983f1c8bed0dd1870d6,d411b203fa5c4b8dee5012ebe23cd3b4,5,,,2018-07-04 00:00:00,2018-07-06 15:42:23
71038953a8f997d0e6aecac3e76635a1,7d32c87acba91ed87ebd98310fe1c54d,4,,,2018-06-12 00:00:00,2018-06-15 00:33:21
01bf1d38e5032c73e86ec20395b14950,2a6ec88bef2eb4c5e4716b26406ead0b,1,,Produto do Paraguai,2017-12-13 00:00:00,2017-12-13 12:55:57
4c9558a305313f5c709e44a0c7fcfa1b,99ceb37bf4c899aa443147118a509e3a,5,,"Excelente produto , entrega super rápida . Recomendo o vendedor ",2018-01-30 00:00:00,2018-02-01 07:40:18
b0a5d431b64acec81db334925ab9c8d2,8781fc46d9d2a051c66e619d005a4046,4,,,2018-05-08 00:00:00,2018-05-11 16:40:33
d0ea6e180a231410fe8408b694d272cb,eb54651b02b959e50ba4adaabeedfe80,5,,,2017-12-17 00:00:00,2017-12-19 18:21:11
1ed7dd1bafc8400157003958451cd569,7cd48500c7fb8fb359e9b91fbb2a23e5,4,,,2017-07-15 00:00:00,2017-07-15 23:25:11
246d468b6372cd246ebf31eba003a678,5fb801bbd0a3376799e6d3a508f845db,5,,,2017-04-08 00:00:00,2017-04-10 12:37:32
2ee2b576d576d98fb1402a4dd36784d9,b033a34245ae159e80dd599b3c5cb92f,5,,Otima compra e entrega. ,2017-02-14 00:00:00,2017-02-20 19:20:12
b7a668fb5cdf6417c832a30d19e45f24,9b9993961d216f751b2b4cf2c85e1e85,4,,,2017-06-21 00:00:00,2017-06-22 13:45:35
162691ddec756ab392f351ecae462a71,3be5256ae9320c0c96853f3832dbd122,5,,,2018-02-01 00:00:00,2018-02-02 21:57:18
3f32c57359326d351f3ab5e624a3403c,6f028ccb7d612af251aa442a1fb8b5d0,1,rasuavel,,2018-08-11 00:00:00,2018-08-13 12:36:46
96c8bd857db7b00819948ac2dd02650c,f3988a6f6afe000b1617ab4429c5396c,1,,,2017-08-10 00:00:00,2017-08-12 08:26:32
3f474d39382fc038ab9d12b2b8bf85e9,38d7ca365470a06bd907802a6a62d83a,5,,Ótimo produto,2017-12-13 00:00:00,2017-12-17 21:31:43
786b50d37bd3825e73d8c806c05c6c27,4461758febf28f20a599646b502ddbec,5,,Tudo entregue antes da data... produto de extrema qualidade... absurdo de otimo,2017-04-13 00:00:00,2017-04-16 10:37:13
d7291ae01656385cfcaaac82181df23e,d54bea5ba90238aa83323565749538a1,1,Combo não entregue,"Comprei um combo composto por carrinho + Moisés + bebê conforto + adaptador. 
Somente foi entregue o carrinho. Os demais ítens não vieram.",2018-05-13 00:00:00,2018-05-17 02:05:52
a6d8cdb59f21ea16c4b39f3e824e26dc,e55e8c9f6f33a8562db1430444f22092,5,,,2018-06-26 00:00:00,2018-06-26 20:01:35
c7c430b849284a65d084b2ae6abbe4f7,cd30b79021e46fbfccaacd57ffbaca5b,5,,,2017-08-17 00:00:00,2017-08-19 23:58:29
35c9f5bccf5501fcf23a260a27663a7d,79c697a71c6bfb37a4c83d238e695404,5,,,2018-06-23 00:00:00,2018-06-26 00:50:11
71c00e1120c2f7f8146a6a5ce9aef938,45b8bb0bfeacbf5aebe4c3f5cbcd2b06,5,,,2017-03-17 00:00:00,2017-03-18 14:23:13
2e335ce829577208af35bb13019e9aa8,8ef9db017c57bd5bf1ee83358817d049,5,,"Esta loja merece receber * * * * *, pois ela é mais que pontual até porque todas as minhas compras tem chegado antes que o prazo estabelecido pela própria loja estou muito sastifeito!!! ",2018-02-17 00:00:00,2018-02-17 23:51:17
714d748028e1f12422ad87dde86ca694,b0e2da4433a10c624a9f71b187e93915,5,,,2017-05-13 00:00:00,2017-05-15 10:51:03
defe4a8273b3f1cb25f28b6e12503014,621ab070c6e1491f81eb9a8a8ccb0ea9,5,,"Cortina linda! Amei, irei comprar outras cores!",2017-09-09 00:00:00,2017-09-10 13:57:47
9c0839cd1808c07e2b6b4e552937cbd9,b0e61103ba1dee7e3c3c31f68e62a3fb,5,Tudo certo!,"Produto conforme descrito, muito bom e entrega rápida.",2018-08-29 00:00:00,2018-08-31 16:22:11
6b786cc159c74ea26ff9087d88dea1b0,3c3df3dd2afaabb39a53131f9ce98116,1,,"Status da entrega fica informando sem estoque, mas se voce entrar para comprar informa que só restam 5 unidades em estoque, e fica me enviando todo dia email para comprar, eu comprei e não recebo",2018-02-21 00:00:00,2018-02-21 12:13:57
0c9860b1c35c17a566f993d3332551f5,eed22f145a76fd4bb9224e927213dd25,5,,,2017-12-01 00:00:00,2017-12-04 10:52:28
8b0ba8a1d699c8fff1034f109f9eaf7a,9c6091fbefbb76532f8a51939765c532,5,,,2018-05-01 00:00:00,2018-05-02 02:03:36
43371c1a0e4aca64fae050dfd86ffe96,09b9364d966593e51c1edead847fd220,1,Péssima!,"Comprei dois relógios, um Relógio Feminino Bracelete Dourado Strass que chegou com defeito e outro Relógio Feminino Bracelete Flor Com Pérolas que ñ chegou, mas consta como entregue.",2018-08-18 00:00:00,2018-08-20 19:01:04
d13b6eac039f05fb842fef49244a6b21,3337a984417a1c95241b5f47acb33720,3,,"achei que teria espaço para guardar moedas, e quando fechada fica muito grossa.",2018-02-03 00:00:00,2018-02-06 12:05:01
9a8069af700ee2d6a0cef4beecc0b113,e4fa46e65ad5c0c84cffc9dcd3176c66,3,,Bom,2018-03-16 00:00:00,2018-03-16 20:22:13
c2eabb1922858b4f567fef921595457f,2ee6a55f531c6d9e507e1b4c7bb0156c,5,,,2018-05-10 00:00:00,2018-05-13 00:47:04
23884494db8fb880a4a7dd609f25dc67,ab6d00347b9055691972ac20f00df77b,5,,,2018-07-07 00:00:00,2018-07-07 19:15:54
fb52de7eea57cd8008f9b10f32dbac2a,b0ba32a79f83ef1ae43216095e1c9ab8,5,,Tudo conforme descrito ,2017-03-08 00:00:00,2017-03-09 01:56:42
9fe8fbfdefee114ce5ae6180fe307c3a,92cac19c19596022d13902b2908896ac,5,,,2018-02-18 00:00:00,2018-02-18 22:22:02
f7de3065e38d82bac9dcbd4929ddf722,4a7daecdbb69d275f72866f7f8d00448,4,,,2017-12-24 00:00:00,2017-12-30 00:13:52
5f0baf50483e2ae8a66be589773d9f7d,0a6e242b5cf18e140304453da637866b,5,,,2017-12-28 00:00:00,2017-12-30 17:11:07
bad8343ed8e69ffedba9ff0c08b2f182,726714fe5c6124b8501feb36c5b89896,5,,tudo 100%,2017-02-11 00:00:00,2017-02-13 01:56:16
565ac6f22c1620b2fd9d6e672e837e20,c78b46b9e5371e47b97a2bb7eb4740a3,5,,,2018-01-04 00:00:00,2018-01-09 02:10:55
deb25160337f7caee785728386729f73,77ca435b03fbf991e5027e3776e37885,1,,Não recebi o produto e não tenho previsão alguma de receber. Péssimo negócio. ,2017-09-28 00:00:00,2017-09-28 04:12:04
fcb62f795be2f563739324a54d4d7d80,c5d4823acfd714b139d9a100c0234122,5,,Fiquei super satisfeita pois o produto foi entregue antes da data prevista,2017-08-16 00:00:00,2017-08-16 21:39:26
fe1ce03d82551ababd1418cc2a5a8151,6e6fe0a4ffa0d2ceb491628d18388697,4,,,2017-06-20 00:00:00,2017-06-21 19:23:10
e4b92078957ad6ca7e4f833efd51b4bd,0b16fcb0e3133c83e8c82ed7bd6ccb1b,5,,,2017-04-18 00:00:00,2017-04-18 21:53:46
42ce43f58bb917edfce02a7270925113,041bceeb0d1b95b5079ffb1ba84a779d,4,,"Chegou bem antes da data prevista, nem Tava esperando! Ótimo ",2017-09-14 00:00:00,2017-09-17 23:52:47
84b4d79d790cc402c73ded966b49259b,8afada74ea69f220081870b340ddde98,4,,,2017-05-24 00:00:00,2017-05-28 13:23:44
5c0db20aa1c7da6600b3fae98d013a86,d441b72d920571f8ac2d3c847eee6e47,1,Es,Poren estou aguardando uma resposta sobre a troca do produto o mesmo veio com amaçado e um pequeno aranhado na vidro,2018-06-13 00:00:00,2018-06-15 21:42:59
8a06fcea2890712915a2475f61b8f673,b0ff8e6a9bb47b224a599ff0c161006b,5,,Recomendo,2017-10-07 00:00:00,2017-10-09 12:03:49
caec68ef6d5dc188cc639128a71bffc0,7db6028d54d5921d79f3cb2b95e63a73,5,,,2018-07-03 00:00:00,2018-07-03 21:20:45
a1b84b1a7c4e32875986c2c4f311dc09,69aea24ee3243d0535ea6e03789bb5fc,5,,,2018-07-03 00:00:00,2018-07-04 01:13:47
c333ea140f590a566807fdd6125b1ac6,0c92ac263657a43f18927cc6392e3816,5,,,2017-06-07 00:00:00,2017-06-12 11:34:54
1499db08954cba23fd60f1d71cc289f9,1b19e11d36f65ac8fb85d361d49096ef,5,,O produto chegou bem antes do prazo de entrega; feliz com a loja e os produtos adquiridos. Recomendo.,2017-08-31 00:00:00,2017-09-01 22:13:49
dbf79fbe64f925035724bf9def286575,27cd2ebe0ab4174836a87975c23fa80f,5,,,2017-06-01 00:00:00,2017-06-05 09:48:28
d740b6774633fdecfada73c946b97c28,629e289bf8013a1e9dcb5fc8cb9b377b,5,Tudo Perfeito,Produto entregue dentro do prazo combinado e correto. Recomendo.,2018-06-20 00:00:00,2018-06-22 12:25:14
4581fc3e29a2b7fe41abc013362f9ff5,e3dc8fab0cf7aaea9a75decd180dcd8f,5,,Eu tinha pedido o cancelamento mais não precisa cancelar obrigada,2018-03-24 00:00:00,2018-03-25 01:52:03
222483c21ab474f44a059421e3d30e7e,36ddc5f19d31a8d744d01bbbd1d11321,5,,"PEDIDO ENTREGUE NO PRAZO, ATENDIMENTO BOM.",2017-04-21 00:00:00,2017-05-18 18:58:12
c1c4768126b5b98ed1529b11c944b15d,57c431e8bf97cbdd79ba45fe58ea98d2,4,,,2017-11-22 00:00:00,2017-11-24 22:27:45
b5911fb7bd52635ca60d65dc9f806381,1924c6aa8ef1e715f7593d5b36bc596f,4,,entregue antes do previsto muito sastisfeito,2018-08-17 00:00:00,2018-08-17 17:02:05
18f45452bcb01e90ed7cc6b7940d7105,c12ae6679912cd8f6ef682d8d9f1fdd2,5,,,2017-09-01 00:00:00,2017-09-02 01:08:35
4acffd9144bcce8a068df2bf24483c52,24678bbf0564173279a1799d6bb11a7a,5,,"Tudo ok,só que o produto é bem menor do que parecia na foto",2017-12-16 00:00:00,2017-12-17 07:58:05
f6b564b5be353b489f414a8a8a3d4b36,35066d34d3d361931bd8dbad2a94bb0e,5,,,2018-07-04 00:00:00,2018-07-07 17:25:23
9afd160ca68dac6dc38317da96e3a283,93b74681985a4a11ca3b48be35576434,5,Ótimo,,2018-07-26 00:00:00,2018-07-26 22:57:27
6d19acd2137188668f7d8cc7e2f52831,693f8bb47e6135ecad76616fa2596a05,4,,,2018-08-21 00:00:00,2018-08-21 21:46:13
fff423fa29671178879573a06995b199,a20191650d84d1d59f72139a87207a3b,2,,Aguardo receber o produto,2018-03-16 00:00:00,2018-03-16 12:00:51
bedaca06fea0d3b7e407ecb259890cae,efa6ac6564b5e0edcfd63b95f47d8737,3,,,2018-05-03 00:00:00,2018-05-06 10:50:34
d847426333948a10fbf233879fa080ee,11e22e541201ac67ff98e87193b4fc8d,5,,,2017-10-05 00:00:00,2017-10-25 08:49:20
629b7ca2b304901f99845748d23c0a88,e3c64131d3d2295829639be7b74a6533,5,,Ótimo atendimento,2018-04-17 00:00:00,2018-04-19 21:55:23
ea158196a1c128d6db518c1a28f9294e,647c2286962851bb7b82d2238a2af37e,4,,,2017-08-05 00:00:00,2017-08-06 12:57:38
f9dd675d09fa075a7954d7f340d47524,8b7d4b3e8eca5cae93f948e0d7b67406,3,,"O mosquiteiro deveria ser tamanho unico e colocar o tamanho com a metragem. 
Eu queria q fosse king e nao e especificamente. O produto ""atende"" .
",2018-02-06 00:00:00,2018-02-07 12:34:13
cc689d9a876621d77ceefff9b90dfae6,6a8677aeb56b8ee0d1a74e0435772e31,4,,,2018-02-18 00:00:00,2018-02-18 22:19:51
c4990a8762ae7e12aa4751a8898de5b2,94781b7e571ded2ff6f80434f6fe2a43,5,,"Sempre uso, muito bom",2017-10-05 00:00:00,2017-10-06 16:37:07
2e4124e5020b35b3de4d46d1fabd6832,506fad0fc79d02f8f890d91eeb9fddf5,4,,"O produto foi entregue bem antes do prazo, Parabéns pelo comprometimento com o cliente.",2018-01-19 00:00:00,2018-01-20 04:53:05
a8f2e476c19676f149241f8c5ee6b85e,959736e06ddf68235a3bd98b1bf8edba,5,,"Muito bonita, acabamento bem feito, tecido simples , porém muito bonito ",2018-03-18 00:00:00,2018-03-18 22:26:20
e8d7d5f968f447df4f08b7e6ba63ae6f,aa3aed786cbca7fa2c6eaf17148c63e4,4,,,2017-08-10 00:00:00,2017-08-11 00:04:27
ebc771717da8dff6a50799b4b7e8008b,411753995b9d6dde2c840f9b96ad946a,3,,Foi entregue no prazo então tá ótimo ,2017-10-21 00:00:00,2017-10-23 14:15:49
6ed5be41b0d099d2512ba8490ac2c6bb,5a91aca4cab56a1119249a6ab5d41318,3,,,2018-06-29 00:00:00,2018-06-29 18:59:28
be4ca7833e98cf0e5569c6fe0a3ece9c,32855d7689b9f421de7025b1f94cabb8,5,,,2018-01-30 00:00:00,2018-02-01 15:06:14
d2eeadd2336e4f1de76044c1e6e15707,032de52b21013e176ee997c8f210dd66,5,,"Recebi antes do prazo e em ótimas condições. O produto igual a descrição
Amei, facilita a vida ",2017-12-23 00:00:00,2017-12-24 13:06:38
0b7c6cf831e0b0f81b4003e5587566b6,9e3239dcd0d89b2b4e9315e93f265c84,5,,,2018-05-04 00:00:00,2018-05-04 14:07:03
7ee778a725e0802d53768266ee7a031b,0c350088bd84d6620d87abdd2b1e09ca,5,,,2018-04-13 00:00:00,2018-04-13 05:04:17
8fff1cbcebc74fe97c4cb9320a46d2f0,a0d5b8474423ddf55228373b81a46272,5,,Entrega antes do prazo e produto de ótima qualidade amei!!!,2018-01-23 00:00:00,2018-01-24 00:22:29
c91a9ba98a902b90f45b10390d29ed0e,628c4dc07e38c6a4309d58e8a42e2f27,4,,,2017-12-30 00:00:00,2017-12-30 20:30:57
ab796da379bad664fa884f34711b0ca8,0fd20e900b40f5cb8e6fd31df27aabbd,5,,Muita demora na entrega,2017-05-13 00:00:00,2017-05-14 08:28:18
0c02636e897e1fa91c42867e91af7cf1,a79cb797abc143a743a29342947938f1,5,,,2017-12-13 00:00:00,2017-12-15 16:46:10
59c30c22274d4a52b9eeae1da6bb8dc8,adc9f082768884dcb46b8b3d26851ca0,5,,Procuto chegou antes do prazo e em perfeito estado. Recomendo a loja!,2017-08-23 00:00:00,2017-08-28 11:33:42
da9bcfa0774a31af9040852cfe822c42,7e85dd5c64bfd481355a0662f9f9f777,5,,,2018-06-29 00:00:00,2018-07-02 22:45:58
8f3a10079555e51ad5902372326817ae,141e9339279b23d1c38a8512d0e9ba7f,5,,,2017-08-09 00:00:00,2017-08-10 17:22:26
2ca65651e6b6d9349190457f0fb68aa6,aa57296ceb0b170f4823d71a06a43037,5,,,2018-06-29 00:00:00,2018-07-01 17:57:28
85cf46d93ab23bd3d0d08689c570eb6c,96bd9c3ad7366522a8a0ef40301faeb5,3,,"Não foi entrega total da mercadoria, só entregaram 01 kit sendo que na nota fiscal foi faturado 02 kits",2018-03-18 00:00:00,2018-03-19 10:48:28
3077e8977dc979c35d3a48a9613cd350,f52a5a508f96400a02ab7d6dd3d73146,5,,,2018-07-14 00:00:00,2018-07-15 10:59:21
e3e0e7f4081ffd62dc417341142171a4,6aa3386e7cd429b12ab0c288acf52e41,4,Perfeito,Muito boa gostei obrigado,2018-08-23 00:00:00,2018-08-25 16:31:01
3e428683cd7d88fd51df63a51964ea8f,f9d71ca22c3574cb50bd404950d12ff3,5,,,2017-05-24 00:00:00,2017-05-28 23:33:44
76bd0bebac40ba79e1139906361a6255,4a2098244c1910e8e9e9251e2e5faa2b,3,,"Recebi apenas um controle, porém comprei dois. A nota fiscal consta exatos 2 controles. 
Receberei o outro quando? Houve algum problema? ",2018-01-10 00:00:00,2018-01-12 22:17:45
a427580ed3c8f776f22692686358936f,17716d2598d1d7f7ed16fa9f05ab2f61,5,,,2018-06-19 00:00:00,2018-06-19 18:58:36
53287b1361bd3fe51150586bf492bf52,08beae16754b76c55e9f49c7d4d138dd,5,,O produto chegou 15 dias antes do prazo. Super recomendo! ,2018-03-10 00:00:00,2018-03-11 10:22:43
8f0eb138cb89bbf28de07d49ac319456,4064b7bda3dcdab5dc717705f524d3bd,5,Amei!,"Pulseira muito linda e delicada. Valeu muito a pena, eu recomendo o vendedor.",2018-05-22 00:00:00,2018-05-22 20:22:08
e0ea41105f3bbe321c55c2029964c8c0,210be0ac0c8d9589654333e9370c6480,5,Super recomendo,"Muito bom! recebi antes do combinado, bem embalado e perfeito estado.",2018-05-04 00:00:00,2018-05-05 04:39:55
3eaa264e38261c107d3e71561bd47a2b,d1a26dc0c31e929049044b86a868c08e,5,,,2018-02-27 00:00:00,2018-02-27 23:37:53
3a0899baffeb234bf188d18b0d6a055c,f62fdeb39023106b1bb98bee97a54a87,5,,"Gostei muito do produto, recomendo!",2018-04-24 00:00:00,2018-04-24 20:48:52
8715867a859dacaef6122186fbf22fd9,d49a2214238550c6f2fc4e5bfc7d92da,5,,👍,2017-05-06 00:00:00,2017-05-07 13:53:18
12961485be1493a9f16dc1642fa4f716,771fc969d198bd5102b42e8d8db12364,5,,Bom,2017-11-25 00:00:00,2017-11-26 12:35:23
6cf384656bc93a1e2772b1854d021a28,620e41d66853f928215b41c1700a9936,5,,,2018-05-19 00:00:00,2018-05-21 20:57:45
84c3dbac2beead62b049e76301d8665d,a9e698f2944fc17e406c624bf2ce9067,5,,,2017-04-12 00:00:00,2017-04-13 12:40:20
ef6722f7a6ab41a46064e6c0c8ff6792,df5c6aca62db71fbe451c0408bde2817,5,,,2018-06-13 00:00:00,2018-06-13 23:35:55
875ee472d5190f766d15915bdc1f7a92,f4acccb08d320d53aaec17225c6c7198,5,,BOM!!!,2017-08-02 00:00:00,2017-08-03 17:54:20
b5fb1dd1967827e894ed62b6f9096264,20da65274d671907282e06147c655ae4,1,,não chegou ainda,2017-12-15 00:00:00,2017-12-16 21:20:18
4790df75030de096edd7782e9b0662e2,acb56e6695d371a1c50a34c38938277e,5,,,2017-12-13 00:00:00,2017-12-14 12:03:42
20405ac41a07dbbcb482b2a4249c45b9,152c657cdbdb6b803884cb4f691d17e9,4,,,2018-07-25 00:00:00,2018-08-01 16:43:42
b6aea4839a3068962b09df1cdf2796e1,87276b621cf05e7f2afee8be6c9721b6,5,,,2018-01-17 00:00:00,2018-01-19 20:41:05
1e02c708b5da6f983c5d4b46ddd3331c,a52c52c656d3b3ef3ec72fcdc13c714f,4,,Produto de fácil montagem e de acordo com as expectativas,2018-05-03 00:00:00,2018-05-05 22:41:45
94af97aefdf90239a8f9b62cf3c98514,42653d5c4df9e26fb929a370f55ee092,5,,,2017-08-24 00:00:00,2017-08-25 19:54:22
74efb52be9c6bc5678347492e79b40af,69583cd28b004d804a6d819b11c8725c,5,,,2017-11-24 00:00:00,2017-11-27 12:17:21
ee06b47268ef5836e559b7df7b8a7743,eedcf6db339a0b2ce303e615dceaee65,3,,"COLOQUEI COMO NÃO POIS SO VEIO UM PRODUTO E FICOU FALTANDO O OUTRO.
NA AVALIAÇÃO CONSTA OS 2 PRODUTOS SENDO QUE SO RECEBI UM. ENTREI EM CONTATO COM A lannister E NÃO ME RESPONDERAM AINDA.
",2018-03-16 00:00:00,2018-03-20 12:18:04
460ad7a4227efe77ac89e7425a8382ea,d1a22a39de10a881fa47a509a1a9073b,4,,,2017-12-07 00:00:00,2017-12-08 14:13:31
159998e7683a8a9fccfa5785c698410b,3e87ada006372f78ebf4bfee1cb020a5,3,,,2017-03-17 00:00:00,2017-03-20 15:26:03
18e1c86e8cc09c6560658fd96cd6e057,3c23f03a52f26c926ec48ffa9bdd82f1,5,,,2017-06-17 00:00:00,2017-06-20 12:30:22
7293a136991305b11688f7508ad192d9,40bf40ed29a5bbdb73aaeb5eb134168f,1,Troca do produto,Solicito a troca do produto pois ele veio amassado e não encaixa no relógio,2018-07-25 00:00:00,2018-07-30 12:54:59
17d235cb3339ef95c7d2ecaf2e552fec,37a8e5d9b2e5863960037179b26da448,5,,,2017-03-16 00:00:00,2017-03-17 02:00:41
d97b6e468b1b998428f8439c7dce8a96,a968bece60cce24072b4a3a5175c454c,5,,,2017-11-24 00:00:00,2017-11-24 17:29:21
64c8f34ff730fdb975721b6b43760ba9,c803c517b7b4203209bc317a912728e4,1,,O óculos veio com as lentes arranhadas e tive que ir nos Correios retirar a mercadoria. Essa loja nunca mais.,2017-10-31 00:00:00,2017-11-02 21:44:46
f0b2dad04c1d87205e683ff78808b6c6,e5100188966a71404b1ac65f51487cb4,5,,,2018-06-23 00:00:00,2018-06-23 19:21:50
c35614fbb7ff784817adf30a78e25490,2c1a2f921c5be4edef5b3cc5f8e79477,3,,"Nossa.... Nunca comprei algo nas lannister que demorasse tanto..... Pensei em desistir. Mas de qualquer forma, o relógio é bom",2018-04-11 00:00:00,2018-04-12 01:09:12
99fa2aeda5725807448d3401a4f56df4,b44d797bd9259818b8e3655230d25879,1,,não sei pois não recebi o produto,2017-07-30 00:00:00,2017-07-31 00:05:55
a65a633d540b1c3fd54c79bf3aaec84e,9b573950822247289cc283b3e30f19d8,3,,"comprei achando que ia servir para o celular s7 e não serve, teria como trocar.ficou grande,",2017-12-12 00:00:00,2017-12-13 13:28:28
74bc24b680ef551475f35c84f56cc58a,86e6162676905a8c6ad0bcbd7df8debe,5,,Site confiável e chegou antes do prazo,2017-08-12 00:00:00,2017-08-13 01:43:13
4f87ccb1496bf3cec552a4ab6bf15b2f,5fefa018b496e8145dfd56ae7320e222,5,,,2017-11-22 00:00:00,2017-11-23 11:38:30
76b4e1d1113b2c29bb59ff7799a8ab5d,2b99bf6a37b3b643b24ca08289526f96,5,,,2017-07-15 00:00:00,2017-07-17 00:25:37
4b975ca62b194a581a5a1046cc104435,cc798828f930d073a9b9592d56bd167c,3,,"apesar de achar o produto meio ruim , chegou tudo certo, ",2018-01-31 00:00:00,2018-01-31 13:00:12
3cf4aaa7f15e480d968c98623517811b,388d683431db37774946413cbb22210b,1,,,2018-04-06 00:00:00,2018-04-15 15:19:20
a91f4240a7e7f0ce0f6e20870e3e1be8,a3780280bea9cf5034c0d8834b206fde,5,,"O produto chegou antes do prazo estabelecido. Está de acordo com a descrição da loja. Prateleira bem feita, intacta, do jeito que eu esperava. Amei!",2018-01-10 00:00:00,2018-01-11 01:35:23
f0fc9396f104ca8287ed617f19b2ba84,2fabe3a6fbc1051857b2494418c8339d,5,,O pruduto chegou no prazo certo adorei. Recomendo,2018-01-12 00:00:00,2018-01-14 22:34:55
669b538a2dead820f8ed85d99c891243,f8dc2e2efd79f135f2ae7b04e0d95985,5,,"Eu recomendo esse loja, está de parabéns, entrega rápida.",2017-03-31 00:00:00,2017-04-01 12:17:49
90ea3df74d5e256b537d5a076ef002f4,3024eda1729b9daf946125ec8c271a91,5,,Muito corretos,2018-06-16 00:00:00,2018-06-19 11:11:49
4a506d2ca784f5e8e32276f15c265136,273f82958d907705dde15be4062c6888,5,,Produto de boa qualidade! !!,2017-09-07 00:00:00,2017-09-08 02:38:01
32a85f430f675d2cc0b7a25c9e12aa0b,469154149d5faa926f0c01971b89dae4,5,,,2018-02-21 00:00:00,2018-02-23 10:41:20
b1a2a24d86b416f8f1472a1c2c8b86fa,c7820995dbe03c41044d23a03179a74e,4,,,2018-05-15 00:00:00,2018-05-16 17:51:42
14682a7eea43f34d1d53e11dcdea323f,13fd61236a6baeb00aba9df344275a78,5,,,2018-02-07 00:00:00,2018-02-08 08:40:07
2c3073c9a9b3003baae7d02627b26475,3b8a6f4c963d2e04b3d7a0bb8dc84b6e,4,,,2018-02-19 00:00:00,2018-02-19 19:18:59
8154c458dc99cc5f13e547692931544c,e4a9759ef4977b2303b79da089cc865f,5,,Chegou antes do prazo!,2017-11-01 00:00:00,2017-11-03 18:37:31
b8418adc1f5fc0529efb9757b65f0fd5,1aeb6136411ab7da012863ac27055dcf,4,,,2017-08-26 00:00:00,2017-08-27 13:10:26
42792fbc8532b876c83e40b163b603cd,575fd25dc6bc7604b6a64f9d8fdb1cd3,5,,,2018-02-03 00:00:00,2018-02-05 21:55:29
a2ff477bb48ace060ce1fbbb69105c69,0eac9f8e158a0eadfce8c9da8547a8ce,5,,,2018-05-15 00:00:00,2018-05-15 19:10:47
d5fe260111e20ca4a13bcf9a1c9ac891,3900b88a922f66bc0aecfeb3807bec9d,4,,Estou super satisfeita com minhas compras por esse site. Super indico ,2017-06-17 00:00:00,2017-06-19 09:51:38
ed562d7a9e083232d8b20c810ae73d5c,3a635b5f9d8d66a95086d273fdf4b9af,5,,,2018-08-08 00:00:00,2018-08-08 22:22:08
b3cb6f2719c3f9490d2b36bc1a9c8b4f,92c5e555afe0fddf3e8e4ae6baf2fe68,4,,,2018-01-19 00:00:00,2018-01-22 12:36:58
bef1eb04f305bde9b741c3f3405913d7,bb8efe90a4b9dc65b0b365ca7a94db25,4,,Gostei muito do produto. De acordo com a descrição e entrega dentro do prazo.. ,2018-08-01 00:00:00,2018-08-04 16:21:06
b1c83abc115ddb8ecfd76f17d35c3c92,024a74550cdbd36c0fe3955fc9e2bcf0,4,Produto,"A capa carteira veio correto,mas a película de vidro veio menor do que o aparelho.",2018-08-16 00:00:00,2018-08-16 12:07:13
d70bceb376205914be31d3078474c0a8,915e61444d403c1c57fa206962c3e60f,5,,,2018-08-14 00:00:00,2018-08-15 02:36:15
f9e0b331229adc023c96953b1bb65245,7b8ef69133bb95128e53e14329bdb03a,4,,"onde posso encontrar o filtro zumax zufer 2222 em mogi das cruzes,,,,, grata",2018-01-11 00:00:00,2018-01-13 21:29:05
ec03cc18869f8509f9d3fbe2d106cea7,5a8a4dc28b16fb90469ad749f9535773,5,,,2018-03-28 00:00:00,2018-03-28 18:11:45
65b4eeac5a20ebf39d33f05e2df79d3d,475daaf912c5d6077ae695875f9e02dd,5,,,2017-09-19 00:00:00,2017-09-20 00:25:42
8090c5a012edfb29635bad1386d1ccf1,c35c0040e09990a95e79c617fafe8c10,1,,,2017-07-26 00:00:00,2017-07-27 20:57:08
9d3feb94c27bb1db650af1c7845fe4bc,b6a87380ebe0e02e7ed12272492b3ca0,4,,,2017-12-05 00:00:00,2017-12-06 02:53:24
2b9ac510d43b1beb555b2e3d8fa7af1c,6ef2a7cbf8c6fb24f0acb656c756a44a,5,,Muito bom recomendo,2018-01-12 00:00:00,2018-01-13 00:49:28
bd4f19c2b2ddd170da197b3540e57ed0,44978a07c53273143a18ff837c2dd68d,5,De acordo com o anunciado,tudo certo como deve ser uma empresa que zela pelo nome,2018-04-27 00:00:00,2018-04-30 13:50:22
0344910cee7d9c36f4732f093745ae70,b6ab72d17de0a5c4bdf888f55c9acb4b,1,,Nao recebi o produto,2018-02-16 00:00:00,2018-02-16 20:12:46
50713baa8f9b02e327d8d4460d72f3e8,5d284e172fe3bafba10f2c60e3ea2047,4,,,2018-08-10 00:00:00,2018-08-12 22:04:43
1a77b1f3390930779939286b5d15c0ce,874ebca0220c7586ef0eaf166bb83ea5,1,,Recebi uma mensagem de que houve um problema na entrega. Consultei o site e vi que os correios acusavam o não recebimento do produto. Enviei uma mensagem à stark e à Loja que não me responderam.,2017-12-03 00:00:00,2017-12-04 09:17:11
99cc362b0fe4acd8754976ab63d7fc98,c8fe12f276a71635e2f929eac9d2d21e,4,,,2017-10-06 00:00:00,2017-10-08 01:30:53
643d8cff5e7fe318fe27ab0dca3116c8,c05002c71f007c6a4056ca538113e991,4,,,2017-06-13 00:00:00,2017-06-16 02:29:45
3b407e0a2e316b0956d8f5593f040d39,44ce6def1c74186615c88a02d09abcb2,1,,,2018-03-09 00:00:00,2018-03-09 04:24:26
36f9e4706602a39c60c1925f255a56ee,23878b3366bb97c4877f944c685fc546,1,Está faltando o carregado,"O carregador não veio
",2018-08-30 00:00:00,2018-09-02 18:50:14
72a3e7d0c7c1ba807e9aad36305aea24,c36b4feac86d66f1ad82c82c388f187e,3,,,2017-04-13 00:00:00,2017-04-14 01:56:24
d5167be2c15b5e27a01b7d23eebc21a0,e51a8e1d0f0a0cc6eae0b605b53cf9ed,1,,O PRODUTO NÃO FOI ENTREGUE,2017-07-12 00:00:00,2017-07-14 18:24:19
ae9ec3c8990cc4d083f0b252a0b93d7f,f1d6313ed30c82ba1523aad41c60685e,3,,,2017-06-27 00:00:00,2017-06-28 14:39:32
969acced74b03ed005c80093d38451ea,2ec51579f21b9d6da3f417e7ccea378d,3,Bom,Bom,2018-07-14 00:00:00,2018-07-16 20:19:32
5970f62159198b317c4b7c4abaa8597c,3304f260a9b2d280ac64521d3e911dec,3,,,2018-02-03 00:00:00,2018-02-03 20:24:42
652b92f234d3269f3ec262462fe500ac,b779a9b1774b12944ab77d39b831f151,3,,PROMETEU ENTREGAR ATÉ 24 AGO E HOJE 26 DE AGO NÃO RECEBI.,2018-08-26 00:00:00,2018-08-26 15:05:08
32285ab227b801c0b993e9a4620690c1,b319de7e29d9ec96df9f75a1558c8ea7,5,,,2018-03-11 00:00:00,2018-03-11 20:54:58
14b699f78f1a96875b6adc668e395f96,7cdaa17ad10c7724ac707e1a2fd3a3ae,5,,,2018-03-23 00:00:00,2018-03-27 12:25:12
e34df4dea41ab3cbb00b076982cf9471,0fb2bd6c42efa12c5f32ee37e5f9fd34,4,,,2018-02-04 00:00:00,2018-02-07 22:42:59
902776c85e1857341a5a7919a59fa5e1,6da45c88a41888408e61bfe388d93f01,1,,,2017-10-27 00:00:00,2017-10-30 00:58:26
2e2a47c5f658031efaf3661b18d0d12b,c1f39bb1d57f413cc9d3086d546b3866,5,,,2017-09-20 00:00:00,2017-09-21 20:32:36
43149888a4b13b868524da0abadf9735,21b0a5108bb56f3391fa2db965e76bd0,4,,,2017-10-19 00:00:00,2017-10-19 20:29:39
a150f90662e84450b23c34a6ad1c00ea,75707562c6865f8fd2172eff80a71210,5,,Na caixa vem explicando como fazer para utilizar a garrafa. Eu fiz chá com água fervendo às 7h e quando fui tomar às 13h ainda estava quase fervendo. Até umas 19h a temperatura ainda estava bem quente,2017-06-22 00:00:00,2017-06-23 03:01:12
ae6a7fb1d7acd8970f783f4ec0efd56b,6b34444470c3f9256eb504e61edcd608,4,,,2018-07-14 00:00:00,2018-07-15 08:06:08
ff5bc961e5f4772b97525a35124563a9,153b80864a22f0638fef4339488a2cf3,5,,,2017-11-29 00:00:00,2017-11-29 20:28:42
f1ab4aede66e18ce74bb6d251821a55f,87b25622da650dcff9efaeaad1ebc057,3,,,2018-01-18 00:00:00,2018-01-18 20:11:50
4da29332d748d549705d95c0511ca93f,ccfe85ff3893b9efe8d101891fdd40ee,3,,,2018-07-04 00:00:00,2018-07-08 12:45:21
bbe2de29361d496f4b96ac69cd5ceaf3,370d5b41dfcdc96d0edb780967153d4e,5,,,2018-08-16 00:00:00,2018-08-16 21:16:04
15a41c3edec3fc49b90e64d828e40250,459aa8ae0e09ae140ba9f75c1f429524,5,,,2017-04-20 00:00:00,2017-04-23 00:34:23
1fb019733341073b3e9448dd3e5cc08a,0e7e973a8d82ae12e070d767abed8960,4,,"Comprei com o intuito da minha filha de 1 ano e 7 meses brincar. Achei o material fraco, mas pelo valor e entrega rápida e o sorriso da minha filha, valeu a aquisição. ",2018-04-04 00:00:00,2018-04-07 00:50:48
70d1474f99a6bf0c79f654f8844ba404,59dccb56096ce22662c9a3f2f2312f39,1,,enrolaram para entregar,2018-02-03 00:00:00,2018-03-02 19:16:33
fc8428a738dbcf4f77eb26bcc26caca8,5c55ef550d5ff75bae4c1473c8dd06a5,1,,,2017-03-08 00:00:00,2017-03-09 10:47:31
d7571afbf0e50bced611a2318c3d9961,7fefe32e6b0c87d855993ac5dc8dd951,4,Produto OK,Produto foi entregue antes do prazo e atendeu as expectativas conforme descricao do produto,2018-08-11 00:00:00,2018-08-15 21:44:50
763395cf824be78e2eea49be7ae2ef12,b19b783be83450d0c4d0b92c5343a528,5,,"Boa loja, conforme escrevi acima. Eu compraria nela novamente.",2017-09-21 00:00:00,2017-09-22 17:02:05
d66d4debdd4133ceca9e68e8b5a1299a,5daf14428a3c29d9dd22f97b7d5b3230,1,,,2018-02-24 00:00:00,2018-02-24 13:02:54
ca5f4db40623cba4433e44b1b4af714c,ceb7321e8e4db328b230a89f90e72014,3,,,2018-04-21 00:00:00,2018-04-23 20:49:33
43cc8fa0046e3d3889268e994d440b3b,81134c0da031fc1208ab4376cb3f384a,5,Excelente,"Nome no controle não condiz com o comprado que é o PFC HD2, mas funciona tudo perfeitamente.",2018-07-31 00:00:00,2018-08-04 23:38:55
39024030bd21c510424de9c21c7b34f9,812f4de54953468bf13530e434f7de0f,5,,,2017-08-25 00:00:00,2017-08-26 10:57:39
b98d0258661cd93127a3ee80dec5f68f,40a601b71bfefbc0f6a7566b0d201fad,4,Rápido.,Correto e rápido!,2018-04-28 00:00:00,2018-05-02 11:09:46
b55af56983f194540b0da2e2fc5f9bcf,33862e8df33c7f4ce5d1c0142de3cf0e,1,,a cor do produto no site é diferente do produto recebido.,2017-12-06 00:00:00,2017-12-11 00:09:43
714a715a28f0d04b59c9fbaae9a5f5a9,844b8b73a94f61b9ff8dc1e88c081365,5,,,2017-08-02 00:00:00,2017-08-02 23:37:41
7a1333349414c44f06bbfd875af2e672,bf488c4d02bcdb68c278b42d9417f05d,1,,"Bom quero devolver o produto já solicitei duas devolução porém não me deram retorno até agora, estou indignado com isso ",2017-05-20 00:00:00,2017-05-21 15:02:55
380363fe864ce28304d6d92b5ab17c38,8ef90bbfd83a3525620bc52b758b655d,5,,,2017-12-16 00:00:00,2017-12-16 22:21:09
979e76e257a60c07bc9f7551a20ae7d2,d5b7a3030feb818d49d955a32425d329,5,,,2018-04-16 00:00:00,2018-04-18 19:48:29
d3b385f71e943b67f7479fa25a436911,9c867ee818c84d2be46a83abbfb13004,5,,Bom,2018-01-25 00:00:00,2018-01-26 09:42:36
38301b1c6fdd2fb2496356eda5023b08,1a4fe7b4e0810e3c234a4e39775b6d53,5,,O produto é bom e muto bem feito,2017-12-27 00:00:00,2018-01-03 22:47:15
d7d53f841df29b980cc31927cd01e862,dc771d8720de3625596eb0b0fa043528,1,,nao compro mais neste site,2017-12-14 00:00:00,2017-12-14 09:35:52
2c4f929d18f450662e65f6b588d01b8f,d470b00bc3d705453cd02a793aaddb07,5,,,2017-07-30 00:00:00,2017-08-01 15:39:20
bcc7b029450141b99573142e28ffa172,5d79b555805a2c67a647b4f2ed28891c,5,,,2017-10-20 00:00:00,2017-10-21 05:03:52
3223c74e8232a10098972491d170d9af,653fb84a9e7359c05777a5332a48a876,4,,,2017-08-01 00:00:00,2017-08-02 08:23:33
dbe9746a523b239c772bc48958d16b3a,9fe9c3069432a6611954d1e0d51d6873,5,,,2018-07-05 00:00:00,2018-07-05 22:58:58
b0cacbce2282647b1f032371ffe8daf6,16311a0494e6db86617bc4486d9f1e9e,4,,,2018-04-14 00:00:00,2018-04-15 02:13:50
657e6cb5fbc7246062ffac3335ddbcb3,469abd917ae82adddc931bca94bfdf84,5,,,2018-04-26 00:00:00,2018-05-01 15:15:48
abab255b5117516340897aecebd44548,3cba7817e430400056f23107daafd6a9,5,,,2017-12-06 00:00:00,2017-12-08 11:15:55
89409a6680af5be2f4e6d8adc541d81b,5e9539c329818fcbcf5579c92a58501d,5,,,2018-01-05 00:00:00,2018-01-07 21:41:31
21a051431f7e9cf74ed5b7920bf37bf3,a15fc4ce7d1b1cd6ec005a2f267758d8,5,,,2018-08-21 00:00:00,2018-08-21 17:33:49
60256d05c1cc87f29a17e6084340c790,8dbd69de4c9ba7ac0f46c387f0e67ee4,5,,,2018-06-05 00:00:00,2018-06-05 21:27:16
121f9b55bf87216a0a8fb8c84b1fab4e,ed17f0572bc6ccdacbb220b282a6387c,3,,,2017-08-19 00:00:00,2017-08-19 17:10:12
2f26fa74278fc3ce44b7e3acbb878193,7f8d25da9409167dba72ad951cb73530,5,,,2018-01-27 00:00:00,2018-01-29 11:06:13
d5b0d3def190ebbdbaebba6b6a324036,1f3a59c2916b7d2ec5fb039cc15ea18e,4,,,2018-05-10 00:00:00,2018-05-11 16:21:07
3d64a65e13c109b5fda5a2bf6408c158,da95f8b22acd8e17362c16bf0eb86714,1,,O produto veio diferente do que que aparecia na imagem!,2018-05-29 00:00:00,2018-05-29 15:52:55
e15060077257afa9426d4d835a175711,775bebf68a82c7b530c362d8fccb5ccd,1,,,2017-07-07 00:00:00,2017-07-08 00:40:36
333d2974ee8afc60e0c501f21ed34b4c,2002ea16e75277eaa0b5d78632048540,4,,,2017-08-01 00:00:00,2017-08-03 20:51:59
449ac39984d5aaa736bc9f9877c0ebd4,a1f360ba8499a15b557819850f54b9c4,3,,,2018-06-27 00:00:00,2018-06-28 12:06:28
653930a4aa5cdcf29a6428e069385189,1f58529a06e9f7c89e20ca450f51a5d3,5,Muito bom,"Gostei do produto, frete com preço acessível e recebi na data prevista. Parabéns!",2018-05-03 00:00:00,2018-05-07 21:17:25
48031eee5cc3b788c2aa56d863e2bc3e,ffe5736050c2890fa51a28942820258a,1,,A cadeira tem uma das pernas menor que as outras. ,2018-04-01 00:00:00,2018-04-01 19:13:47
32477b2c00883173605ad397c99394ae,c22857ca01052cca0c4dea70902c5a92,1,,"Comprei a película para celular e não recebi. Houve problema com o pacote no meio do caminho, abri reclamação no correio, no site da lannister, e nada foi feito para resolver, não tive nenhum retorno",2018-02-18 00:00:00,2018-02-21 13:41:34
5a5bf33ba3d30ddc2eef5870d35ba1d8,0944dd6401b58739dc030557fb149b25,5,,Produto de acordo com o anunciado e entregue antes da expectativa.,2017-09-20 00:00:00,2017-09-21 12:48:39
62ca8958765c0ee385d12af0c94f4745,5ec4ec0bb9c63325c2a003b014c9b7b5,4,,Recomendo a loja e o produto,2018-01-09 00:00:00,2018-01-11 22:40:29
a4201a5e762daeb9d654c0ee9802a69b,f2fd76c4a6a18c5be5d960963e114737,5,,Ótimo e antecipado ,2017-09-26 00:00:00,2017-09-26 17:42:20
0812cecf40eb8aca96b4b144784508e4,9d7737b250ca12ae1e89ef38f2e5d213,5,,,2017-02-18 00:00:00,2017-02-18 10:22:13
ffa0d9ba2678dba5fa370295245f473d,641fb0752bf5b5940c376b3a8bb9dc52,4,,"Inicialmente, pedi o cancelamento do pedido devido a falta de atualização com o produto, hoje sei que é erro do APLICATIVO e não do vendedor.",2018-01-04 00:00:00,2018-01-04 18:29:06
85a3530979d9fadf46580b766612e815,b49998737b7359ebe1b64b0b7ffb20f6,4,,,2017-01-27 00:00:00,2017-01-28 19:15:41
7c465adfa7650ed178e30e8132790b97,b83fe0e59b384422cac91db5d32e1835,5,,,2018-06-11 00:00:00,2018-06-13 18:53:49
a634029c52042fda20d6e52f64b70498,b00e398b9fedc8b818679422af47d3ad,3,,,2018-07-28 00:00:00,2018-07-29 02:32:25
c675edd9d74070888d1642a7ba8397ae,397f4ed009841e83e71435ab9376cc8c,5,Papel de parede excelente,Excelente papel de parede e serviço de entrega.,2018-07-26 00:00:00,2018-07-27 21:38:41
c0fc7e94b5e2c18ff0a44f3f64bb7ab1,2d801e3f807fc361a71d5ff6da62b2fe,4,,,2017-12-29 00:00:00,2017-12-30 15:59:42
af53eb3abfcc81d20d80ef03c5b49ec8,db450aca52c200c9c1c1d9cf4dff0338,4,,Otimo,2018-02-09 00:00:00,2018-02-12 00:39:10
df1847502fd9394ba580ef2e9d3ed307,7bc9425754bf6e2275442bcde2337180,5,,,2017-07-05 00:00:00,2017-07-05 23:36:37
d8da2436b6fc607f52a8f88d16156ec4,9edb5899606254447166a651aa65c063,5,,,2018-03-01 00:00:00,2018-03-03 21:15:26
315490062161a82f894402f35ad95d06,32ce9ea2719c8dc55fe5890c1143c60f,2,,,2018-01-25 00:00:00,2018-01-28 15:42:17
3f51ca8d3d8de96466022bde520b8622,6f8026dc118f5bb6ff82b03e8eaae469,5,,,2018-05-12 00:00:00,2018-05-14 21:25:22
026e4f6a8c7d8549c558d9afbf0c907b,b986ced186e623c3fa979ee09cb4d300,5,,,2018-08-01 00:00:00,2018-08-02 12:04:25
c2c2b492b7af2d9bd43f44f2a5e345d3,583778f2a1b6b016b054423277086598,1,,"O relógio que recebi é uma falsificação da marca Casio, não veio em uma embalagem apropriada, não tem manual e ainda por cima parece usado.",2018-01-29 00:00:00,2018-01-29 22:09:44
80ed4d2f7087ac639fea2ca563a18ab1,8279b5df6e66fb0dfddfc8a4cd10471b,3,Relogio quebrou ,Relogio não marca com precisão as horas no ponteiro. E o botão de regular simplesmente saiu.,2018-04-18 00:00:00,2018-08-08 14:18:33
dfa3664d475f939b334fcdb244bb867c,848ab881c02107858764faed825d804b,1,,,2018-04-11 00:00:00,2018-04-13 08:41:12
4155109747c3f3bb080633db97504e47,4b99a000045d86380d5b014642fbc499,5,,,2018-07-14 00:00:00,2018-07-14 20:56:00
a5ffc62121168764922caf6385b5633e,ae348c74e571e34c44d0874b21087f71,4,,,2017-09-23 00:00:00,2017-09-24 00:44:56
2f7bbad714f97aa934359275f8b725dc,77e14af3a32e9b3c2eefbf56eac92cc6,5,,,2017-12-29 00:00:00,2017-12-29 19:51:37
d94d67e6db7ef963e2398c18d299ca9f,dbaaa77999c0f5d953d543efe0f080f9,5,,,2017-07-25 00:00:00,2017-07-26 10:31:46
baae768ad05f6070e4fed9c3cd512908,7147bfba27147cf06600e5a1577d3a4b,5,,Entrega no prazo e amei meu produto.,2018-03-15 00:00:00,2018-03-21 17:39:44
2c9a608ad32e99bea5ca53765468733f,8da1b0cac91830c54472e2f91579aeff,4,,,2018-02-28 00:00:00,2018-02-28 23:50:53
6583bd048abd919b7fd8c38d213849f4,8040ee89b88d6ea587b51b55dbfb4dc5,5,,,2017-08-15 00:00:00,2017-08-16 15:51:49
47fc22272aaddcc62f0373f45ac72e61,52d737a419e3d5424beb6b55abd83bcb,5,,,2018-06-07 00:00:00,2018-06-08 02:24:22
19acd10168b2ab10ec49031459c9b9ca,ce5f998d724ed1ac61c890e33b24a33f,1,,Cadê meu produto ... pra querer saber minha opinião tenho que receber primeiro não é mesmo ,2017-12-03 00:00:00,2017-12-05 21:23:17
1b5ff500ef25043744753d7916419c64,d263c89354a73314488491185858af42,5,,"Produto muito, só um contra versia que o aparelho é muito pequeno mas de resto ele é muito bom",2016-10-20 00:00:00,2016-10-20 21:33:16
68cf7ff31c0c2ae818c1874d5fbce61d,43633b4950869ad500817fb5326e1864,5,,"Produto ótimo, só que pequeno a carteira ",2017-08-12 00:00:00,2017-08-16 15:08:27
218f621095c107bde2b198056dfd8f6a,a0ef346fe1ea82e048e965ab6c20623b,5,,maravilhoso,2018-02-20 00:00:00,2018-02-21 14:56:56
78b6493a7c9eec4f67ecc192870d22d7,2e76a5ef63f6a5a14ad1de12b201dbd2,5,,,2018-07-03 00:00:00,2018-07-04 00:17:02
ebd908f555b923a6ebb0030c56c85809,9c3a601d7089e5ecff0515e743748165,5,,,2017-09-06 00:00:00,2017-09-06 20:35:53
7bf7c5358d77f65f23f7881b145e6421,4fb03ddd24b3d883bf20f5f196c53890,5,,,2018-01-21 00:00:00,2018-01-21 17:28:47
51f6e42976eb848ebddf69693f76799d,ad192211a3b7e6018ffdea3e5fef1444,5,,,2017-12-13 00:00:00,2017-12-13 16:42:27
8a396e615597f658e808a5d54b17307b,a0d3f54307b8ea12232f5036ed0346ce,5,,,2017-06-27 00:00:00,2017-06-29 01:50:08
7d776b37db0764f81b52aaf1a0bd432e,73d68ef344ebda9bf0c80b7e3ed70e45,4,,Recebi um recado dizendo que o prazo para entregas na Região do Capão Redondo é diferente. NÃO DEVERIA SER.,2017-09-20 00:00:00,2017-09-21 02:27:20
60a69a58599ce5788c48e2db3070a085,5dcfd31ce05e7696a4c635cc256a0364,4,,,2018-06-14 00:00:00,2018-06-17 01:35:43
a56a97308cd7074378df4694f2b6749f,3937b5e90887b4a6c5e4102865c4338f,4,,,2017-05-23 00:00:00,2017-05-24 12:10:12
1ec57ba0dd4e5edd7fca34f4f174ccf3,c95f74e4997a96f046a9e40e4d8726de,5,,,2017-11-11 00:00:00,2017-11-14 00:52:46
b2e801ce3f2a8c208ad20a48a9787b0e,0af28d87520565eb3b57c9b2abe1a2cc,5,,"Infelizmente, não veio gravado na torre do computador a etiqueta com o número de série e com o código de serviço. Também me negaram uma consulta sobre a instalação do PC. No mais foi excelente.",2017-10-18 00:00:00,2017-10-21 14:11:15
8e2eac681122b9ca2cc27af8b1cc64ba,0ed70666bb64b5c2ba83b2a6dc37f032,5,,,2018-04-06 00:00:00,2018-04-07 02:43:53
32fdac426bf6f97f7cbd250cff7f1ee8,f86e20fe6ce750c00d7ed08e8c67384f,5,,Satisfeita ,2017-10-17 00:00:00,2017-10-17 22:49:45
558fb0e50657e56d82818374adc20bf6,c45e4de164ec4d68c64e752d6728e249,5,,,2018-04-06 00:00:00,2018-04-06 22:29:39
3d5a6a24f244bbf14f5c908a108149b4,7898dee2ff48e01ffb2b651e56d8b504,1,,"Preciso saber quando será entregue minha encomenda,está me atrapalhando essa demora",2018-04-13 00:00:00,2018-04-16 16:09:49
07527a2882129779c9e3796e98ad246e,d250f8e317f2d2e56ae505561a800dce,5,,,2017-11-17 00:00:00,2017-11-21 10:11:46
5a3159473e57bc4073f34985e35fd089,cb4468949989bffeeb1d3aa03efb25d0,3,,,2017-12-09 00:00:00,2017-12-13 23:52:35
8b91f00734a3df8baf53d0e52f08412d,7b9e7ccb0670a2b422f9cc382a87f86d,5,Otîmo ,"Exatamente como esperava amo comprar pelo baratheon , chegou bem antes do previsto ",2018-05-30 00:00:00,2018-05-30 22:42:07
eed57438869075eca627aed4e3097fb9,cd7d5eba4ca59e359249279469aa4f7a,5,,,2017-04-07 00:00:00,2017-04-10 11:07:30
55f8e2d3076443ec688a8dad34cfd828,a030d3d4fe79a482fd66cb2205cdd0df,5,,,2018-06-07 00:00:00,2018-06-08 08:16:44
2042282643a32c4bdd1710cb2424509a,46ab3e1c2c3eed0ed5bd72930759d25e,4,,,2017-10-19 00:00:00,2017-10-20 17:35:28
a90cbec92fdcf58acc5bd167176e6a59,8e500747ed0fbfd6b89bb11955b3ccbf,5,,Chegou no prazo.Tudo certo.,2017-05-27 00:00:00,2017-05-30 13:44:51
d11cc78e06f1dc75656defe890368e51,f3d070c8b094a00980b59d97ff3d95ca,5,,Muito bom,2017-08-04 00:00:00,2017-08-04 23:35:36
7fb35ed4eac7baf03920140db2d26eb3,fa3cc6b1b48c7b730f6c4c43e423c5aa,1,Falta 1 lustre,Entregaram só 1 lustre e ficou faltando o outro,2018-08-18 00:00:00,2018-08-20 11:14:35
ccece54a8816059c0f7ea643bc6b3c8d,731f1b5ebfacba1715ccc2efb20d50b0,4,,,2018-04-15 00:00:00,2018-04-15 23:09:40
d9d3cc787815caec3a39078b5aecd467,0e8f4c0385a96b68bd717e0e2ceb6898,5,,,2018-04-17 00:00:00,2018-04-18 16:47:57
9905d967d23f44ace960f7f73102d63c,817d88483f5ef3f2c934506d7d890888,5,,,2017-11-07 00:00:00,2017-11-07 16:49:30
7c48196c9f5a3ce913fbfb0076318f7c,6b75c3e52a1fb04bd0b4f1975febc486,5,,"Produto pedido estava esgotado. Porém a loja entrou em contato, foi super atenciosa e enviou outro produto de minha preferência.",2018-05-15 00:00:00,2018-05-15 17:31:59
bea714c581749ccb6c1d534cabf7f8f2,c8e75378d45ac6daae73b7ff2d236798,5,Ótimo custo/beneficio. ,"Mala com ótima qualidade, muitas divisões e mantém o notebook bem protegido, pois fica na divisória central. O meu é um de 15.7 polegadas e coube bem. importante: quando carregado com o equipamento e ",2018-07-07 00:00:00,2018-07-09 21:29:41
19bae8afb9167a8112a7833a2ba0a569,3908808de1bc14e2592cbdd80fd41729,5,,,2017-05-19 00:00:00,2017-05-23 03:25:27
41752c8fe197310d38cb370e70896fdf,54a845f5cc0d3691277e4adfebd4a5bf,2,,,2017-09-24 00:00:00,2017-09-26 13:32:21
8030cbce8c67f6648a5f422329a02f63,fbfd9608b0061e4cc1412e28450a83e8,5,,,2018-08-30 00:00:00,2018-09-05 14:09:57
43a3e41fcd56004fd765e87f55828ee8,0650ef96422834cca0cc7799efbf6307,4,,,2017-02-16 00:00:00,2017-02-16 21:56:52
00dfad4667869bb78db69d24726bfc52,112e22ce5f700d2155befd89a15b4a5b,5,,,2018-05-12 00:00:00,2018-05-12 23:48:26
cea819db6a430c8f523c88f657aa40e3,139f1705692cf6f0ea124350e5ac47de,5,,Serviço muito bom! Onrigada,2018-06-06 00:00:00,2018-06-08 16:02:41
c4a86b87f6f047516d07f824880c1472,5e8125228086e366702d4aab930260d9,4,,,2017-12-19 00:00:00,2017-12-19 22:26:37
e15f37a124e2330bdbbb428ec89c3ed9,153fb90c16a95a3c0ea6cc48a1a4069c,5,,,2017-11-26 00:00:00,2017-11-28 12:40:00
8e7d6637cd82be535e19988b741418e0,f6cc5ac0be9196f2fb3db04bace5cd8b,1,,Falta entre lojas e clientes ,2018-04-04 00:00:00,2018-04-04 11:34:31
8ba3773999e3da3fda42bcf36d8343b9,39176f8e4a96aef60a2f8df4431ae834,4,Produto de boa qualidade,Produto atende as expectativas.,2018-05-19 00:00:00,2018-05-21 20:12:47
a25fcadc49dd8e9772b1af2de1effc18,172587311d5d0329ae5a761bf6ae4c80,4,,,2017-12-20 00:00:00,2017-12-22 12:40:31
c5fe8d371ac7b94e54def6576817739b,21577126c19bf11a0b91592e5844ba78,5,,,2018-03-30 00:00:00,2018-03-30 23:31:02
b53478397d5b5ecbd911a7f13bf86b22,3843764d4f30d3653388f1b55c3a9ac5,5,,,2018-07-07 00:00:00,2018-07-07 15:42:51
6456c664e7b591bd644d57db88a8de27,d63ca971879bcbc2bc28cb2b4a8d1c52,5,,,2017-11-08 00:00:00,2017-11-11 19:52:55
042968610802d8fe0a66d3d33874b656,62005c92ae50253cbafc90c07cf33d2e,5,,,2018-08-25 00:00:00,2018-08-27 00:35:19
075c98a893b8c764fbeb9ead192011e3,4b25b8fa39f9cbf4b728426f6b09b1aa,4,,,2017-12-14 00:00:00,2017-12-18 14:57:48
cb18f53b563f0bdeb76be0376ddd6b6a,efd626e6a12a82d76e456e34093f8356,5,,,2017-12-28 00:00:00,2017-12-30 12:07:50
32f27deb1e730b3b504a4ab8ab055d8b,6fefe7f276220450fc08b7c974e21fb7,5,Excelente,Muito bom parabéns vcs são muito profissional ,2018-07-12 00:00:00,2018-07-15 15:33:57
afbbeb501600053f6666ce1fbbf204fc,dd1bd072c709a5e654fd047560eba5aa,5,,,2017-08-29 00:00:00,2017-09-18 20:03:22
3c8d4129079f4d83d978981a9c5faaa9,e0c8a0e62ecd027577c1cfdb38c8f1ee,4,,"Bom produto, entregue rápido, apenas uma ressalva, não veio na cor que escolhi, fora isso tudo certo",2017-07-27 00:00:00,2017-07-27 20:56:38
c1b8c7b2c2d559b26389fb14f83a60d2,6e2da070f43077174091a78e68313684,5,,,2018-08-04 00:00:00,2018-08-04 20:35:57
16a8feee8fbdd5b312a16a131c4e5018,a49dc0169f9bb6d3ac9829bdebd12299,5,,,2018-08-01 00:00:00,2018-08-01 15:15:29
8e31195cd5b8c914b95effedb1c305f1,1fc1b67424adbd232ce0356571679bfd,5,,,2018-01-10 00:00:00,2018-01-12 11:12:31
537f9fb62c13340dbd78ea0b0023f25f,113035b11296fba96615d97215b9e301,5,,"dentro do prazo, produto ok.",2018-01-18 00:00:00,2018-01-22 13:14:53
b1dcecb0fa4f77791e454183c0752e1e,7b2bc7c55531623ea7b22e2a191b21cd,5,Recebi antes do prazo ,"Recomendo , recebi antes do prazo ",2018-04-26 00:00:00,2018-04-27 00:38:33
79b900cd7917668e3ad36a1b49f401d6,4a1c879db7056f078a037fdf72b6d0fc,3,,,2018-08-01 00:00:00,2018-08-01 12:46:33
4789d23063fa1cb3504537362592c799,d98fa029a1d4f7a477678c66f0a5d780,5,,,2018-04-26 00:00:00,2018-04-30 18:08:22
674b3a75fed1535a1e8b6fa290cd829b,f6a1315248ae1d7cb19cc912d5239771,3,,,2018-01-25 00:00:00,2018-01-26 00:44:15
0c41678afcf4e9df769eac6ea5582f02,61877f26b314bbf4aef8f12f4cf0ed7e,5,,Super recomendo ,2017-11-18 00:00:00,2017-11-20 19:55:30
5621fb46b52d7aa11a51df46716d867d,44aec9c2be37dd0f0b954562c94ccfec,5,,"CHEGOU ANTES DO PRAZO. Isso já conquista o cliente e o produto veio direitinho, embalado e a qualidade muito boa! ",2017-10-04 00:00:00,2017-10-05 12:26:28
ca95fa3ceed2ad933c1b8da7068d0efb,036ea72a17833a6fbbcd3e4df8250292,1,,"Recebi o produtos errado, e não consigo fazer a troca ou devolução ",2017-09-26 00:00:00,2017-09-27 07:50:09
7a0cc32ea49cfb0934b9eeb122da4cc2,13f726430863cd4a81b6899e25010475,5,,,2018-07-12 00:00:00,2018-07-12 19:10:08
ad4e2d239fe7e53b7f438557181f19b0,8048d654b51cffc429b4e7121a23f7c8,2,,,2018-06-30 00:00:00,2018-06-30 21:50:11
6cd77a0f47a0f55a1d86796a12f599e6,4045e63d7fe9fce2f38928253adf5c2d,3,,,2017-12-01 00:00:00,2017-12-04 22:18:49
4ecc774fca8396737ffa97ae801ca71a,62473d4e38d5bc1cbe9ba89c2e552183,5,,,2018-08-31 00:00:00,2018-09-01 02:23:54
ef40b46f5205028e41d6b4d7016808b1,30fb13279028a5d1ebc47f8ace9b041f,5,,o produto foi entregue antes do prazo,2018-02-23 00:00:00,2018-02-23 18:59:09
291cd4cf382eaa53812b04a26d53288a,8c0dd54ff6a273a02de12494c6bf299f,5,,,2018-08-05 00:00:00,2018-08-15 01:48:42
beaebb0293d5c0a300dbb40224be5403,2ea63ebcda77acab196880c1dfb295d1,3,,"O produto veio embalado, porém amassado.",2017-06-22 00:00:00,2017-06-26 15:19:06
5107c7cc288a471d330c021515781737,17c9362cdf27556b1765d93729c3beb2,5,,,2017-05-27 00:00:00,2017-06-01 11:46:33
ec78bbfe816b721840ab1af264242daa,8dca7901c45e1525ad654814a7db9eea,4,,"relógio bom e bonito, porém a pulseira as vezes tem dificuldade de fechar direito. ",2018-01-09 00:00:00,2018-01-12 02:08:56
dfae645401bb1289eb3a5f40931f0f8f,f52770381c11ff33137e243fc4e3a7af,1,,"comprei o produto, não chegou, não respondem os Email sobre, não dão um parecer, nem da pra rastrear o pedido. Nunca mais compro nessa loja!",2018-02-10 00:00:00,2018-02-10 18:01:59
71a9a521989995917cb98b51a3a84ab8,4089dcf1cbb89bc02b04c143c7dab499,5,,,2018-05-15 00:00:00,2018-05-20 13:45:16
a6a6d2f97b28e8aca22046635855fe63,edcf1e1eeb52381be9388c90152be52d,5,Pedido entregue,Recebi em 3 dias muito rápido tudo perfeito parabéns ,2018-08-25 00:00:00,2018-08-27 16:43:30
5a548133f7d68fb14bb6c8d9a7f828eb,64a484ba398186acb5cc014f8c5d1de9,4,,,2018-01-09 00:00:00,2018-01-09 19:47:08
619569026aa22c9ccec8c5ba6c722d1c,65a56537a4b967ab349287b7c0229c07,1,,"Ainda não recebi meu produto, houve algum problema com a entrega, por favor preciso que resolvam esse problema pra mim!",2018-03-24 00:00:00,2018-03-25 02:23:42
3f61d852dc323a0a10c0dcb5872c30a9,7f8ea9cfc45806c663bbb7cf99b530a5,5,,,2018-05-22 00:00:00,2018-05-23 12:56:20
571531e38f63aac4f7eb6d483c0f25b6,ba7da6649755130f12897371beb31272,4,Recomendo,Chegou bem antes do prazo. ,2018-08-29 00:00:00,2018-08-30 14:02:46
a3417401d2b6c9e2ba1ccc04fb2ddb5a,2e612a3508e4bce75344e6bfb68f28e0,3,,,2018-02-23 00:00:00,2018-02-27 22:54:59
6cd5b99752d9e5028e9e724530d61d8d,c2dae969e4d48f3afc69a5503b48bed1,5,,,2018-01-18 00:00:00,2018-01-19 12:27:27
10fb437c053b299f8854658f94ba229e,3a5f9959785e2cc88b4618dec84a5834,5,,,2017-02-25 00:00:00,2017-02-25 11:15:22
cb5f1a2b1e4247ba82b77ebf989e2bd5,74500bfc015eccf3d38f95558177b21b,5,,,2017-07-06 00:00:00,2017-07-09 03:03:11
24398d32ae64c2f64a78c4ca648d57b3,f69fdefb076eab898275116d3af13742,5,,,2017-12-02 00:00:00,2017-12-03 14:01:02
49a218077b572a52c8834432d717ec54,4d2711a0db9f671c10f8ce62aeb438bb,3,,,2018-08-28 00:00:00,2018-08-30 18:18:40
9db1509df8e121348ed6a74c5704f4e8,df906ca18e91f3bf9c6f0c2a41d54a94,1,,Abri a embalagem do cartucho colorido e instalei na minha impressora. Ela mostrou a presente de que o produto é falsificado ou foi usado. Solicitei a devolução.,2018-04-19 00:00:00,2018-04-21 17:03:27
95235d512cec6fe82587780c42e46f69,6d0da5add693d625079fa8fdf40967d6,5,,,2018-01-11 00:00:00,2018-01-14 00:31:40
3d97f40d3856a16a84900a8a0048e22a,040ffb806b943aa19e0b176e7746b2b7,5,Super recomendo,Material entregue corretamente ,2018-08-03 00:00:00,2018-08-06 11:10:09
91e0d5c66355d0d7ec38de08af197139,cac1850fae99ea24a8186fad4db365bb,5,,,2018-05-18 00:00:00,2018-05-21 00:07:15
b57d0eba62250faf6bbb49afc360bdb0,7e030f7ce01972bbf5aeeadffe8f930a,5,,,2017-09-16 00:00:00,2017-09-19 02:59:31
ecae2de9769ce34471c511a618d33e2a,171f303505168e746c3ba9dc70a1c1f3,5,,,2017-05-24 00:00:00,2017-05-25 07:54:33
3d16e971fb5574e79a10aa2612090096,1cbc4deb78977f04e2e3c262a613abc0,5,,Otimo produto.,2017-12-08 00:00:00,2017-12-09 14:35:28
9d9c42b9d891d8ce1b44fb7188f333b1,97190f1266ff922bc8bab1fde79fbec0,5,,,2018-02-24 00:00:00,2018-02-26 12:41:33
acec50ce3400a2e32588f249c7c4e8ab,aa9807c58e870fca0fbe582723264ed8,5,adorei,Adorei chegou antes da data prevista e o produto estava em ótima condição muito bem embalado. ,2018-04-28 00:00:00,2018-05-11 12:36:36
0cbd2b0e4ed6ba97c357a70ae09885be,b153954b30a6a686b88cf18a599b4382,5,Tudo certo!,Deu tudo certo! ,2018-06-19 00:00:00,2018-06-19 21:50:21
e6a0ce6e34d8b61c63d92d2e084d8671,3188b88d4562d627bf472b5a3655237c,4,,,2018-08-23 00:00:00,2018-08-26 15:23:15
8214e245a842f9cfb90c9d48633ca45f,83d5a4507ca3b740b2e4642220ebd8d2,5,,Sempre apaixonada pelas parceiras das lojas lannister,2017-03-21 00:00:00,2017-03-22 05:07:10
cc86ca5beb8b2bc5752aa3917a1be502,fd7303a4968ffb3832a0bc5fca2d2b6a,1,,"Recebi dentro do prazo ,porém não gostei do acabamento da cortina .",2017-05-30 00:00:00,2017-06-03 20:46:03
8e5c7b999fdacb28aba7e3ab5d27fef4,5546e31c47b50234b9ac599f2f8c0061,5,Recomendo.,Rapidez na entrega.,2018-08-16 00:00:00,2018-08-18 18:07:43
280c7e741e75368a64ef664dce27a30e,f13f5fdf45611c82c2e37a20c065ddd1,5,,,2017-07-26 00:00:00,2017-07-27 15:45:11
99c201de78fcc34e1164a3c15ad03b75,bf5df6110fa6b9de1ed64e327a25396d,3,,,2018-01-31 00:00:00,2018-02-04 17:51:05
9744d35c89f00cab38895418d28fb542,82984749eb983f9f558a003b3fc693f7,4,,"Produto de ótima qualidade. Entretanto, no site tal produto parecia ser mais peludo. Contudo, loja e produtos recomendados. ",2017-09-12 00:00:00,2017-09-14 14:20:23
3c68a3838d7a27763963200426cbd1bb,3fc2e32bfc88b2bf0e9d7437503d82dd,5,Ótimo,Maravilhoso! Faz um pouquinho de barulho mas faz bastante fumaça!,2018-07-27 00:00:00,2018-07-30 01:27:04
c053a0311ef490643a8cca003f96197f,19f98c610ce8a9b866159c5db4784373,5,otimo. ,comprei num dia e no outro já recebi o produto. Recomendo.,2018-05-12 00:00:00,2018-05-14 11:03:12
cc897353938ed2a96cfafc865767aa42,063009988101940b4392ba9b2f2ca112,3,,,2018-04-03 00:00:00,2018-04-03 23:32:39
786982525b0632c435d1d09403093164,98e94d121fb6444de93e426ceeb1e0e0,1,,,2018-02-07 00:00:00,2018-02-10 16:01:28
53666271054f7c7f2137c1f3fc92a849,06d5cbe68295558fd6c48998db3ea397,5,,"As três empresadas associadas da targaryen estão de parabéns! Entregaram os produtos bem antes do prazo, e já estou degustando um cafezinho moído na hora, preparado na prensa francesa!",2018-03-30 00:00:00,2018-04-02 21:17:02
7ac202ab6a665ba78af644ffcaabdf70,b231ac7a6c9bf6113ddfd94e6fec8cd8,5,,,2018-04-25 00:00:00,2018-04-26 03:12:57
1bddc8a76a185e9a912afe207cd0ceb7,a01cc79e3afbac4a52ce1d528080e438,5,,,2017-01-19 00:00:00,2017-01-20 09:28:37
9071bb9921a657cb53c1ac4587e30c5c,ead4a4f0272fc900657829676e8d963d,5,,,2018-06-21 00:00:00,2018-06-22 00:21:22
82937197416c19ac1e0f64aca8529fb6,d1f7b8ef7a59b18de8df95b7b8073a5f,5,,Produto maravilho.,2018-01-09 00:00:00,2018-01-10 11:46:07
c82bdfcf295fb8f5cf48d93e7b811f20,5d17efea0be94cdb2964031a1eab75dc,4,,,2017-04-06 00:00:00,2017-04-07 14:42:10
b305774ea1824b46727c0b9c49ba4572,ae97799b02696e7937ea854ed542d015,3,,"o produto veio com um pequeno defeito, mas nao tenho tempo para troca terei que ficar com esse.",2017-03-15 00:00:00,2017-03-16 17:31:20
cbef595a04fd6d86eba257c498fbbd2a,4d15fa859019443a04411eea14fe841d,5,,,2018-03-10 00:00:00,2018-03-13 03:02:09
01f949d9e841c3d9a797b211ce56e043,744dddb0362cbcb141adaed27f19cb3a,5,,adorei o produto e chegou bemmm antes do prazo...parabens..há anos compro nas lannister..parabensssssss!!!,2017-03-19 00:00:00,2017-03-20 15:34:17
cf16a47944e0e64c699604c76cd75a1c,2a9d70160f5851dffc39e01a5486fb62,5,,,2017-02-15 00:00:00,2017-02-16 13:38:03
79b7f2970ebcbcabd64baba000ce9a0f,5d3d6b8740f0b956853ba943e42e2c22,4,,,2018-04-27 00:00:00,2018-04-30 01:55:37
1e5b5dce6ce06e18d8208052b99bf2a3,f1fbc76b5a7cfbf5170cba46cbc93c24,1,,"Não posso dar minha opinião, já que não recebi o produto ainda.",2018-04-22 00:00:00,2018-04-22 12:53:01
8639481fd00f5690085c9cb4122eb0d5,da19f73a444dea9507b737d32d8eef61,5,,,2018-01-12 00:00:00,2018-01-13 13:51:17
c1fccb6e673c45bc6d16ee424f6829d3,50dca56efe42d2213549482d6a885d6f,5,,,2017-11-10 00:00:00,2017-11-11 08:10:03
7e2a158ac259903ff7648abc0e3b6dea,eed14d209dc537c9d99afb938efb2c0e,4,,Aparentemente produto bom porem ainda não utilizei,2018-03-23 00:00:00,2018-03-24 01:31:55
32fa8b38c4ff4d1d0104bbccd8333738,c9c0bd3b9db92cebece12e761bb8454c,5,,Produto ótimo,2017-09-20 00:00:00,2017-09-21 17:13:51
91b45c7885c706fadd94f5f020e7bdfd,57db9f1b9ba0b6c4abcb4eb40e83c182,5,Super recomendo.,Creme maravilhoso para dor nas pernas. Recomendo.,2018-05-12 00:00:00,2018-05-14 14:42:49
fb3ef4ffba1b394745b2ae24ba9e6b39,de7160c97baceae5b576f3266f6b5752,4,,,2018-08-02 00:00:00,2018-08-05 02:57:30
6612e76bf964d8691e635548e425e026,cf774fe62d37125e7b9638ef68f872b6,5,,,2018-01-16 00:00:00,2018-01-18 23:17:49
d8d48b888c8633fae64a981cd87f0f1a,b2a075b61f56f754745f60eeca7c0f63,5,,,2018-07-05 00:00:00,2018-07-06 00:56:00
4a461ef04a47363e8cac038138ce8c3f,96e080e0b5e48d6beb4a7faeb056f5ac,5,,,2018-06-26 00:00:00,2018-06-26 23:48:01
3ab23c041a0ed2dbf1d7c139e29f9034,56f663cba1638e1a90a2fb8e4716a2db,3,,,2018-02-23 00:00:00,2018-02-23 23:46:03
2558da4aec17b2197aadef3f8d8f6044,36181ce9f0459af55f5aae302b4b13a8,5,,,2018-03-16 00:00:00,2018-03-17 11:13:46
fe8746b77e407fa4d16e8180bf71f857,208f186df8ea1fa4fa3d2672752e9788,5,,,2017-09-21 00:00:00,2017-09-22 11:37:35
8651ec35982b6bddaf23b30d932eff14,21a8afe0ed14ff28046585ae724b5410,5,,,2018-03-20 00:00:00,2018-03-20 15:32:55
fe1c667f996018454223ff8749909f83,c0663e7701a516c68fa3009dd4f93ac0,5,,Foi tudo perfeito.,2018-01-13 00:00:00,2018-01-13 21:40:51
9f042ee8c9fc2dd7248eadead8e7b074,a159f0d3b012cdad58464eff20f5a4ca,5,,,2017-04-20 00:00:00,2017-04-22 15:39:00
99e9b4143b14d611ffe2849ce70175ef,d412e855fc7d9c1019d9fcec73c0f7c6,5,,,2017-10-12 00:00:00,2017-10-12 15:37:11
7c070900e55b6e95aec2f71b87522254,5e52347cf930a594b49921ee25d22742,1,,Não recebi o produto. Não recomendo. ,2018-03-21 00:00:00,2018-03-21 12:27:18
996d65693686ef6879f8c3bdd0f1768c,ab46b23c27822b224f0e2fcca0f25e63,1,,"o produto veio faltando diversas peças para montar o produto que trata,se de uma gaveteiro. Aliás, não tinha nenhuma informação de que o produto viria desmontado. Quero fazer a devolução imediatamente",2018-02-07 00:00:00,2018-02-23 00:01:01
13cb7132726e2f10d735be108efb4cae,c8de7faa920cdcbe41252449a3fd36c0,1,,"O produto não foi entregue. Só quero saber se vai ser cobrado no meu cartão de credito, e se for como vou receber meu dinheiro de volta ?",2017-07-21 00:00:00,2017-07-25 00:41:17
f224c8466df0f44bfd4248ce6231563d,9cb00de5b638536df59a274ce43e811d,4,,"O produto, Maleta Médica da Barbie é lindo, perfeito, nossa sobrinha amou...
Só teve atraso na entrega, deve ser pq foi enviado via pac dos correios.",2018-04-18 00:00:00,2018-04-23 09:37:19
67d2ec1b93f80979b16246cb7ffb6aef,be59e03672bb8d48da16e07a0fb660a8,5,,,2017-12-12 00:00:00,2017-12-14 23:40:57
59740d1863b428c90142e08fa7f1fc5d,1b2eb899988cdcc0c604910e20a76c5f,5,,,2018-06-07 00:00:00,2018-06-08 17:34:50
b9978c166b963f8d7942ecb407c4e93b,b43a195dd28616394e0209e0499adcb9,3,,,2018-07-25 00:00:00,2018-07-30 13:43:59
4a6daeb9d6ff9ee609686a160604b4e0,141d7ee98d9a50269f84d9a3c5330cba,4,lannister super pontual!,Adorei a rapidez da entrega,2018-08-31 00:00:00,2018-09-03 00:42:27
8dd91b56caba5108382864a5a84e297c,eb54462c208a5481d2af421ca4f66780,3,,,2018-04-29 00:00:00,2018-04-29 17:43:04
fb9572a1ab554ba6a0ef7ee0e4fb2907,d9d6038fc6b49e88d43af0a6d43f0846,5,Otimo,,2018-05-03 00:00:00,2018-05-08 16:31:17
782b78cc47b6ba684246ff9b83bb3e01,a8a42525a528f4f3b6c343d8cfa0a374,1,,Baixíssima qualidade. Parece feito em casa. Nem forro tem. Vou devolver todos.,2018-06-10 00:00:00,2018-06-11 14:30:58
3ee8556f8cd3dd292d0ca2e9711c99f0,5eeac31e1838a5a8563b9d111cd09a5d,2,,"Rastreio falho,produto ficou parado na postagem.",2017-11-10 00:00:00,2017-11-11 09:59:00
9e8827757bba12ddc7d7c1719beb2600,f9fa435b229b328ac3cb116184422b59,5,,,2018-08-28 00:00:00,2018-08-29 00:59:10
ac8e9f629bd20a77ac184f621516bda4,e44ab38a09c7c1c8491ba831c5527914,4,,,2018-03-14 00:00:00,2018-03-15 12:00:15
e8e3e00c780b33a3a53c0b11220e67e2,76c077c302894d52a9cecbb6bc322b24,5,,,2017-05-09 00:00:00,2017-05-09 23:56:37
f9385a629ac83a0100a0c5d18a96381b,421b4ffa3b5162cfda443317c902f866,4,Eu recomendo ,Tudo certo com o produto,2018-04-28 00:00:00,2018-04-29 00:09:11
070ed4d6f1cc6097bf812b09293aad19,6fec846920d64dd20cad8adb75d01e8d,5,,,2018-08-11 00:00:00,2018-08-12 00:04:24
fd793fea4f4a2ddcc956561144b6c04e,82bce245b1c9148f8d19a55b9ff70644,1,,,2017-05-11 00:00:00,2017-05-12 11:25:49
727ba168e0c3df973c3ff4b7c4fba7c8,e13c7d85f07a4e00c383115a154dcc39,5,*****,Sempre bom compra na stark,2018-05-10 00:00:00,2018-05-14 16:53:59
6d9c48c73365830a854ba69afe49eab7,7e17bef0b77734da366177cd331ed66b,3,,,2018-03-06 00:00:00,2018-03-08 20:02:51
210f27c9bc208d9068afa2dbd2e352a3,d84ce4acc4a19690d7a7b6f5df4d3023,5,,,2017-07-28 00:00:00,2017-07-29 01:57:56
e03f493e88d3eaa2511fbf692f1e44d6,a5519d2a4e5aaee48134163456803e4c,5,,,2017-10-06 00:00:00,2017-10-07 08:48:32
fe223e578862d6da150088b7578896b0,d1ea55f7318ed68dab3622af81e15141,5,,"Produto cfe. o combinado, entrega bem antes do prazo previsto.",2017-09-01 00:00:00,2017-09-05 00:26:42
fd6a7fcd3fb862a384c472e2470a46a3,60762802b48bb6d256d55b013d115013,5,,"excelente vendedor , recomendo ",2016-11-01 00:00:00,2016-11-04 11:19:28
ae5e0c90e4cacde00bea68b857dec5d0,48fbeebc9d59b8f5b8c06d87af9626f2,5,,,2018-06-20 00:00:00,2018-06-21 02:06:09
28783c4d87f732112245a89f9f977e77,7caa2aaed7e9a56d1bc1004eb7d296e5,5,Gostei.,Chegou no prazo. Excelente produto.,2018-07-21 00:00:00,2018-07-24 01:17:46
7feb3cbe9343b9a1294a9ca0db0f0e42,60fc7ade1e92f28d610e6e529997e56c,5,,,2018-03-28 00:00:00,2018-03-29 14:34:25
58426a3ff2845f7ada3a5f39a45bd27f,2c3c10e3041b454de87327e09b5816b7,3,,,2018-06-21 00:00:00,2018-06-22 14:25:19
f17b7331e5aa60ba296885697b14cb2d,8c7743df5e89b7178ace0e9b7afe5208,4,Boa,Dentro do contratado,2018-08-23 00:00:00,2018-08-24 20:50:13
25e6bf75c8caf23702aa2190eaca69b8,993b2e3062c079f457a10aa536f9ca31,4,,,2017-11-24 00:00:00,2017-11-25 08:52:42
5c17f3503aef95ae9e5f1dc36af47f99,9656510a0f73952b9c305fe0bd264056,4,,,2017-02-16 00:00:00,2017-02-16 18:59:06
b15ef5c5c9e0b7b07b42a5d1642d2351,0d1bbf582326272fa550ed829bd2e1d4,5,,,2017-02-10 00:00:00,2017-02-11 14:10:54
249493d6678195e3c588fa0e2c425858,90baa6d3d361db0998df0ce29f002777,5,,Bom,2017-12-21 00:00:00,2017-12-23 03:59:50
8274a7723f2ac50c61850e78daa3befb,a3c299fda1b92fa41de80b43ecc70ddd,5,,,2018-08-17 00:00:00,2018-08-17 21:38:18
3bf80e5f709dbe1f26f90eac2437be49,4bb6e6f5af26e1f5951d934386615406,5,,,2018-07-10 00:00:00,2018-07-12 20:54:30
ba5716028a59719c4507b8a3c8a697de,0231f6b89e5798ff6c0dfb1e18a94da9,5,Maravilhosa a qualidade,"Muito boa a cadeira, ótima qualidade,e clara a explicação pra montagem.
",2018-08-18 00:00:00,2018-08-19 03:15:21
2ad32b9ebca5ff2671b21080ac4361fe,0b4129a3415a486e4965d618f9b5debf,5,,De acordo com o anunciado. Recomendo!,2017-12-12 00:00:00,2017-12-13 23:13:33
cf119f9dbf57380aa663f830fc03ad2d,2148d1d6458e2aed4af9ddd978c48ac3,4,,,2018-03-08 00:00:00,2018-03-10 11:09:12
610d07a3bf095dbb3a3c5efc28307f78,3ea37e479ca4fb57227d43b806c98174,5,,Loja ótima.,2017-06-15 00:00:00,2017-06-19 14:27:39
5c90578dd3ed342678d7edd094f29aab,8b8db8c79ea533bc4bfb2b5c854f552d,5,,Boa mercadoria,2018-01-12 00:00:00,2018-01-12 23:39:05
2bb5191ce582291eeb3061e191ec94f5,1265cc7a9988226b4abf1885582ceade,5,,,2018-08-14 00:00:00,2018-08-16 19:50:42
5cecc19b26b867e5b1f4946f4b2b636a,0664199560952a51d76e1ccdadbd2cb7,2,,"Não gostei do produto, material inferior. Imaginei que pelo preço fosse um produto melhor. ",2017-03-29 00:00:00,2017-03-29 21:05:43
ef28954f6fc830846331b68d34b026da,8c17e98f67708928c1b03bb705c14b3e,5,,,2018-07-05 00:00:00,2018-07-08 15:05:42
665f42f69f5e7ee22f49e2aa9bd5d7b9,bbb7e3b704844468f580cf9f68b0ddd5,4,,,2018-07-13 00:00:00,2018-07-14 00:23:53
5303eaf249f1a27c9ed08c4580dbf5da,05e8d222c5597784b04c804e183599c7,5,,o produto é muito bom material ótimo e entrega no prazo correto ! satisfeita,2017-12-08 00:00:00,2017-12-13 14:56:10
d055795a562efffefe47ef81e5435322,20edc82cf5400ce95e1afacc25798b31,5,Muito bom,Adorei,2018-07-06 00:00:00,2018-07-06 20:30:17
0c9173f253f04af4c562a775f8f28a73,65a05062e11f3e5121cd0e0723bf765d,4,,,2018-06-09 00:00:00,2018-06-12 12:10:28
35f54313f077af011b5e3a8f0dafb9d7,771ee386b001f06208a7419e4fc1bbd7,5,,Fiquei muito satisfeita chegou bom rápido!,2017-07-04 00:00:00,2017-07-05 00:12:17
1020aabe7287524da654d71a06103261,f3a90b689fbd9cfa13d56d57dba508f2,4,,Bom,2018-01-17 00:00:00,2018-01-17 22:07:41
574cd2f3280b161b124d395743d0b639,5935b70a1cae39b66d05db3bcfa4a144,4,,"Produto um pouco fraco, mas atende",2018-04-08 00:00:00,2018-04-08 21:26:56
188a58ba7cd4b64ab2fac405738066d0,5322755defeb2e8863500740172a082b,4,,"Cortinas muita boa, e bonita ",2018-07-12 00:00:00,2018-07-13 10:18:09
456066b040655bb1b65b8e87f659f41a,79b63d1f9cf0257b33b04fbfb0847cba,5,,,2018-03-29 00:00:00,2018-04-02 09:13:16
76369228285e09c8d6834263489bc76c,35147acb423f303e15d12cfa60292799,5,otima,,2018-04-28 00:00:00,2018-04-30 18:34:24
3bded9569cbaa7215ef0557c949cd926,12126a7699ca7a88dd86dd3f52bc8baa,1,,,2017-06-02 00:00:00,2017-06-03 10:23:03
a1c2afbaa7876791a0751f94f9e5186f,9c37d94303e95d233a4608dabc34f802,1,Produto diferente da foto,Produto diferente da foto. ,2018-06-30 00:00:00,2018-07-03 02:35:59
bbe5d9fe738691bb827936572d059fa0,bdbcb0e21f0d85538d17911900b26610,5,,,2018-08-03 00:00:00,2018-08-06 14:19:01
f5d3050a94e8a8bc94b5726cda26871f,a9fff775c01f5c2af9b79817fab57cd3,5,,,2018-07-05 00:00:00,2018-07-07 10:20:18
778c1c88259213fca022b83911cfba27,03ee28c413aaef04d718e00ed85eb678,2,,Precisa ter esta avaliação em todos os produtos q se compra pq ainda tenho compras a receber,2017-03-04 00:00:00,2017-03-04 22:35:54
50e10c50ac0969b32f3921cb929b6125,ac046246a304e47bb50a9c923430aa55,5,bom,,2018-08-17 00:00:00,2018-08-20 10:59:15
ca08f9b0a4272001959580ccd0eb27f2,bc3fdb57bf20b2ce17d66ab9750415ba,3,,,2018-06-02 00:00:00,2018-06-04 18:09:28
7600f225616e03c6614648e5a781086e,09c74db044dfe6e7f2a6b6a6750f36cd,5,,,2017-04-14 00:00:00,2017-04-15 00:33:53
196867b6f7feb43ee4dd00f69652f98a,716d94482440b2b6bbd8346eb9fb3e14,5,,"Eu gostei muito dessa compra e da loja também.vou comprar mais outras coisas. Me surpreendi com o prazo de entrega, foi mais rápido do que eu esperava.Obrigada.",2017-07-27 00:00:00,2017-07-28 03:16:13
5e024034244da20b532d9e902a9a1c67,3f695ee2567af0b169e482d825ec8e31,2,,,2017-12-29 00:00:00,2018-01-02 17:36:23
2d12040eb0c4aeb8a8738c53dfc268c2,caeae132e3ebfb4af85f98f054c37ef6,5,,,2018-08-12 00:00:00,2018-08-12 20:06:17
30265c15099ee689e8a0ac8a66b391df,89a7352733b3aeb0fc18bb034b52cc5d,5,,,2018-07-24 00:00:00,2018-07-28 14:58:05
8d057f95240cbc1a3af12926467d3495,345f3128d7ec2b4fe1b30bef9c24ac82,5,,,2018-08-29 00:00:00,2018-08-30 20:46:56
0d4c56af896dd6eb9de8edbaa1902d22,ab7c89dc1bf4a1ead9d6ec1ec8968a84,1,Péssimo,Comprei um produto de uma marca e recebi outro inferior ao que comprei sem falar que me cobraram frete é tive que pegar no correio,2018-06-16 00:00:00,2018-06-16 13:55:00
fa65aae26ae104c02f17dbae7ea79537,34479af2d143031f3a316ed407892b51,5,,otimo,2017-12-07 00:00:00,2017-12-07 23:14:53
1c9cd935a01b406a1d028fabaa13b49e,b1503f3f344c66cf0a3bdc1e2a6e3fcb,5,,,2018-01-25 00:00:00,2018-01-26 01:23:06
07b775161d584ffb71745e4665e50087,98c78522be2bccf4c3948451a1c463f8,5,,,2017-06-18 00:00:00,2017-06-19 13:31:14
c11542b88897fb0cb9fa08ef0da089b5,8104809ce1b8fe36d8228fd0e357ebc0,4,,,2018-04-28 00:00:00,2018-04-30 19:47:56
23a9e68ab9703a40f9ba2ef268e29371,96a2ebaf09ce36a4370b97e9fd0d5a85,5,,,2017-06-22 00:00:00,2017-06-23 15:23:04
143dafdb388bcd1de451f7f0034b1a34,dc2b85f0ddea6ef19805bc5d4d599c53,3,Frete,Paguei o frete até a minha casa e tive que retirar nos correios,2018-06-22 00:00:00,2018-06-24 18:04:11
c957a534467dbc674fd582c48603a848,b7ada522cfb63d2f443ab987bd38c885,5,,,2018-05-25 00:00:00,2018-06-04 11:37:44
86e6299fc8bd075add009981156faca4,186ac860f8928db64590e1fdd744c9f5,1,,Não recebi o produto. ,2018-03-30 00:00:00,2018-04-03 17:23:19
6eb94b73aa5a44bbd97b2d0d30e8caee,1783899eca92b0bb639951f0a8909018,5,,,2018-02-08 00:00:00,2018-02-08 20:26:54
7bbd0942fb46e6950f875e01f969fabc,960de6b16b5ce4196d243baeb9d1a699,5,,,2017-07-28 00:00:00,2017-12-11 15:43:08
e12dcd76e07e6dcd3df00a0bcaded933,b73939058e5490167b4c069d941208d9,4,Muito bom e bonito,,2018-05-11 00:00:00,2018-05-14 10:36:44
6ec96c95472b4c4fc6e2a5c6c4069b1e,581e3fa3023c8c6a8a485e6f8e52ce2d,5,,recomendo por tudo da avaliaçao.,2017-11-17 00:00:00,2017-11-19 12:04:55
8c20d26c090f9b2cecd9c7d10d639eee,cd833669dc6a68cd473eac313fe69a6c,5,,,2017-07-26 00:00:00,2017-07-26 23:30:46
a6808f110a30d4d11e32e099aae1ade5,d7646ffe8fdd9e7d9557f9f7cbf04530,5,,,2018-05-09 00:00:00,2018-05-10 12:15:42
f336f969cf58f0c78b72a680bfc37b13,a3965b3546bff7e3ec5e766fa6e8d865,5,,,2017-11-04 00:00:00,2017-11-05 11:38:43
3d7cd8ee50aac0e6a35e71b3bfcdde21,23e9f8ff4531eef8fbeb21efcf4ca260,5,,,2017-12-19 00:00:00,2017-12-19 22:20:08
f6a135b67e40182ba3ff18909e160bc6,d51e56e6a1d66d3b91bf2334a386cd69,5,,,2018-08-28 00:00:00,2018-08-28 18:53:42
9c3ad68ee4ea735e4d975a0ffc96bd3d,85feadc22f532c19478ba1b613a1f40a,2,,,2018-02-16 00:00:00,2018-02-16 11:00:45
556f7ab74163a2edb3259b95836d9d3b,8375044308874af1c50719ecaee3786d,1,,"Ainda nao recebi meu produto, que seria entregue ate dia 12 de janeiro de 2018
",2018-01-13 00:00:00,2018-01-15 17:05:56
8b501bff4e0e41fefea887ce9903ab6f,b87f0af53388149e08ee91a0b00816a0,2,,,2017-12-30 00:00:00,2017-12-31 13:54:50
295fd6a341d849a3966be76fcb0bfab8,2463279edadcaf575a27466ac0030f67,4,Ok,ok,2018-05-06 00:00:00,2018-05-06 17:43:21
16e7439172ec279091c4e2ae23c8b37d,9841304c5432e46d9cfd508835b743b1,5,,,2017-12-06 00:00:00,2017-12-10 21:38:24
67ec19015be57d4a54fa2ca28874a6d7,b46846b45a07d12a5553a67d4320ba61,5,,,2018-07-25 00:00:00,2018-07-29 19:17:59
eef960af5748ae413579853e21a07c20,4cf7b60ee5bf3891424ddb434b261cd5,5,,Tudo certo.,2017-07-20 00:00:00,2017-07-21 12:06:57
a646762031c5eab8563cf1b312d85a2d,0e485d1f54cf7d8e93339478d9e1d884,4,,Eu recomendo o Vendedor.,2017-07-28 00:00:00,2017-07-29 00:07:46
a12210e0f84fabf059dc5f25366bf052,3e4c1f31ec362fab325d2bd1201a7c0a,5,,,2018-05-05 00:00:00,2018-05-05 23:29:39
97ec2b5493793c1317c7bee94c770f28,a65123674e1b3ffde2fff9af8c009f30,3,,Só o erro e quando pedir um produto manda o certo ok,2018-01-31 00:00:00,2018-02-04 12:40:57
bb0b6ac67806dc9345bffa4cf74fd099,8782135cf0f7ffe6fb80bf501a37ecd2,4,,,2017-03-18 00:00:00,2017-03-20 12:16:12
cdfa7da7ca45bac8e0b24e2b43950b0f,55463b6644570a60e7bd7f1c26c3c46d,5,,,2017-05-26 00:00:00,2017-05-27 11:46:59
5be696d49601bff7b39fede80dfa0016,2565582c3ffde36251dbe19595831796,5,,,2017-07-29 00:00:00,2017-08-01 00:20:11
0570d557359c0c47edfe97a067a635a4,76a49c5fef54cb6ca3491709fbb1690e,5,,muito bom atendimento,2018-04-21 00:00:00,2018-04-23 14:51:33
5c99ef9cfc8f0c63f8f7de15992fa70f,483802a1476e667f12dbac40c707809b,4,,,2018-02-20 00:00:00,2018-02-21 18:06:53
2be689c62df2a70dd8af279d11b749e5,efbb2bc2e3c82743c650b6bc29a722bb,5,,,2017-02-25 00:00:00,2017-03-03 16:52:55
8a3f251c63a731ba318b54c99b2811c6,27fb2154c341bbc730063b1d16844616,4,,,2018-06-16 00:00:00,2018-06-18 00:20:59
e3308cbf583a4fdabeef1ad4005c4a88,6c962a878a13ebc179759b22586cfae5,1,,,2017-06-15 00:00:00,2017-06-18 13:55:41
c3bde537cf93231e36a2981e1ff9c681,8a6d1317935fc8ba385da595dd3bf2be,4,,,2017-02-25 00:00:00,2017-03-01 11:05:48
8370b5161c19b0b595e50f1a2def274a,b31c6094960eb242c3513d619998cb6d,5,,"Muito bom pedido entregue na data certa e o produto satisfatório.
Obrigada!",2017-07-11 00:00:00,2017-07-13 17:48:00
c4ffe5a958862f0daa8794147b262dcd,d379106e33d9ce768889ef816526d215,5,,,2017-05-18 00:00:00,2017-05-23 21:11:36
710b285ba9d3e07272c11af9aaab8227,553d40c3dee8e6294b1b393c1499c25c,4,Ok,"Tamanho meio pequeno e a grama sintética tem pouca qualidade, esperava algo um pouco mais resistente. Mas pelo valor compensou. Conforme a imagem ",2018-05-06 00:00:00,2018-05-06 21:58:06
89d6214895235bb95c50edd0a15f0c67,3fe4dbcdb046a475dbf25463c1ca78bd,5,,,2017-09-12 00:00:00,2017-09-13 10:09:12
77a5a064ac4e9be4f36d93cac017b772,668ae620ba2e85139d3707ad58062d4d,3,,"veio corretamente o conversor hdmi switch . porem o computador ainda nao chegou
",2018-03-27 00:00:00,2018-03-28 12:09:02
90596057f93dc92169c31cabfbcbb5b5,2dabb10146331fc98c0322801df870d7,5,,,2017-08-31 00:00:00,2017-09-01 01:10:12
99bd521c17c5dfc5c18f152336d28ee1,ba75b10a16e530cca75088408909b325,3,,,2017-12-19 00:00:00,2017-12-19 22:57:22
044c326f5aab7f4c579ab5ec53c3368f,54d65ba100747f2456fc1d1e314ceb26,5,,,2018-01-30 00:00:00,2018-01-31 00:12:01
1e5b4281eb6d55918d07348b0f642903,9e409207a4bcdd6d56800cf4e2e85245,4,,,2017-12-22 00:00:00,2017-12-24 15:25:29
fc2d8ae1e715f498e03809a5d27379ce,46944b54ffc20e22cd2792f7b7b12a82,4,****,Prazo cumprido.Mercadoria chegou bem embalada. Vou desembalar e verificar internamente.,2018-06-12 00:00:00,2018-06-15 22:05:20
b945441df292c990b716eca074a369a9,ee24a4c9f2a2d7aa315838be51c92fd2,3,Ótimo! ,Produto bem e rapidez na entrega!!,2018-05-24 00:00:00,2018-05-24 19:41:35
ebc3a223f760e7527fa2e280f696710d,7a485479dbdf94502e471dbd3329a4e4,2,,,2018-08-28 00:00:00,2018-08-29 07:49:48
717acc1ea49963a58c7cc5964b20d14d,3a77992e9af4cff3d2b7bffa8f0597bd,3,,,2018-03-09 00:00:00,2018-03-09 16:30:39
7a6556b74ea2e290610ee0f77231d010,3ba2d0012b1f34bc6ccbc31c4ba69f93,5,,,2018-01-07 00:00:00,2018-01-08 11:21:59
940026ec83007a6e8aeefecaf0c56a92,85cebb5f41967daca44f7c7883856f96,4,,,2018-01-30 00:00:00,2018-02-01 23:49:08
ac1067952b748876b4e57eb2379a0926,eee77f4b54ff5aeb0312aa795fb9914c,5,,Produto entregue conforme anunciado.,2017-02-19 00:00:00,2017-02-20 18:15:32
c613814db6dccfca1e110fc783bbec76,0c7ccdb239bd524a31dc66094fa59626,5,,,2017-12-05 00:00:00,2017-12-06 01:21:50
63daf6362f0fa7bc7056c74285ddce63,4dfe2ddcd2de2e45fd88e8c6bae55901,5,,,2018-01-11 00:00:00,2018-01-12 00:35:06
5e977d29f35a1a2ac10c467f61d38426,ba9e135697c2fbf721ea10bb6d7c0d17,4,,,2018-03-22 00:00:00,2018-03-23 12:18:48
cfb956a44880e5fe388c1ad890070e42,1e21edc6c6810b5779fa6685c82a6a89,5,,,2017-08-29 00:00:00,2017-08-31 22:08:57
3debcb7ff7f3efd569a44d98846d1f80,5c48604208ff2a0458a13f33a4c7ef1e,4,,,2018-03-27 00:00:00,2018-03-28 03:40:27
e92a7d9a61e0917d2cb4b619a7212a9c,9dd1d19c4558ecb8601dd0305c30cec0,5,,"Produto bom, veio super ráprido.",2017-10-18 00:00:00,2017-10-19 12:06:46
abd7b6201a7fdc2773313d3614a76d11,c50a61769f40b372bbbd80499c805d9a,5,,,2018-07-13 00:00:00,2018-07-14 13:03:03
f081856cf900aca03e669ef6c5065fb7,ee1de1bcd287c6d9584b5e78d1b534be,4,,,2017-12-10 00:00:00,2017-12-14 20:51:12
b7e81845f669bf4ec63695b72d7c65a3,6c84c7c7fe25c0f6f1cd09e00e70585d,1,,Estou preocupada pois chegou apenas um dos dois kits que comprei gostaria de mais informações.,2018-01-11 00:00:00,2018-01-12 21:02:20
26cdfc575992f13db50a52fac1d52396,816d5d441d23818493578fb1db0a22ad,3,,,2017-06-13 00:00:00,2017-06-14 10:00:24
0a5a91b1151bd3f9b96cf36023f91f9c,d80251514bbd83a5bb165f6e5667c6f2,4,,recomendo,2018-01-03 00:00:00,2018-01-04 05:19:39
62c4c1c461609d8a15b4e042d6d63b4d,50a2d9e8f28f577acd594ba29d58eced,5,,,2018-06-07 00:00:00,2018-06-13 15:55:38
ee0926fe28c6ae89b48fd263375dd049,953924bfb9b567973c9f02020eb17eab,5,,,2018-06-08 00:00:00,2018-06-09 03:38:17
5b20656e3ec508500a2a415e052e711e,264d1f3efc32d8d8243d16c9a582a0b7,5,,,2018-03-18 00:00:00,2018-03-19 11:04:13
447f31d9623e891064586c415a9d4687,fd6a51f9eb40dd4bca270db2bd18aae4,5,,,2018-03-21 00:00:00,2018-03-22 15:50:31
accad78a83225fb7d199ebbb943113c2,62b2ed9f26108431f257836ea0139fd2,5,,MUITO BOM RECOMENDO A TODOS,2017-05-31 00:00:00,2017-06-01 03:31:14
4ac93316f2a592ea4ae2d486746b565e,cce2ceb2a8ee779a15975a90e6063cab,5,,,2017-04-12 00:00:00,2017-04-17 15:58:21
085b5b69ba07e80c9958a849aa3fcac6,cf96b3a15cf1f61c5398ae91f1cbd75f,4,,,2017-10-29 00:00:00,2017-10-30 16:58:01
cd5eb3f8c8faeb7a89b1e8b3120fe206,0f8ea8bf70adb55dcc5f8501984138ca,1,,Faltou um pedido na entrega e quando pede para cancelar um produto não te atendem,2018-02-15 00:00:00,2018-02-22 22:41:51
