order_id,order_item_id,product_id,seller_id,shipping_limit_date,price,freight_value
00143d0f86d6fbd9f9b38ab440ac16f5,1,e95ee6822b66ac6058e2e4aff656071a,a17f621c590ea0fab3d5d883e1630ec6,2017-10-20 16:07:52,21.33,15.10
00143d0f86d6fbd9f9b38ab440ac16f5,2,e95ee6822b66ac6058e2e4aff656071a,a17f621c590ea0fab3d5d883e1630ec6,2017-10-20 16:07:52,21.33,15.10
00143d0f86d6fbd9f9b38ab440ac16f5,3,e95ee6822b66ac6058e2e4aff656071a,a17f621c590ea0fab3d5d883e1630ec6,2017-10-20 16:07:52,21.33,15.10
00a379dfab816a83741012b71b264098,1,786248c98cab9ad5cccdb751909da1af,1da3aeb70d7989d1e6d9b0e887f97c23,2018-08-07 20:04:20,15.99,7.39
01bc343311e5b8090b64d6ab287a5cf0,1,c8c969c3a6423f48df9fde8a13e6770b,b2479f944e1b90cf8a5de1bbfde284d6,2018-02-28 14:50:40,21.99,15.10
01bc343311e5b8090b64d6ab287a5cf0,2,c8c969c3a6423f48df9fde8a13e6770b,b2479f944e1b90cf8a5de1bbfde284d6,2018-02-28 14:50:40,21.99,15.10
0231f6b89e5798ff6c0dfb1e18a94da9,1,aed75ad669fbebd5a385ac7cc2ae7573,17f51e7198701186712e53a39c564617,2018-08-20 12:50:19,550.00,98.77
024a74550cdbd36c0fe3955fc9e2bcf0,1,5348b1bdd951b67a4d2a58992e2233ed,ea8482cd71df3c1969d7b9473ff13abc,2018-08-13 08:50:19,27.99,7.46
02624f7cd7272b3e027320023dbdc99b,1,3db75f31b76375c502f64d550dcd1166,85d9eb9ddc5d00ca9336a2219c97bb13,2017-10-30 03:31:56,31.90,16.79
032de52b21013e176ee997c8f210dd66,1,1164c17af70425821f88bfbdc9e907a3,2d50d6282f8aa2257819a77bfaa0efe0,2017-12-14 02:54:15,50.00,15.10
0343fa2096b6d04743321f9b9f62c1e0,1,dd12801e4d1919e84bf6f90167f22fb5,b499c00f28f4b7069ff6550af8c1348a,2018-09-03 09:55:13,44.99,8.49
0343fa2096b6d04743321f9b9f62c1e0,2,bc0d2d816d425e6ce3e80d8b9887d324,b499c00f28f4b7069ff6550af8c1348a,2018-09-03 09:55:13,49.99,8.49
036ea72a17833a6fbbcd3e4df8250292,1,6401d2f82d6e6c52998ce626fe4eda24,835f0f7810c76831d6c7d24c7a646d4d,2017-09-12 06:24:16,69.90,15.24
03ee28c413aaef04d718e00ed85eb678,1,8626b155de04e2d0d6e1e907fbcf0cd2,76d5af76d0271110f9af36c92573f765,2017-02-26 10:54:37,45.70,20.43
040ffb806b943aa19e0b176e7746b2b7,1,2f9c0e14be2e1e641c76a4d0b3032043,cbf09e831b0c11f6f23ffb51004db972,2018-08-03 16:44:19,519.00,37.69
041bceeb0d1b95b5079ffb1ba84a779d,1,f646af315b0f3a597f69213537ca2199,3df020b72d3d44b3af9d110fa3940b65,2017-09-04 13:15:12,49.90,17.92
041bceeb0d1b95b5079ffb1ba84a779d,2,f646af315b0f3a597f69213537ca2199,3df020b72d3d44b3af9d110fa3940b65,2017-09-04 13:15:12,49.90,17.92
0518657f142278ad13d645c6b5b0a669,1,2190082493d586e315bfbb93762ab3e3,43f8c9950d11ecd03a0304a49e010da6,2017-10-27 08:49:13,49.99,14.10
058350ebe1e9c9b426d1331b4b6063d1,1,880be32f4db1d9f6e2bec38fb6ac23ab,fa40cc5b934574b62717c68f3d678b6d,2017-03-21 05:44:17,42.99,15.65
05bf7a31e9d3eecf93db6a8e4508ed8a,1,54d9ac713e253fa1fae9c8003b011c2a,955fee9216a65b617aa5c0531780ce60,2018-03-08 13:29:52,35.00,19.84
05e8d222c5597784b04c804e183599c7,1,389d119b48cf3043d311335e499d9c6b,1f50f920176fa81dab994f9023523100,2017-11-28 18:06:45,59.90,17.67
05f5cfec67106e59d6280f62c4792d25,1,8ebb1bc470f9bfd4017c0be0773211ad,845e8036c3f7bf62099352f5ed910240,2018-07-30 10:35:16,49.90,15.45
063009988101940b4392ba9b2f2ca112,1,6f248e27719f6f299e711e02651b6df6,81336a0f57a33776419727a300249e90,2018-03-26 02:49:04,14.49,13.71
0650ef96422834cca0cc7799efbf6307,1,6b42b1f7dfb74bb23a01605fbedd5b85,bf100ecb7997df312b285358fb32f92c,2017-02-09 12:46:02,99.90,18.98
0664199560952a51d76e1ccdadbd2cb7,1,99a4788cb24856965c36a24e339b6058,4a3ca9315b744ce9f8e9374361493884,2017-03-27 17:52:09,89.90,11.24
06a9ff8c19b2d371a45c48568283929b,1,38fbe42a76e0c841c9445467b7e5ab30,1c129092bf23f28a5930387c980c0dfc,2018-02-09 11:35:57,32.20,16.92
06c94a45382f44abb2968a87bcee9bcf,1,5a848e4ab52fd5445cdc07aab1c40e48,c826c40d7b19f62a09e2d7c5e7295ee2,2017-12-14 14:10:33,122.99,14.61
06d5cbe68295558fd6c48998db3ea397,1,371fa349d92646bbeea5873df0bcdc5a,4830e40640734fc1c52cd21127c341d4,2018-04-03 14:15:12,39.00,4.90
06d5cbe68295558fd6c48998db3ea397,2,c20a3f598c16d77249da67e81caa8317,955fee9216a65b617aa5c0531780ce60,2018-04-02 14:15:12,33.00,12.24
06d5cbe68295558fd6c48998db3ea397,3,f70dd37d94cc7026ca198b9d7574c7bc,bbaff50f3b708fda865918715276cd87,2018-04-02 14:15:12,51.00,12.48
0818699476819463109688475b808343,1,44fc450365728c413fefc547592626be,b839e41795b7f3ad94cc2014a52f6796,2018-06-11 09:51:38,849.00,20.03
0818699476819463109688475b808343,2,44fc450365728c413fefc547592626be,b839e41795b7f3ad94cc2014a52f6796,2018-06-11 09:51:38,849.00,20.03
0818699476819463109688475b808343,3,44fc450365728c413fefc547592626be,b839e41795b7f3ad94cc2014a52f6796,2018-06-11 09:51:38,849.00,20.03
089099bac717ea03540251a8c02858b6,1,ef5c31aee1d5074121a478b14d3eb50e,3d871de0142ce09b7081e2b9d1733cb1,2018-05-15 21:15:16,79.00,14.64
08beae16754b76c55e9f49c7d4d138dd,1,55a1e3d39ace9c0b217f6c30b04d43c0,0be8ff43f22e456b4e0371b2245e4d01,2018-03-08 18:48:26,89.90,12.13
08fb5d31021fb887ce4ab33b8cdb804e,1,437c05a395e9e47f9762e677a7068ce7,7f7b8245c336066a1f9933c359f11d77,2018-08-24 02:05:11,50.75,13.02
0944dd6401b58739dc030557fb149b25,1,27a8b41684f77dd86572fa185bc143ba,44073f8b7e41514de3b7815dd0237f4f,2017-09-20 16:10:17,47.90,14.10
09b9364d966593e51c1edead847fd220,1,1600dcf1cea8c0c83702e07b577ab231,6560211a19b47992c3666cc44a7e94c0,2018-08-14 15:45:53,44.00,8.95
09b9364d966593e51c1edead847fd220,2,e57eb018e37376580079825eb29a3419,b1fc4f64df5a0e8b6913ab38803c57a9,2018-08-20 15:45:53,117.87,22.39
09c74db044dfe6e7f2a6b6a6750f36cd,1,de1dab31e5f3737cd024f5fe44743fa9,218d46b86c1881d022bce9c68a7d4b15,2017-04-13 20:05:44,127.48,11.50
0a187dd7f4efe70e8c3b6e3779b3b133,1,d6160fb7873f184099d9bc95e30376af,53243585a1d6dc2643021fd1853d8905,2017-09-08 20:03:31,1300.00,33.55
0a6e242b5cf18e140304453da637866b,1,1d7db62a21ffb4f220d3e8a05fa77e02,643214e62b870443ccbe55ab29a4dccf,2017-12-18 03:38:24,32.00,25.63
0a8ad519fc5624a7862124decee24b27,1,5c9f86c0e642b62c2100fd8d26f38771,2aa3443d7bf9d9bb11133f420d75e083,2018-02-07 09:31:12,89.90,17.07
0aa1d9509ae8e0c76c03ad7ba91dc81a,1,7c0a2a31bc479e366fe9fee1f5bc62b3,5c243662ce92d84573bfaff24c3e3700,2017-05-19 08:30:38,136.90,43.37
0ac83eb5438f811c9d825c0a059a0f28,1,8c292ca193d326152e335d77176746f0,7e1fb0a3ebfb01ffb3a7dae98bf3238d,2018-02-27 03:31:40,150.00,15.80
0ad9d4e4f4c9746b59ddb9c18d30d241,1,9988437646bfc0cbe0f97d4451cb08fc,d91fb3b7d041e83b64a00a3edfb37e4f,2018-08-07 15:43:53,100.00,51.42
0af28d87520565eb3b57c9b2abe1a2cc,1,34f99d82cfc355d08d8db780d14aa002,a00824eb9093d40e589b940ec45c4eb0,2017-10-11 20:28:06,2999.99,126.51
0b16fcb0e3133c83e8c82ed7bd6ccb1b,1,9fe172fa8e662ca8572cf12abf8bce23,cab85505710c7cb9b720bceb52b01cee,2017-04-17 15:42:32,49.90,8.72
0b4129a3415a486e4965d618f9b5debf,1,a87ee1e0d2b6d025ecfb1b8322659853,86ccac0b835037332a596a33b6949ee1,2017-11-30 13:14:39,98.90,27.21
0bb4c390179e95dbed8944e735b7da62,1,bd2a0f83ba8ab18af5823fc3552a0305,643214e62b870443ccbe55ab29a4dccf,2018-07-30 12:55:26,93.50,18.75
0c350088bd84d6620d87abdd2b1e09ca,1,1a0971a6f39f04118207a7308d451e9d,3d871de0142ce09b7081e2b9d1733cb1,2018-03-29 17:55:31,159.00,23.69
0c7ccdb239bd524a31dc66094fa59626,1,f6e3aeb40c00aec24ade8333c2ac1b20,7299e27ed73d2ad986de7f7c77d919fa,2017-11-30 05:10:57,40.00,15.10
0c87dd1621990a460672f431810cb35c,1,78f29023586e374cdc3773ce0af6bd2c,960945e1a9535cbc0cd6ddd35fbe7ae8,2018-06-13 11:58:30,141.40,22.07
0c92ac263657a43f18927cc6392e3816,1,f977e786f6d634205ef1564541706011,c8771b1a10bb99bb34d3c459c5cffb53,2017-06-05 16:25:17,64.90,31.20
0d1bbf582326272fa550ed829bd2e1d4,1,a0fe1efb855f3e786f0650268cd77f44,ef506c96320abeedfb894c34db06f478,2017-02-04 17:33:09,21.99,24.35
0d4947e726ae3959a6cc28979ab632a2,1,f4a38926843e01497a3f63a5d5740c72,8b321bb669392f5163d04c59e235e066,2018-01-17 20:47:50,13.65,21.15
0e053aa097eda67e25b3934ef3eca8a8,1,34194988e78bc60417003c8a235b8083,dc64d75cc406bb0697be983831430e60,2018-08-06 13:10:25,195.00,23.30
0e485d1f54cf7d8e93339478d9e1d884,1,6f544a62e85efa4d7a5e135482b31d79,232a6014e7b10cba61c6c2b2ea6bb4b0,2017-07-23 21:50:17,118.90,25.67
0e485d1f54cf7d8e93339478d9e1d884,2,6f544a62e85efa4d7a5e135482b31d79,232a6014e7b10cba61c6c2b2ea6bb4b0,2017-07-23 21:50:17,118.90,25.67
0e7e973a8d82ae12e070d767abed8960,1,9f19e22de208159e42e840d00e64ce93,d9a84e1403de8da0c3aa531d6d108ba6,2018-04-05 19:27:30,12.90,7.39
0e8f4c0385a96b68bd717e0e2ceb6898,1,a9b36aaa68ebd315701524c822800f29,1ce3ae5a399804d1a87e706f8a813c3e,2018-04-13 16:35:27,79.90,19.53
0eac9f8e158a0eadfce8c9da8547a8ce,1,e2600770da5cfd446d3e971c1d41b44c,080102cd0a76b09e0dcf55fcacc60e05,2018-05-10 17:10:17,69.90,18.37
0eb80d59f694ad72634241a02599f64b,1,6bb54c0a1ddf991dc06cc7cb5a13bab7,8648b1e89e9b349e32d3741b30ec737e,2018-05-08 16:19:00,42.50,12.79
0ed70666bb64b5c2ba83b2a6dc37f032,1,cc5447118c174dcc6456c84ccb29e6f7,ef0ace09169ac090589d85746e3e036f,2018-04-03 22:50:14,117.70,8.77
0ed70666bb64b5c2ba83b2a6dc37f032,2,cc5447118c174dcc6456c84ccb29e6f7,ef0ace09169ac090589d85746e3e036f,2018-04-03 22:50:14,117.70,8.77
0f2feb76d52c8e1be73daf8769a393e8,1,252641aa4855aef622089db60c4ad90a,06e5eefc71ec47ae763c5c6f8db7064f,2018-01-24 22:39:20,169.97,14.94
0f32b97a3ceaa816f0ffa6af3ca4e0d6,1,a0245537bc3dfec325899fcd716f70cc,f5a590cf36251cf1162ea35bef76fe84,2017-11-29 11:26:31,1175.00,17.04
0f8ea8bf70adb55dcc5f8501984138ca,1,5c692818d313aa12864b48ac0c2472c2,6560211a19b47992c3666cc44a7e94c0,2018-02-14 13:30:36,29.00,7.78
0f8ea8bf70adb55dcc5f8501984138ca,2,2136c70bbe723d338fab53da3c03e6dc,6560211a19b47992c3666cc44a7e94c0,2018-02-14 13:30:36,29.00,7.78
0fb2bd6c42efa12c5f32ee37e5f9fd34,1,d7d5562fce331ad958ca6f57057b3526,7a67c85e85bb2ce8582c35f2203ad736,2018-02-01 15:15:05,65.99,13.48
0fd20e900b40f5cb8e6fd31df27aabbd,1,78b7b1ff2d3f06a589354ddf2f4f9db3,620c87c171fb2a6dd6e8bb4dec959fc6,2017-04-13 14:35:19,292.90,22.50
0fe66ba925b98652d484ad6af89402e7,1,f2399cabe080029634d12cec4f60dbf0,b8555308bfdb4ca1ed54325a58da9a97,2018-02-22 06:56:21,94.90,20.15
0fe66ba925b98652d484ad6af89402e7,2,f2399cabe080029634d12cec4f60dbf0,b8555308bfdb4ca1ed54325a58da9a97,2018-02-22 06:56:21,94.90,20.15
10870ce1b8fbb2c59df2c544b74d1b54,1,e96dedd143090ade72c86bf486be7d36,522620dcb18a6b31cd7bdf73665113a9,2017-07-13 22:43:20,699.00,20.65
1087ede9a334cc652bfecf7e944aad0b,1,555b27dfb2ed94d001c28e5624dd6961,004c9cd9d87a3c30c522c48c4fc07416,2017-10-24 16:07:50,82.99,17.83
11052b4dd49ca81b1e7c63d562759b40,1,e9dd44f105ffdcb98405c94f1d0bbdd9,4a1f694197d05fe70026b016a7316b41,2018-06-15 15:39:24,27.99,8.71
11052b4dd49ca81b1e7c63d562759b40,2,f3ae4ce1b63810f2921ff353ddbec67d,4a1f694197d05fe70026b016a7316b41,2018-06-15 15:39:24,27.99,8.71
110ac0768c3e3a78e2937b1cb1ea3395,1,1b7ce992a80ac036dd9ab73d08289712,582d4f8675b945722eda7c0cb61ba4c7,2017-06-15 09:05:16,25.50,15.10
11104e15dc0997a6ba0aaaf449f51160,1,bb42f37fc3d9130e4a4339d24a47dd7c,da8622b14eb17ae2831f4ac5b9dab84a,2018-04-12 03:15:32,44.90,5.56
11104e15dc0997a6ba0aaaf449f51160,2,0a9a9c25c5a06532d1766e00db833a7f,da8622b14eb17ae2831f4ac5b9dab84a,2018-04-12 03:15:32,14.99,11.13
112e22ce5f700d2155befd89a15b4a5b,1,02ca198b1084a6d8ed9e152d84243bfb,062c325cd6a2b87845fab56b4ec2eeae,2018-05-11 18:10:52,37.88,8.88
113035b11296fba96615d97215b9e301,1,0a5a2b08a41a3a61ee984c9445891098,b2ba3715d723d245138f291a6fe42594,2018-01-12 14:35:21,134.90,13.28
114b220ff080617e99d21cb8549b7433,1,0dadef6ed70b861b14eddb3a3ca6b73e,955fee9216a65b617aa5c0531780ce60,2018-07-03 20:50:14,55.00,13.05
11752bcab98894b1c72fac988ed11392,1,422879e10f46682990de24d770e7f83d,1f50f920176fa81dab994f9023523100,2018-02-12 18:55:36,49.90,17.60
11e22e541201ac67ff98e87193b4fc8d,1,6698f23d5d6f5815239e55660f30a0b1,37be5a7c751166fbc5f8ccba4119e043,2017-10-04 12:07:15,179.99,12.76
12126a7699ca7a88dd86dd3f52bc8baa,1,b6ea15ce7ec34fdebd80ef71de3a24bf,70a12e78e608ac31179aea7f8422044b,2017-05-08 13:10:22,27.00,24.84
1222dd8e203987d55f99c5552d41746e,1,256c61261c818dab727fa2a60d8964ca,7c67e1448b00f6e969d365cea6b010ab,2017-09-21 15:50:53,129.94,36.93
125b6d6d69726457c31530e0fae8ff38,1,59c5e6e108b88212fb98525c9000ecfb,7c67e1448b00f6e969d365cea6b010ab,2017-12-27 02:12:33,139.94,40.31
1265cc7a9988226b4abf1885582ceade,1,a62b367ed54e81983ba07fdb06d405fb,98dac6635aee4995d501a3972e047414,2018-08-08 17:30:17,42.90,11.32
12fb2d2b590f7359e3b473456bd1ca87,1,d03a2a3433372ac8f9f6649d1dacadae,c70c1b0d8ca86052f45a432a38b73958,2018-07-10 08:30:40,110.32,8.03
12fb2d2b590f7359e3b473456bd1ca87,2,d03a2a3433372ac8f9f6649d1dacadae,c70c1b0d8ca86052f45a432a38b73958,2018-07-10 08:30:40,110.32,8.03
138f041df3644d9ad82f50c67b7bb304,1,f3637eb5ce07d19f2f9eca6bb7dc29d6,8a8835a43bda99fd37310ad76c457510,2018-07-23 18:31:36,116.36,18.92
139f1705692cf6f0ea124350e5ac47de,1,078e8db43688ea060cf754e7bd2b92e7,00ee68308b45bc5e2660cd833c3f81cc,2018-06-11 19:12:59,48.00,8.88
13f726430863cd4a81b6899e25010475,1,7d160da04c3ede2fe9404d3524acf72b,715bbd5ba4e6b74cb0d2f29eb45058b0,2018-07-09 18:31:51,55.00,13.97
13fd61236a6baeb00aba9df344275a78,1,e0cf79767c5b016251fe139915c59a26,da8622b14eb17ae2831f4ac5b9dab84a,2018-02-08 20:12:06,29.90,8.11
141d7ee98d9a50269f84d9a3c5330cba,1,37f4d0bf85fbf875c920d460766d6a5c,955fee9216a65b617aa5c0531780ce60,2018-08-30 19:10:17,30.00,8.37
141e9339279b23d1c38a8512d0e9ba7f,1,0c3cd8d63839bed6f80aca6388766417,86ccac0b835037332a596a33b6949ee1,2017-08-07 15:05:12,34.90,16.11
1508d47584249ae1045eb47cf1653ded,1,aede48631330269f65a8d680de491657,dbc22125167c298ef99da25668e1011f,2017-10-25 14:07:38,83.90,14.32
15226cfb3e9f4ad163d09f493688204b,1,cda185193c72c0eb8dde03f20f101230,febab0275244b9a49a623f0bd613ca2f,2017-04-14 19:22:18,69.50,13.07
152c657cdbdb6b803884cb4f691d17e9,1,619ed4783d277b83ffa8666749d8eb4b,606ce7768feac12c5e8bd58db8b08f0f,2018-07-19 17:30:15,798.90,27.52
153b80864a22f0638fef4339488a2cf3,1,05c2523e08c5262f1ee172b332c3ea44,4b39558c138930b9e5489c93b6df5fe3,2017-11-22 00:10:50,189.00,21.68
153b80864a22f0638fef4339488a2cf3,2,05c2523e08c5262f1ee172b332c3ea44,4b39558c138930b9e5489c93b6df5fe3,2017-11-22 00:10:50,189.00,21.68
153fb90c16a95a3c0ea6cc48a1a4069c,1,ed355705438d608579451a9b3a230f1b,82e0a475a88cc9595229d8029273f045,2017-11-21 09:26:57,109.78,16.53
157972ad87ad74e792dc1c49ead0f733,1,2ff995aead9c63a1f37a07b3664ead37,8b9d6eec4a7eb7d0f9d579ce0b38324d,2018-07-10 15:50:14,69.99,17.12
15847be2cbb3423e9344e53b040ef2a6,1,aca2eb7d00ea1a7b8ebd4e68314663af,955fee9216a65b617aa5c0531780ce60,2018-01-19 00:31:14,69.90,29.90
15d4f841b96cfb3f782523aa7a562b9a,1,158102fe543dbaeb84d87811bfe06d0d,002100f778ceb8431b7a1020ff7ab48f,2018-01-05 02:10:04,17.90,15.10
16311a0494e6db86617bc4486d9f1e9e,1,4025ee582ef6b8c478af3b44cf89054b,da8622b14eb17ae2831f4ac5b9dab84a,2018-04-17 12:15:26,24.90,8.64
16311a0494e6db86617bc4486d9f1e9e,2,f4d705aa95ccca448e5b0deb6e5290ba,da8622b14eb17ae2831f4ac5b9dab84a,2018-04-17 12:15:26,24.90,8.64
16311a0494e6db86617bc4486d9f1e9e,3,c211ff3068fcd2f8898192976d8b3a32,da8622b14eb17ae2831f4ac5b9dab84a,2018-04-17 12:15:26,24.90,8.64
168181560f9cbee863926c0d0957c56a,1,a15bf6fcbc5578554a8d0da342a19175,ed4acab38528488b65a9a9c603ff024a,2018-08-07 15:44:29,112.99,27.77
171f303505168e746c3ba9dc70a1c1f3,1,05019bc35fc2ed878c0c0f55346b91c6,e99e927c81e3f51739c94fcdfca9f10f,2017-05-23 18:02:30,104.98,21.22
172587311d5d0329ae5a761bf6ae4c80,1,0aabfb375647d9738ad0f7b4ea3653b1,37515688008a7a40ac93e3b2e4ab203f,2017-11-30 14:36:30,24.50,15.10
17716d2598d1d7f7ed16fa9f05ab2f61,1,044f05bc9de36e8a693a83e4bc79dd0d,ea8482cd71df3c1969d7b9473ff13abc,2018-06-11 19:50:27,24.99,22.06
1777f6d0dafb34a24cffac1c7ad5d618,1,c24d97e07dcb8f32a8bfbe755731950a,cfb1a033743668a192316f3c6d1d2671,2017-10-29 22:06:36,194.90,30.15
1783899eca92b0bb639951f0a8909018,1,4fde8dfa310a17fa27bd63e6607dcd2d,d4e12e7884759a14fa0f5f896c791cae,2018-01-25 09:08:44,43.80,17.60
17a4db677e57484f24eb68217b8de4c1,1,99b4367cf2228c8a86922a0649bee6b8,7994081388d55b9cf976c050653dd359,2017-11-21 02:55:43,180.00,15.01
17a4db677e57484f24eb68217b8de4c1,2,99b4367cf2228c8a86922a0649bee6b8,7994081388d55b9cf976c050653dd359,2017-11-21 02:55:43,180.00,15.01
17a4db677e57484f24eb68217b8de4c1,3,99b4367cf2228c8a86922a0649bee6b8,7994081388d55b9cf976c050653dd359,2017-11-21 02:55:43,180.00,15.01
17a4db677e57484f24eb68217b8de4c1,4,99b4367cf2228c8a86922a0649bee6b8,7994081388d55b9cf976c050653dd359,2017-11-21 02:55:43,180.00,15.01
17a4db677e57484f24eb68217b8de4c1,5,99b4367cf2228c8a86922a0649bee6b8,7994081388d55b9cf976c050653dd359,2017-11-21 02:55:43,180.00,15.01
17c9362cdf27556b1765d93729c3beb2,1,5681be0ad7f0ceeebac80058e718d34f,557f22c76691849db52d2abccf0015d0,2017-05-22 14:45:15,89.99,16.39
186ac860f8928db64590e1fdd744c9f5,1,ea44caac707f7f1325182a538007f838,855668e0971d4dfd7bef1b6a4133b41b,2018-03-14 16:56:03,52.00,22.94
1924c6aa8ef1e715f7593d5b36bc596f,1,bb50f2e236e5eea0100680137654686c,f7ba60f8c3f99e7ee4042fdef03b70c4,2018-08-09 10:24:48,330.00,24.24
199b954f78aa6406855014a9a935ef5a,1,b31c4e55a23622a7ed5c0a2db4e43f1b,0ff83046c3fa22efee8ecf291888b191,2018-02-09 16:11:01,69.90,18.06
19f98c610ce8a9b866159c5db4784373,1,81288df52439985f610be64465e53f57,54a1852d1b8f10312c55e906355666ee,2018-05-14 14:16:24,109.99,11.39
1a302b3c311d6fd772e886b742c24304,1,2b4042dfabc3fe9d3f16951a8e1a3b70,3d8fa2f5b647373c8620330c4e077a9f,2018-05-24 15:39:23,69.99,8.88
1a4fe7b4e0810e3c234a4e39775b6d53,1,00bc6e6d4ceb98ec7ed058b0a243a8b9,113e3a788b935f48aad63e1c41dac1bd,2017-12-20 21:11:34,16.56,15.10
1ac1cd9823b09ef5a14a07fdac1aee94,1,e806a78165ce0f336140978e90640d27,23d7c96d4a1160db1c726b248601b25a,2017-10-10 10:56:13,159.90,14.14
1aeb6136411ab7da012863ac27055dcf,1,b366c6705b553f2e2825d0a0597aac9f,2138ccb85b11a4ec1e37afbd1c8eda1f,2017-08-21 11:45:20,14.99,11.85
1b151132de254c39a49f595684c80b41,1,4630761de87581e8b659dc77bb7eb4ee,dbc22125167c298ef99da25668e1011f,2017-11-01 19:07:09,72.90,35.83
1b151132de254c39a49f595684c80b41,2,ca753b1e379d59868172ac9d8d62d14f,dbc22125167c298ef99da25668e1011f,2017-11-01 19:07:09,72.90,35.83
1b19e11d36f65ac8fb85d361d49096ef,1,aeecb1d0e5d4d5ccc3fcfe6fe91103b6,955fee9216a65b617aa5c0531780ce60,2017-08-31 19:25:37,158.00,18.70
1b19e11d36f65ac8fb85d361d49096ef,2,432357855585cf634fc9923523ce5e4a,e9779976487b77c6d4ac45f75ec7afe9,2017-08-31 19:25:37,63.49,20.58
1b2eb899988cdcc0c604910e20a76c5f,1,3a7d90845985f39048815a6939c56be4,e9779976487b77c6d4ac45f75ec7afe9,2018-05-31 02:31:36,36.49,18.23
1cbc4deb78977f04e2e3c262a613abc0,1,53759a2ecddad2bb87a079a1f1519f73,1f50f920176fa81dab994f9023523100,2017-12-04 03:26:04,49.00,13.44
1cf9fb7308beb8ef95005967f336cefb,1,21fb5057dd6a737df6851a7ab7a130da,b14db04aa7881970e83ffa9426897925,2018-01-08 23:19:29,69.00,13.92
1dfe1249fb9a3871f918c37f1e5f68a6,1,a5ae8400fc9fcacd4af585a57bbf264a,66922902710d126a0e7d26b0e3805106,2018-06-26 20:54:56,105.00,18.54
1e21edc6c6810b5779fa6685c82a6a89,1,ed8ba7857b8c1dd66da5bf95ecd166a4,f7496d659ca9fdaf323c0aae84176632,2017-08-17 11:30:16,299.90,75.05
1e613bb0c5a8b4b9a311d131c2564731,1,3347f12bccb00487d0d9aec54dc1037d,13074f016982ff2bd6c58ced8682f000,2017-11-23 12:27:59,109.00,27.08
1f3a59c2916b7d2ec5fb039cc15ea18e,1,c985e917daf44dfe2779833209017098,95ec4458365c4d11f452ccf538377619,2018-05-11 19:15:25,18.90,7.71
1f453524ca7946b73a175299b82a66c0,1,8ea469fda50c1d63e15ccdeb9afe170d,49e7217cfe4e427191c378ec626d8737,2018-05-24 10:31:05,133.90,23.52
1f58529a06e9f7c89e20ca450f51a5d3,1,0254a096e569c4a89b6870e9d4a65c3c,2a84855fd20af891be03bc5924d2b453,2018-04-19 20:31:07,57.00,19.09
1f6ddbae00fc6acbc0457caa5fd89ad1,1,4c973b1f6f4357bcdcd7598abe7912bc,59b22a78efb79a4797979612b885db36,2017-09-13 09:45:42,1099.00,26.55
1fc1b67424adbd232ce0356571679bfd,1,eec68ed7d496bb2ee6aa0a69bb78acd2,5f5b43b2bffa8656e4bc6efeb13cc649,2018-01-08 20:32:06,89.00,15.38
1feae53afbeb20695102145770b6037a,1,3e6d2bde9274ac275013aa90d7e2bf16,fa1c13f2614d7b5c4749cbc52fecda94,2017-12-27 17:12:27,99.99,14.30
1feae53afbeb20695102145770b6037a,2,186fe07c8b8005ec6a498587ffbc1352,6560211a19b47992c3666cc44a7e94c0,2017-12-27 17:12:27,29.00,1.43
2002ea16e75277eaa0b5d78632048540,1,a184d57c818939252af3b5400f55429a,520b493b57809f446cb0a233bb3e25c7,2017-07-26 22:30:10,15.00,9.94
208f186df8ea1fa4fa3d2672752e9788,1,ebc5d9dbe580179bfd3d098c54748f56,d32e3909cfb714fb2a6cb092c85b9c5f,2017-09-14 02:44:00,116.90,21.31
20da65274d671907282e06147c655ae4,1,1d6d7be70107889e3193819aca4dc1dc,4a3ca9315b744ce9f8e9374361493884,2017-12-07 11:50:35,48.90,12.69
20edc82cf5400ce95e1afacc25798b31,1,55bfa0307d7a46bed72c492259921231,343e716476e3748b069f980efbaa294e,2018-07-03 16:29:30,45.90,9.07
210be0ac0c8d9589654333e9370c6480,1,d767651561474e5b08ee9a2674146331,1bb2bdb95f4841f1bba2c0d2cd83d3c9,2018-04-27 14:30:26,17.45,18.23
2148d1d6458e2aed4af9ddd978c48ac3,1,9bf55e9d85e0b309f79e92927449d211,edb1ef5e36e0c8cd84eb3c9b003e486d,2018-02-02 11:21:14,139.65,43.01
21577126c19bf11a0b91592e5844ba78,1,07f01b6fcacc1b187a71e5074199db2d,6481e96574816ead57975da2c0f6d80d,2018-03-22 17:28:45,57.00,29.99
21a8afe0ed14ff28046585ae724b5410,1,8e371c2303bcf90383f6cebd67f2dffe,4a3ca9315b744ce9f8e9374361493884,2018-03-19 04:31:10,67.70,19.95
21b0a5108bb56f3391fa2db965e76bd0,1,4914f8796af2ecd359fd8f44b9b92339,c826c40d7b19f62a09e2d7c5e7295ee2,2017-10-17 07:33:12,49.77,15.10
21d84fdbaead25cecf565df87958cbb0,1,d1c427060a0f73f6b889a5c7c61f2ac4,a1043bafd471dff536d0c462352beb48,2018-01-03 04:08:41,149.99,45.13
220f16b082fb12df459a193b4bbf9dbf,1,bd5b04e67f3659248acfb0c61c08a9c1,3b15288545f8928d3e65a8f949a28291,2017-03-30 14:09:46,119.99,15.95
2228de938a229c135ae3bd0bf71a128c,1,e59dd207c69d86e890febadc796d1078,e9bc59e7b60fc3063eb2290deda4cced,2018-04-19 02:13:45,148.00,17.59
225e39ca6a487e0cdd5c97dfc57c92ff,1,5c692818d313aa12864b48ac0c2472c2,6560211a19b47992c3666cc44a7e94c0,2017-12-26 17:16:19,29.00,1.94
225e39ca6a487e0cdd5c97dfc57c92ff,2,02475368dfb38934fe55f574024fe1d7,6560211a19b47992c3666cc44a7e94c0,2017-12-26 17:16:19,29.00,1.94
225e39ca6a487e0cdd5c97dfc57c92ff,3,924b2122bcd5d6eb53d37a167d3b1d47,6560211a19b47992c3666cc44a7e94c0,2017-12-26 17:16:19,38.00,19.46
230412dba3ab35d1a5c8fd1382bc7b49,1,4308439e0d80d5fe03f17ba83b57c493,59fb871bf6f4522a87ba567b42dafecf,2018-01-09 04:29:27,219.94,16.30
23169ab372b70385fcc9668d29aad84a,1,c689470c5a069795896edc7b896d9251,0c8380b62e38e8a1e6adbeba7eb9688c,2017-04-03 17:50:10,49.90,17.09
23878b3366bb97c4877f944c685fc546,1,716a15647e7f7cfa2f875d657dae4c03,213fafb0ca06fb3d5886579c2565791b,2018-08-30 10:16:49,44.90,9.44
23e9f8ff4531eef8fbeb21efcf4ca260,1,0a57f7d2c983bcf8188589a5fea4a8da,4869f7a5dfa277a7dca6462dcf3b52b2,2017-12-18 12:54:52,127.90,16.53
241b1a5ff1d152dc47bf2093ea154edf,1,63bff8e34e5c639696856394be9a9ac1,dbc22125167c298ef99da25668e1011f,2017-08-02 12:05:52,46.90,13.37
2463279edadcaf575a27466ac0030f67,1,c5841303f830680eb1cdda8be0ff35bf,b561927807645834b59ef0d16ba55a24,2018-05-09 21:11:21,38.00,7.39
24678bbf0564173279a1799d6bb11a7a,1,809e226beeb0526cf321f6e5664a8b68,f45122a9ab94eb4f3f8953578bc0c560,2017-12-18 03:36:29,57.99,9.74
24e48a0c9fc1cfb4bf9ccfd3dfd7c984,1,4419a003d42a243227478f2a949722d8,659e8466eb3ff1b0e8740d74fb7bbedd,2017-07-06 20:55:17,120.00,49.09
24e48a0c9fc1cfb4bf9ccfd3dfd7c984,2,0b3de7b77f38988388362460d76d884f,659e8466eb3ff1b0e8740d74fb7bbedd,2017-07-06 20:55:17,92.00,8.58
24e48a0c9fc1cfb4bf9ccfd3dfd7c984,3,4419a003d42a243227478f2a949722d8,659e8466eb3ff1b0e8740d74fb7bbedd,2017-07-06 20:55:17,120.00,49.09
2557cef5a78a394bcf4c079121cc3b08,1,8eb7b31149dc92903e213c9896443440,aac29b1b99776be73c3049939652091d,2018-01-12 17:49:16,24.90,15.10
2565582c3ffde36251dbe19595831796,1,1fa784d8744e3ed625d8651ddb15e33b,afe0067131b73e40875c9b6c10bd2e21,2017-07-20 18:30:15,139.90,21.47
264d1f3efc32d8d8243d16c9a582a0b7,1,0f0d29cc7928e6e5d01afaa32e77c1e0,edd066cd02126d7800f9b66e980e9931,2018-03-08 10:49:17,224.00,26.61
264deac888717a54971fa3109f6709e3,1,1eaf224c19e07b6e50bf0119eea1dd26,da8622b14eb17ae2831f4ac5b9dab84a,2017-11-30 20:36:26,99.90,17.95
2695c625c0969a576dfa8a6888fd04cd,1,6adab229374835b551f6402e0dc53267,f8db351d8c4c4c22c6835c19a46f01b0,2018-05-11 17:17:17,48.90,18.23
26a488b0eb7d46fb424069b683e98d9c,1,8af72bbf3875865c7fc23509cf49682e,45d33f715e24d15a6ccf5c17b3a23e3c,2017-12-14 12:31:52,67.90,9.94
270f5a5025de7523edbc65d690647f33,1,431d674f9a4fbd0957ecf6ba3fcb6899,53243585a1d6dc2643021fd1853d8905,2017-10-25 10:14:11,289.00,27.30
273f82958d907705dde15be4062c6888,1,154e7e31ebfa092203795c972e5804a6,cc419e0650a3c5ba77189a1882b7556a,2017-09-07 22:55:21,23.99,16.79
27cd2ebe0ab4174836a87975c23fa80f,1,f4f67ccaece962d013a4e1d7dc3a61f7,8581055ce74af1daba164fdbd55a40de,2017-06-01 12:33:21,241.10,20.83
27cd2ebe0ab4174836a87975c23fa80f,2,4fcb3d9a5f4871e8362dfedbdb02b064,8581055ce74af1daba164fdbd55a40de,2017-06-01 12:33:21,143.80,14.33
27fb2154c341bbc730063b1d16844616,1,8ed094bfe076c568f6bb10feada3f75d,7c67e1448b00f6e969d365cea6b010ab,2018-06-07 08:56:50,179.90,40.14
2829feee3f2a5c865f84cf4efb8df48d,1,7a10781637204d8d10485c71a6108a2e,4869f7a5dfa277a7dca6462dcf3b52b2,2018-05-10 17:31:04,199.00,0.00
28da718adba0d004199488ce3106152a,1,fb55982be901439613a95940feefd9ee,3d871de0142ce09b7081e2b9d1733cb1,2017-12-14 12:30:13,79.00,17.80
2a6ec88bef2eb4c5e4716b26406ead0b,1,f7fa667a6b61aa22c87162434b71587b,36a968b544695394e4e9d7572688598f,2017-11-30 09:11:30,90.90,16.40
2a6ec88bef2eb4c5e4716b26406ead0b,2,f7fa667a6b61aa22c87162434b71587b,36a968b544695394e4e9d7572688598f,2017-11-30 09:11:30,90.90,16.40
2a6ec88bef2eb4c5e4716b26406ead0b,3,f7fa667a6b61aa22c87162434b71587b,36a968b544695394e4e9d7572688598f,2017-11-30 09:11:30,90.90,16.40
2a9d70160f5851dffc39e01a5486fb62,1,93fd807bea9d7cf539c1f5e0ef7ab1b5,41b39e28db005d9731d9d485a83b4c38,2017-02-11 09:07:17,55.70,11.03
2b80bbe860a78a5c399ce50fd730c376,1,6f8ea11c0086a0d13355abc5ee14cc7d,e9779976487b77c6d4ac45f75ec7afe9,2018-02-06 13:46:59,55.49,15.14
2b8707bd8d89fbfd17af1dc3373c2875,1,077ff5297832d1a1c3d5be55b8152fa8,0ea22c1cfbdc755f86b9b54b39c16043,2018-01-11 07:32:35,79.90,17.84
2b99bf6a37b3b643b24ca08289526f96,1,b92421ea3b457d6bb68c49f39d4e97a8,897060da8b9a21f655304d50fd935913,2017-07-13 20:03:17,32.50,11.85
2c1a2f921c5be4edef5b3cc5f8e79477,1,57f2bc497c1a3ebe41ba7a06d78ed159,6560211a19b47992c3666cc44a7e94c0,2018-03-29 07:50:28,55.00,18.27
2c3c10e3041b454de87327e09b5816b7,1,49e038a7b8ba2e18d9a7a26c1f238544,55d3daac7c404d59e51c2aa2f4dc5a23,2018-06-25 04:16:58,135.00,32.74
2d4725d49513bce62ea366e8f0e213ed,1,29e4631be78811ab993ae12613053b53,8581055ce74af1daba164fdbd55a40de,2017-07-17 04:03:45,138.00,12.47
2d48a0bfbce1c7340ddc2571ed138bd5,1,98ec655119c24de03b804696821f3955,620c87c171fb2a6dd6e8bb4dec959fc6,2018-05-28 14:16:45,49.90,18.23
2d801e3f807fc361a71d5ff6da62b2fe,1,b1287ed5e48382f6d6e5e1c561ac3738,d354c38a7182125a748cb10474fe963b,2017-12-27 23:50:23,99.99,13.58
2d801e3f807fc361a71d5ff6da62b2fe,2,b1287ed5e48382f6d6e5e1c561ac3738,d354c38a7182125a748cb10474fe963b,2017-12-27 23:50:23,99.99,13.58
2d8929b98f4be1f692ab7d61afb727e7,1,83b00325c13c44245b2c3a2befa62a0e,ad781527c93d00d89a11eecd9dcad7c1,2018-05-11 13:15:08,149.99,89.50
2d9d63715c81835d6114d3f608fd9f1c,1,805967bd91579942b3caac4ebcc39a54,391fc6631aebcf3004804e51b40bcf1e,2017-09-04 10:15:17,49.95,15.10
2dabb10146331fc98c0322801df870d7,1,0021a87d4997a48b6cef1665602be0f5,08061dc0fc165ed41288cc7acde738ee,2017-08-30 10:04:31,29.00,8.72
2db84a082bda455eb1da10727e7ca621,1,4724ffa427f315c485e39b02e21859b2,955fee9216a65b617aa5c0531780ce60,2018-02-08 16:00:26,12.00,7.78
2dc82d1bd19ac194b91db9b17adc5a62,1,56ed53afb0d6ef2c843df74a4c1b573e,6860153b69cc696d5dcfe1cdaaafcf62,2018-08-20 22:29:57,199.99,45.20
2e612a3508e4bce75344e6bfb68f28e0,1,0f4a3e29a1c122f94fe4c48c49d9cfa9,955fee9216a65b617aa5c0531780ce60,2018-02-15 21:50:27,169.00,27.50
2e76a5ef63f6a5a14ad1de12b201dbd2,1,b60c241f66e031959b70e1c60725f0bc,1835b56ce799e6a4dc4eddc053f04066,2018-06-25 15:31:41,60.00,19.61
2e95926835baa8ca4f74e2602a69a84e,1,23ed7a10a36c6f88a757a9c83df9ea20,a888faf2d1baececa6baf9c3d603ee1f,2017-05-05 14:02:39,449.90,19.99
2e9d2850537d9e6975149a266b9ecf69,1,f889fb87b505b73de10c18b93352469f,c70c1b0d8ca86052f45a432a38b73958,2018-08-05 21:24:32,110.32,8.03
2ea63ebcda77acab196880c1dfb295d1,1,c192595b717cfbb910f653b62d8ac9c3,d98eec89afa3380e14463da2aabaea72,2017-06-15 19:05:16,50.00,42.38
2ec51579f21b9d6da3f417e7ccea378d,1,e8df9b80f414e3e2d604977ac52932df,e5899683388855d3dabe8913bbe365de,2018-07-12 09:31:12,118.80,18.93
2ee6a55f531c6d9e507e1b4c7bb0156c,1,c5f5b4b17e4cd989c39986cd0dddc018,4830e40640734fc1c52cd21127c341d4,2018-05-07 15:53:50,69.00,15.36
2f0d70560615459213d3ea85549554a6,1,f4d705aa95ccca448e5b0deb6e5290ba,da8622b14eb17ae2831f4ac5b9dab84a,2018-02-08 19:10:28,24.90,9.09
2f8eea85236019981baf4408c9123ff2,1,d45f43af9b205b51568f78314d3057a6,4d6d651bd7684af3fffabd5f08d12e5a,2018-08-10 20:23:53,79.00,26.85
2fabe3a6fbc1051857b2494418c8339d,1,3e5201fe0d1ba474d9b90152c83c706c,8160255418d5aaa7dbdc9f4c64ebda44,2018-01-05 21:07:22,122.90,16.62
3024eda1729b9daf946125ec8c271a91,1,f74979b5e7c8d317baa1bfc0ea886ee1,0d33a55da925bbf1ff02af5f6059fc7f,2018-06-11 10:31:01,15.00,15.23
3024eda1729b9daf946125ec8c271a91,2,f74979b5e7c8d317baa1bfc0ea886ee1,0d33a55da925bbf1ff02af5f6059fc7f,2018-06-11 10:31:01,15.00,15.23
3081ddf6e7c6afa4e4124e7882486fcd,1,bb09e8007aff97a9452967b19430cf53,53e4c6e0f4312d4d2107a8c9cddf45cd,2017-06-07 11:45:18,83.00,16.34
3081ddf6e7c6afa4e4124e7882486fcd,2,bb09e8007aff97a9452967b19430cf53,53e4c6e0f4312d4d2107a8c9cddf45cd,2017-06-07 11:45:18,83.00,16.34
30912e56cd416bbcbd9d3282e643c27e,1,f58749565f856133a556122fbb08784b,bf00385a5f7fc1ef39a13c2e9ee50a5f,2018-08-09 04:05:20,15.00,8.29
30a897c2be083ba0f419c5b2cc9ca368,1,b9754f9e21b6e6960b37594d4387fb1c,681fce914360217db47784ae28905a96,2018-05-22 17:31:39,385.00,26.33
30fb13279028a5d1ebc47f8ace9b041f,1,a963ea4d494221de09b70f1b4a70edbd,bd0389da23d89b726abf911cccc54596,2018-02-08 19:49:25,89.90,16.07
316d34d7998d35ca148e02a9a5611307,1,5b736e2bc208fe225a4f3da85e5dc63d,5acd070dd3fe441bbb2ec1f1ede515ee,2017-12-05 18:31:06,22.49,7.78
3188b88d4562d627bf472b5a3655237c,1,6f404b217e9716c73d4626f722d0b880,4d6d651bd7684af3fffabd5f08d12e5a,2018-08-24 13:25:15,69.90,17.62
31995e0e4e63c77d8f5cf8970cd39a7f,1,2b849e71ada03a262ef4338a7abd8b79,f8db351d8c4c4c22c6835c19a46f01b0,2018-06-22 13:30:59,104.90,12.46
31b7099f02dfb1ef54bf9b3c44aaf417,1,1584ce1843990c0f62e353fd0478c2df,4a3ca9315b744ce9f8e9374361493884,2017-07-12 19:50:14,75.50,12.03
31b82ff746d73aeab9bc070c10156273,1,aca2eb7d00ea1a7b8ebd4e68314663af,955fee9216a65b617aa5c0531780ce60,2018-05-11 15:51:25,69.90,12.43
31daefda0897759a2dee9729dd9e057e,1,6a8631b72a2f8729b91514db87e771c0,128639473a139ac0f3e5f5ade55873a5,2018-05-18 12:55:23,29.90,37.45
32163a3da27e868cf12730227576ff1b,1,cf78006a2a6b0429b9663edd99bb38f9,710e3548e02bc1d2831dfc4f1b5b14d4,2017-02-07 19:23:59,299.99,17.21
32855d7689b9f421de7025b1f94cabb8,1,4ba501db540524d84cc382bb041ac508,44073f8b7e41514de3b7815dd0237f4f,2018-01-16 14:49:28,189.00,17.76
32a1deec544b7ad8e44ba2e87dfae1a9,1,3fbc0ef745950c7932d5f2a446189725,06a2c3af7b3aee5d69171b0e14f0ee87,2018-05-16 17:31:35,64.99,41.15
32ce9ea2719c8dc55fe5890c1143c60f,1,a3e8b232951525e76e82577bd3729173,3c4e0452bff7a2a788179488d3d77032,2018-01-16 22:19:25,99.90,14.45
32efd401773730f7d0d1c5ae2b841465,1,b3793f4676bdf327ca34c40d236ee2b2,23c38debaffe4a25a30fdbd9b586a13f,2018-07-06 18:30:37,74.90,13.62
3304f260a9b2d280ac64521d3e911dec,1,535a23504a92e3e42a5cd54256c75b17,f45122a9ab94eb4f3f8953578bc0c560,2018-01-26 16:18:06,125.99,15.63
332e264249f30a888b81bffd7a84e03c,1,23bb156d1ade824158d1b0c799f9a641,71039d19d4303bf9054d69e9a9236699,2017-10-17 04:49:20,109.90,21.57
3337a984417a1c95241b5f47acb33720,1,b5c315fb01a02190500528edf520883f,6560211a19b47992c3666cc44a7e94c0,2018-02-01 10:19:03,49.99,11.85
3369b9e1711af775c57b7ad52baf8017,1,9163c7e81fd68452472912c4cde810aa,b499c00f28f4b7069ff6550af8c1348a,2017-10-13 10:56:14,34.99,26.89
33862e8df33c7f4ce5d1c0142de3cf0e,1,de984954e2e130136bcf8988bc973d90,1dd33b8119b3cb1056ed5dc88cd0aaf4,2017-12-06 18:38:08,199.00,10.21
33d6fae0e702308c1b1c332b45653b71,1,20518c6950587eb5e8f02dad2fa0d685,aae3bfea055532c57fb453ed3ec80b30,2017-02-24 09:17:34,77.08,14.71
341cce59fc24a0f0cd59c5f25282b1ca,1,162e010af9fe224d35fd8496a273fb02,3c3017960b2dbd72711a61f0400aab8f,2017-03-31 14:30:13,89.90,23.18
3443b7575b141322b9be5ea9ba71188c,1,f4041d76285c2a34ad5013e8d287a400,1835b56ce799e6a4dc4eddc053f04066,2018-03-05 03:55:51,39.99,11.85
34479af2d143031f3a316ed407892b51,1,12d03720e39cc210547b854d2132c2e3,0d85bbda9889ce1f7e63778d24f346eb,2017-11-29 23:13:29,219.90,18.02
345f3128d7ec2b4fe1b30bef9c24ac82,1,73326828aa5efe1ba096223de496f596,d13e50eaa47b4cbe9eb81465865d8cfc,2018-08-22 16:15:32,82.49,13.24
34ed8b79fd1d5c5550059a18277cf3fe,1,40e8b425d1a26e2d9cb77363523e05ce,d93919c944be9cff128f6c9cb899eacb,2018-02-07 22:55:25,79.90,26.88
35066d34d3d361931bd8dbad2a94bb0e,1,ff8ff756fe1137ed22300ccd2190703a,8a43128d7f9a3db592b866e6861a6cce,2018-07-05 08:10:41,57.90,13.07
35147acb423f303e15d12cfa60292799,1,d4f5afce58ebf89ef1186236c54d2594,128639473a139ac0f3e5f5ade55873a5,2018-04-25 02:31:56,18.90,18.23
3521cc9e135966413d4c3eb1a212e19a,1,5328338cfaa16ba10561cd970c73ca11,12b9676b00f60f3b700e83af21824c0e,2017-11-28 17:50:29,199.00,25.94
354f93e9f4da886ed48d1add590d8d37,1,85156b6f3e9ba85d83b17b0c3c8cc627,1dc2de47ee26a0a5b12dc14fd6dc0dea,2018-05-10 02:13:52,66.90,15.08
354f93e9f4da886ed48d1add590d8d37,2,ead3077a141a9c800d6a4bb9d0d415b6,b2479f944e1b90cf8a5de1bbfde284d6,2018-05-10 02:13:52,24.99,15.09
36181ce9f0459af55f5aae302b4b13a8,1,bb50f2e236e5eea0100680137654686c,f7ba60f8c3f99e7ee4042fdef03b70c4,2018-03-16 20:30:24,325.00,10.04
36534fe142509f207606ad15c006b7dd,1,71c808620fa8dafbe6cd6c638cc67567,6d66611d7c44cc30ce351abc49a68421,2018-08-16 00:10:37,43.90,7.57
36534fe142509f207606ad15c006b7dd,2,71c808620fa8dafbe6cd6c638cc67567,6d66611d7c44cc30ce351abc49a68421,2018-08-16 00:10:37,43.90,7.57
3668477773eb5474d397777749d44f08,1,a7868f5ae25dcf473c8997f82cfd06a3,b16d3dadc47d4eb18be3d88bad0775ce,2018-07-12 23:26:00,24.90,15.27
3675f490195ac2070f7f45581da241c9,1,368c6c730842d78016ad823897a372db,1f50f920176fa81dab994f9023523100,2017-11-28 16:54:38,59.90,21.20
3675f490195ac2070f7f45581da241c9,2,368c6c730842d78016ad823897a372db,1f50f920176fa81dab994f9023523100,2017-11-28 16:54:38,59.90,21.20
3675f490195ac2070f7f45581da241c9,3,53759a2ecddad2bb87a079a1f1519f73,1f50f920176fa81dab994f9023523100,2017-11-28 16:54:38,59.90,10.60
36b7b9c89099230dbecdcde16e84c1cd,1,7f064525eaaa1ce9d22c085f7ff5413a,6560211a19b47992c3666cc44a7e94c0,2018-04-02 18:35:18,49.00,15.23
36b7b9c89099230dbecdcde16e84c1cd,2,186fe07c8b8005ec6a498587ffbc1352,6560211a19b47992c3666cc44a7e94c0,2018-04-02 18:35:18,29.00,15.23
36b8ca63eb9822b5f68630749ff70e32,1,0e482d9064073154832a2311c821c668,c5f7feb04a6a1fb3596322bfc3cf1917,2018-08-22 09:15:19,34.90,19.43
36ddc5f19d31a8d744d01bbbd1d11321,1,fa126ff62aae83e37857ad495641c878,e9bc59e7b60fc3063eb2290deda4cced,2017-04-17 03:55:16,209.50,15.64
370d5b41dfcdc96d0edb780967153d4e,1,1af2a3ec7cecc4015321e562a26c9d1d,080102cd0a76b09e0dcf55fcacc60e05,2018-08-07 04:10:38,42.79,18.40
37a8e5d9b2e5863960037179b26da448,1,101103127867af6d2af98dfb2da6c78f,11305281b50fff20ae8bb473f8e11876,2017-03-17 16:22:52,399.99,63.16
382a503d9d9928675c03cb26ea99b262,1,f9f260f8a0d16df18bcc7248495d779c,30a2f535bb48308f991d0b9ad4a8c4bb,2017-08-10 19:55:06,49.90,11.85
3843764d4f30d3653388f1b55c3a9ac5,1,bf04528618b481f107b7ea5747432102,52d76513f0c4d97f3b99570e2c94ee31,2018-07-05 12:31:49,109.90,18.87
385183082e6bcd8f81769fe274d3654a,1,7ce94ab189134e2d3c05f496d635419c,8b321bb669392f5163d04c59e235e066,2018-04-10 09:09:51,13.65,7.39
387c2c33e495538e94878a500bf8e6d5,1,6a0713a63e990052795623e76cc2995e,d2374cbcbb3ca4ab1086534108cc3ab7,2017-05-11 21:25:07,72.90,14.68
388d683431db37774946413cbb22210b,1,d64615580eb89e5d9a6ae0e37135a5fe,c826c40d7b19f62a09e2d7c5e7295ee2,2018-04-05 20:47:31,90.99,7.50
38d7ca365470a06bd907802a6a62d83a,1,db7f3f42ccab32fa6328b3063b278bcc,7299e27ed73d2ad986de7f7c77d919fa,2017-11-27 18:47:27,38.00,15.10
3900b88a922f66bc0aecfeb3807bec9d,1,36945ab7b40f69883323c9be517b640d,3d871de0142ce09b7081e2b9d1733cb1,2017-06-08 13:02:02,109.90,18.02
3908808de1bc14e2592cbdd80fd41729,1,e54464e95c9fb80e4edefa0ba49133c1,8f119a0aee85c0c8fc534629734e94fd,2017-05-15 23:10:23,54.90,15.13
39176f8e4a96aef60a2f8df4431ae834,1,8e7c6eda914c6feee0ee99555bb92d39,128639473a139ac0f3e5f5ade55873a5,2018-05-16 13:31:20,18.90,18.23
3937b5e90887b4a6c5e4102865c4338f,1,0ef56954a7f2e8c36b83dadad90b9cc9,855668e0971d4dfd7bef1b6a4133b41b,2017-05-26 13:50:15,14.00,7.78
397f4ed009841e83e71435ab9376cc8c,1,4dc2ff2b31e5b034eac68824c9394902,77530e9772f57a62c906e1c21538ab82,2018-07-23 18:43:09,299.00,45.96
3a5f9959785e2cc88b4618dec84a5834,1,880be32f4db1d9f6e2bec38fb6ac23ab,fa40cc5b934574b62717c68f3d678b6d,2017-02-18 15:31:29,42.99,17.78
3a635b5f9d8d66a95086d273fdf4b9af,1,2ab3eebb03e660d44470d936c0f20bb6,138dbe45fc62f1e244378131a6801526,2018-08-06 04:05:40,43.90,18.41
3a77992e9af4cff3d2b7bffa8f0597bd,1,0640a217fe729c5b8f61fd475f1fc22c,ea8482cd71df3c1969d7b9473ff13abc,2018-02-19 18:47:17,39.99,14.10
3ac745c240dae78ad2e1b9e191e92143,1,e5eadf9be70a4a9fa514019542fc330a,4559697a8f7e637227c2eeaed843baff,2018-01-25 14:59:26,69.90,17.74
3b0d3aa4a3663e2dfe9db5717d70d5a9,1,cd48f265a63e13b762601f5f794c5fca,e9779976487b77c6d4ac45f75ec7afe9,2018-01-18 20:15:30,47.49,9.94
3b8a6f4c963d2e04b3d7a0bb8dc84b6e,1,06edb72f1e0c64b14c5b79353f7abea3,391fc6631aebcf3004804e51b40bcf1e,2018-02-15 16:35:40,39.99,11.85
3ba2d0012b1f34bc6ccbc31c4ba69f93,1,f6846ffd13de01b26f4eaebaf76295bc,17ca9b9e9b9ef8fdb529001b49ebb50f,2018-01-05 11:07:28,45.97,14.10
3be5256ae9320c0c96853f3832dbd122,1,8bab563be2e3316280e3990af91da7b7,128639473a139ac0f3e5f5ade55873a5,2018-01-26 18:16:44,18.90,12.48
3c21823fb08a6a2ff770877efffb1c1a,1,5db096acdea1d87bfa4d07c1cc70c492,3ade81dab5a172b88e1871c28ae05260,2018-02-14 22:10:34,179.00,36.76
3c23f03a52f26c926ec48ffa9bdd82f1,1,f422d0d9f8b5f7c27289382b14b61248,1554a68530182680ad5c8b042c3ab563,2017-06-16 03:50:19,66.99,14.20
3ca18df2135c0a2602ea7d0e9bf8cb03,1,ab1f9387c0627dd24000bfbc54fdeee0,8b321bb669392f5163d04c59e235e066,2018-05-07 17:12:54,12.25,7.39
3cba7817e430400056f23107daafd6a9,1,a72209f6ea270769cecf0ed4168d3893,42bde9fef835393bb8a8849cb6b7f245,2017-11-30 19:12:31,69.00,34.28
3d0a2787777e731001936c8a443b22fb,1,d58118713a21b8177e844c58eb83efe7,c68fb906c8f4b4b946d8386bfa6e5467,2017-09-20 10:25:46,44.63,17.92
3d7264091d686b71e3250b37f6ea6f07,1,af53bbaeee1f3190c2ff939fc236b6f5,06a2c3af7b3aee5d69171b0e14f0ee87,2018-02-20 19:27:06,58.99,21.21
3e4c1f31ec362fab325d2bd1201a7c0a,1,f77f1ec838ed490adc1529eedf7810ea,4c1c7281388a33dd06daac44f9fadbd1,2018-05-02 07:11:00,67.88,19.45
3e87ada006372f78ebf4bfee1cb020a5,1,7c1bd920dbdf22470b68bde975dd3ccf,cc419e0650a3c5ba77189a1882b7556a,2017-03-10 11:35:15,64.99,17.88
3ea37e479ca4fb57227d43b806c98174,1,0c3305267c17b542aecbc2385f5f0794,fe2032dab1a61af8794248c8196565c9,2017-06-16 12:32:56,219.90,13.04
3f2502be2cb245c8c7ca170ddf39465b,1,d1c427060a0f73f6b889a5c7c61f2ac4,a1043bafd471dff536d0c462352beb48,2018-04-02 11:35:14,139.00,78.61
3f53ab479c257a4c6c027d24e4a2ffee,1,17ad136b7421ea8690fded631b651158,6560211a19b47992c3666cc44a7e94c0,2017-12-21 18:37:28,55.00,7.78
3f695ee2567af0b169e482d825ec8e31,1,914c9e9af640dd56f48764a225b00f89,7c67e1448b00f6e969d365cea6b010ab,2017-12-12 02:21:45,78.98,39.48
3fc2e32bfc88b2bf0e9d7437503d82dd,1,7fb04722aba7a2b632bac8f9819796f3,f3b80352b986ab4d1057a4b724be19d0,2018-07-20 14:45:25,90.00,27.58
3fe4dbcdb046a475dbf25463c1ca78bd,1,8ad5422c2f13436a172cbdd5f2faa00e,d91fb3b7d041e83b64a00a3edfb37e4f,2017-09-05 07:00:08,35.90,16.11
40237bfdaa849b45bb6dc75be63c3abf,1,03ed331c2c9bb4cd5c3d986928bc8d9c,dee656f0f566ed1aa85bd137c943f08f,2018-03-01 15:31:28,44.90,12.69
4045e63d7fe9fce2f38928253adf5c2d,1,14e95770921ccb6caef2e6134c182d78,7a67c85e85bb2ce8582c35f2203ad736,2017-11-21 12:26:27,219.99,33.99
4064b7bda3dcdab5dc717705f524d3bd,1,418405ed2f7830b3ab55a767f1b2d03b,8602a61d680a10a82cceeeda0d99ea3d,2018-05-22 01:55:12,31.99,15.23
4089dcf1cbb89bc02b04c143c7dab499,1,78819ab10b4a44927c832a21c06849e0,34d1ca11b242c0fee2c834ae8d788566,2018-05-07 14:30:33,580.27,56.19
40a496e18a46349487b125eda0d0c288,1,aca2eb7d00ea1a7b8ebd4e68314663af,955fee9216a65b617aa5c0531780ce60,2018-04-30 04:31:24,69.90,0.00
40a601b71bfefbc0f6a7566b0d201fad,1,e3a67a7350378910b2eb888ba9d2d095,7d76b645482be4a332374e8223836592,2018-04-23 01:52:09,14.89,15.23
40bf40ed29a5bbdb73aaeb5eb134168f,1,64b4f32393cbf55be791078e7a2adca0,612170e34b97004b3ba37eae81836b4c,2018-07-27 11:25:10,139.90,22.91
411753995b9d6dde2c840f9b96ad946a,1,738da8ddda2e593acfdc53c2d1520dfa,6d66611d7c44cc30ce351abc49a68421,2017-10-18 22:35:18,79.90,11.76
416bffd2b6f30043b4c631f9109782f3,1,e59dd207c69d86e890febadc796d1078,1c68394e931a64f90ea236c5ea590300,2018-03-05 00:07:40,144.41,13.14
417b5687161450887ef2e6b283c15c32,1,86b8032cbb666ec9ca1f2aa4d4cace06,dee656f0f566ed1aa85bd137c943f08f,2017-11-22 23:25:59,67.90,25.76
421b4ffa3b5162cfda443317c902f866,1,3663ccbce96bbbea6b1b38558b5356a0,fa3a0b5aabb344b9a92e3524b0202123,2018-04-26 09:31:08,298.00,23.17
42653d5c4df9e26fb929a370f55ee092,1,451f6a5c5b15c9c5819256be358df9f0,b6d44737c043328708f6749c2dbe50bd,2017-08-21 13:45:14,27.90,17.60
42a64eac09d0a6be5a307753093d45e8,1,e2c3ed9aaddfd2312a6a5fe9b3ddadd3,46dc3b2cc0980fb8ec44634e21d2718e,2017-10-31 09:06:11,99.99,12.15
42aaabf39b810fa0a3390fe791dbb880,1,e251ebd2858be1aa7d9b2087a6992580,001cca7ae9ae17fb1caed9dfb1094831,2017-03-23 14:22:50,139.90,15.15
42aaabf39b810fa0a3390fe791dbb880,2,e251ebd2858be1aa7d9b2087a6992580,001cca7ae9ae17fb1caed9dfb1094831,2017-03-23 14:22:50,139.90,15.15
42d0d6be3900c1f50190096f216695b1,1,36f60d45225e60c7da4558b070ce4b60,8e6d7754bc7e0f22c96d255ebda59eba,2018-01-10 12:31:39,109.89,9.13
42d0d6be3900c1f50190096f216695b1,2,e53e557d5a159f5aa2c5e995dfdf244b,8e6d7754bc7e0f22c96d255ebda59eba,2018-01-10 12:31:39,109.89,11.22
431e57fb445e35e908a2d4867bfc9b27,1,0c159d7ce798ebc726ad977f9ade848a,1127b7f2594683f2510f1c2c834a486b,2017-07-24 22:43:13,79.95,14.31
43633b4950869ad500817fb5326e1864,1,87283a98b24f9f1ac3a31b631073cf47,cab85505710c7cb9b720bceb52b01cee,2017-08-02 14:15:12,49.90,15.10
4363ab80d1b250bca41ff7ed817788cc,1,f6085e99db2df10f9829b6193314615e,d650b663c3b5f6fb392b6326366efa9a,2018-03-14 20:29:10,169.00,19.06
438f4256ef380bc7d658773ed817a480,1,e54464e95c9fb80e4edefa0ba49133c1,8f119a0aee85c0c8fc534629734e94fd,2017-10-05 15:50:36,54.00,9.34
43e13541e43361e50ca0f4f18e4a4863,1,99f265229d46f700208ad7cb1ff48aae,ea8482cd71df3c1969d7b9473ff13abc,2017-12-13 19:59:32,29.99,25.63
444928c349bed18bd960cf50ac772e7c,1,86b29e90cab127b7231caf9eb85d4353,8581055ce74af1daba164fdbd55a40de,2017-12-15 08:50:28,69.00,13.50
4461758febf28f20a599646b502ddbec,1,50b2ddbf47bd0b8eecabb404613e2a45,259f7b5e6e482c230e5bfaa670b6bb8f,2017-04-04 10:30:21,49.90,22.28
44978a07c53273143a18ff837c2dd68d,1,8f41c6ba389c91b377bba94e332bf925,1900267e848ceeba8fa32d80c1a5f5a8,2018-04-25 00:50:24,69.00,14.57
44aec9c2be37dd0f0b954562c94ccfec,1,210feb9ae3b060d29ec884aac60e5f10,7a67c85e85bb2ce8582c35f2203ad736,2017-10-02 14:37:48,149.99,18.30
44bfe9e18e3f1f25344d2bf7243bf2f1,1,7f4e034245e45549110139d1de248f83,4b9750c8ad28220fe6702d4ecb7c898f,2018-03-01 19:08:07,48.90,9.74
44ce6def1c74186615c88a02d09abcb2,1,2b4609f8948be18874494203496bc318,cc419e0650a3c5ba77189a1882b7556a,2018-02-22 09:27:11,89.99,19.17
44cfc5b2ba4522fbfff8c05a8649e538,1,89b121bee266dcd25688a1ba72eefb61,2eb70248d66e0e3ef83659f71b244378,2018-04-24 16:18:19,79.90,7.42
44d2ec7f124befc9d02cd313f1af14c5,1,4025cbfac798d74f87c30ee87e6e9f70,d8c7ba53e7e38711eaef8c2849d6d2e1,2018-08-14 03:05:26,117.00,25.69
459aa8ae0e09ae140ba9f75c1f429524,1,b943428b30217b1cc766b75de5c4f691,3f8034bfc6b8b4135534975d49f04c63,2017-04-17 04:02:03,44.00,16.05
45b8bb0bfeacbf5aebe4c3f5cbcd2b06,1,c0c5899d3df29722ba3f12be79dfeb10,4e17c65a516f69d023a2ae78b84f28d6,2017-03-19 23:46:04,59.00,14.58
45f538a7067ec91ebf71a1bc95a63be4,1,992197904e1d4f0bf3994652373188e4,a3dd39f583bc80bd8c5901c95878921e,2017-10-26 20:07:14,215.56,26.06
45fb3f449f9ca45f89ba2d2b062e495b,1,9be8d8c1b3cb9e629230d4c176b14ae9,d32e3909cfb714fb2a6cb092c85b9c5f,2018-03-06 21:00:27,116.90,9.63
469154149d5faa926f0c01971b89dae4,1,ef30fdd053284aaffa42dfd5612b66d8,066a6914e1ebf3ea95a216c73a986b91,2018-02-22 09:27:09,260.00,23.96
46944b54ffc20e22cd2792f7b7b12a82,1,7fb06133a9a56c3d8a2819e9f4d45422,fcb5ace8bcc92f75707dc0f01a27d269,2018-06-13 04:12:28,123.00,32.77
469abd917ae82adddc931bca94bfdf84,1,704ef63ad0ac345842ea734060a83db2,da8622b14eb17ae2831f4ac5b9dab84a,2018-04-23 16:30:38,74.90,12.91
46ab3e1c2c3eed0ed5bd72930759d25e,1,6c3effec7c8ddba466d4f03f982c7aa3,37515688008a7a40ac93e3b2e4ab203f,2017-10-06 13:49:48,19.90,11.85
46b7b64f475329c65fb18b99c7fb373b,1,53759a2ecddad2bb87a079a1f1519f73,1f50f920176fa81dab994f9023523100,2017-12-18 22:35:43,59.00,17.66
4759dc5cd30f8e283de04872dd5446cd,1,7340a3839a1de1e99d149b8cf052a2ec,4a3ca9315b744ce9f8e9374361493884,2018-06-11 13:55:15,69.90,19.46
475daaf912c5d6077ae695875f9e02dd,1,3db75f31b76375c502f64d550dcd1166,85d9eb9ddc5d00ca9336a2219c97bb13,2017-09-22 04:44:23,31.90,16.79
4781da20482e1cd01049b1f299ead78a,1,9324d11d98d73e980e13fbd30569e9e4,5cf13accae3222c70a9cac40818ae839,2018-03-22 16:09:04,99.90,23.63
47b4bf81340558dae3b914a280e01e9b,1,06dce482ace017e78349b6f1fa83a022,f7ccf836d21b2fb1de37564105216cc1,2018-08-17 08:15:16,39.00,13.85
47c1158d35b8d9f0453d5f2ddbbcb3b0,1,6fa8b8abbb489a0abba6ad7b79c7ecd9,89de2d6f23e9746ff309705b23581faa,2018-07-30 06:10:18,50.00,23.50
47c3ce4efeeff5eae692f5d31ef009e3,1,1491a8ff192d4b5c369b0eaa2fe33ee5,37be5a7c751166fbc5f8ccba4119e043,2017-07-11 04:05:23,205.00,28.81
483802a1476e667f12dbac40c707809b,1,0e34187d4312b97b5e698836d28ed040,a420f60ff1aa9acc80d0e42959f2b313,2018-02-13 17:30:02,199.00,16.15
48fbeebc9d59b8f5b8c06d87af9626f2,1,b84520a57891e7a8ae2c68741dcc7146,6560211a19b47992c3666cc44a7e94c0,2018-06-18 17:58:02,45.00,7.58
4962467df8bbf58b2f212f805a473446,1,39eef1b4d9ab7a5a121d3436b03ce7d3,f1ed6bd0a9b11b581f16c851c6a5a527,2017-07-28 06:15:24,87.47,12.32
49d10d709e14496d0d1d8d6cb556d2f3,1,69455f41626a745aea9ee9164cb9eafd,58f1a6197ed863543e0136bdedb3fce2,2018-07-03 19:18:25,139.00,14.31
49f879aa078787ff9ca5e831515407b9,1,98712b7f46e0fe4f4da2f7df1b9231a7,7299e27ed73d2ad986de7f7c77d919fa,2017-08-31 02:15:50,50.00,16.79
49f879aa078787ff9ca5e831515407b9,2,98712b7f46e0fe4f4da2f7df1b9231a7,7299e27ed73d2ad986de7f7c77d919fa,2017-08-31 02:15:50,50.00,16.79
4a2098244c1910e8e9e9251e2e5faa2b,1,50fd2b788dc166edd20512370dac54df,8b321bb669392f5163d04c59e235e066,2018-01-09 13:34:23,21.90,14.10
4a2098244c1910e8e9e9251e2e5faa2b,2,50fd2b788dc166edd20512370dac54df,8b321bb669392f5163d04c59e235e066,2018-01-09 13:34:23,21.90,14.10
4a7daecdbb69d275f72866f7f8d00448,1,766a5c8a2e6f4ea78ab342f00614f61f,870d0118f7a9d85960f29ad89d5d989a,2017-12-14 09:32:26,46.99,25.22
4a99025f5af0af1eb1b6602980ae4a82,1,b38b25d838ae0b8385e8cc68b9017644,fad44952713764836814be105382aee5,2018-08-02 17:30:12,180.00,16.36
4ab2c1c6f21974d6332c0531a74eef20,1,7cc67695a7648efc5e7a755603402b49,95e03ca3d4146e4011985981aeb959b9,2017-11-23 16:11:10,29.99,14.10
4abc7b5330425bcf9c2f7f48151a88c0,1,8038040ee2a71048d4bdbbdc985b69ab,b39d7fe263ef469605dbb32608aee0af,2018-08-09 21:31:33,129.90,14.49
4ae41a4932898dbf49f39d10745ba16f,1,901d948bd60c35ff015aa3a8fe28b610,36a968b544695394e4e9d7572688598f,2018-08-22 20:10:14,13.90,7.39
4b25b8fa39f9cbf4b728426f6b09b1aa,1,84f456958365164420cfc80fbe4c7fab,4a3ca9315b744ce9f8e9374361493884,2017-11-30 03:12:32,99.00,13.71
4b99a000045d86380d5b014642fbc499,1,57c56b4871f4f353ac52c8015e9c5318,c840d3fdbba0790404fdae73d253b253,2018-07-03 12:50:17,129.05,19.05
4b99a000045d86380d5b014642fbc499,2,57c56b4871f4f353ac52c8015e9c5318,c840d3fdbba0790404fdae73d253b253,2018-07-03 12:50:17,129.05,19.05
4bad794236d71eada0390ce3edb591fc,1,8cf306b87f5f0832d70505004465e39f,835f0f7810c76831d6c7d24c7a646d4d,2017-09-20 22:24:15,69.90,8.72
4bb6e6f5af26e1f5951d934386615406,1,3fbc0ef745950c7932d5f2a446189725,06a2c3af7b3aee5d69171b0e14f0ee87,2018-07-04 11:31:07,66.99,27.75
4cc44db58430b3250f2ef264dbcc3b4c,1,740867136b4bf7605e36c5913b91eb99,9a03a4e9eb0b947652fae4f6121a3f5e,2018-08-10 14:50:15,200.00,18.53
4cf65f650cc60791bfb99bbaa418faf9,1,49cd59957f1c81427ca0b2edf5696969,d98eec89afa3380e14463da2aabaea72,2018-07-13 03:50:18,49.99,16.54
4cf7b60ee5bf3891424ddb434b261cd5,1,48ec266dc99725679f820e6609801800,7e93a43ef30c4f03f38b393420bc753a,2017-07-11 18:03:38,1704.97,28.37
4d15fa859019443a04411eea14fe841d,1,30001d6521e7d5826eb1881050cea7e7,85d9eb9ddc5d00ca9336a2219c97bb13,2018-03-02 20:56:01,31.90,34.15
4d16edc6146d11a43b18720cce159643,1,f98dbc219c0bcd7fb37420dff826912f,2e1c9f22be269ef4643f826c9e650a52,2017-08-31 21:25:25,79.99,11.76
4d1d3523aeda82887c2875955783ba2f,1,c8d415e06ebd7a37c7a5b4a18641ca11,cbd996ad3c1b7dc71fd0e5f5df9087e2,2017-07-04 18:10:16,43.48,15.10
4d1d3523aeda82887c2875955783ba2f,2,c8d415e06ebd7a37c7a5b4a18641ca11,cbd996ad3c1b7dc71fd0e5f5df9087e2,2017-07-04 18:10:16,43.48,15.10
4d1d3523aeda82887c2875955783ba2f,3,c8d415e06ebd7a37c7a5b4a18641ca11,cbd996ad3c1b7dc71fd0e5f5df9087e2,2017-07-04 18:10:16,43.48,15.10
4d2711a0db9f671c10f8ce62aeb438bb,1,eaf84e31d1e891449aa5cf7130e75fc6,7ad32824caee82087b3e2e5f33b1bf32,2018-08-23 18:32:26,59.90,19.61
4d2c3fb1909604d5f9474e4675971ef2,1,47c064333cf67e5cdc8243db3f095767,b499c00f28f4b7069ff6550af8c1348a,2017-02-02 14:05:53,24.99,4.50
4d2c3fb1909604d5f9474e4675971ef2,2,47c064333cf67e5cdc8243db3f095767,b499c00f28f4b7069ff6550af8c1348a,2017-02-02 14:05:53,24.99,4.50
4d2c3fb1909604d5f9474e4675971ef2,3,47c064333cf67e5cdc8243db3f095767,b499c00f28f4b7069ff6550af8c1348a,2017-02-02 14:05:53,24.99,4.50
4d2c3fb1909604d5f9474e4675971ef2,4,47c064333cf67e5cdc8243db3f095767,b499c00f28f4b7069ff6550af8c1348a,2017-02-02 14:05:53,24.99,4.50
4dd4745f66dc08de8b825edf6155ce4b,1,96ff741d2c7879406ec3054d6b2a11c8,6560211a19b47992c3666cc44a7e94c0,2018-04-20 16:53:31,49.00,15.23
4dfe2ddcd2de2e45fd88e8c6bae55901,1,726b4e18f00255e2e63491bcba3f60b8,00ee68308b45bc5e2660cd833c3f81cc,2018-01-11 10:16:26,75.00,36.62
4e1bb70e4b6fb08b9ddb86c7ade82354,1,bd69e6d599b9a3d9c298617c14e46f9f,1900267e848ceeba8fa32d80c1a5f5a8,2018-02-15 09:31:56,80.00,12.90
4e2a846769fc8af3af8b7826b058fe4f,1,4925baf29078761c66f5f32ac8568abe,ac3508719a1d8f5b7614b798f70af136,2018-01-09 11:34:23,59.90,16.86
4e6d546fa72049694bdc912c60fc4953,1,aca2eb7d00ea1a7b8ebd4e68314663af,955fee9216a65b617aa5c0531780ce60,2017-11-24 10:30:45,75.00,13.08
4e78c8e6f00a4ca7409db04227837738,1,b8c5642287f25d5e0e166199264eff95,dc8798cbf453b7e0f98745e396cc5616,2017-10-09 00:35:09,59.90,35.74
4ee69609938fb96f9c99db9382d6069b,1,789ad1b65fbd127472ba15371dd1144a,e9779976487b77c6d4ac45f75ec7afe9,2018-07-31 13:04:19,54.49,34.14
4fb03ddd24b3d883bf20f5f196c53890,1,54d9ac713e253fa1fae9c8003b011c2a,955fee9216a65b617aa5c0531780ce60,2018-01-22 18:51:25,29.50,13.08
506fad0fc79d02f8f890d91eeb9fddf5,1,aca2eb7d00ea1a7b8ebd4e68314663af,955fee9216a65b617aa5c0531780ce60,2018-01-24 03:39:29,69.90,13.08
50a2d9e8f28f577acd594ba29d58eced,1,8af4a717d0442a5fbe332dc587583296,b92e3c8f9738272ff7c59e111e108d7c,2018-06-01 01:53:38,129.90,71.34
50dca56efe42d2213549482d6a885d6f,1,0f8016710ce920034150241f0b8b5def,004c9cd9d87a3c30c522c48c4fc07416,2017-10-26 03:15:19,199.99,26.24
51149ebc2ec1ecbf8a2503fd49753259,1,d66eeeb49d2801f33401c8c6828aee40,05d2173d43ea568aa0540eba70d2ca76,2018-02-28 22:10:29,14.31,15.10
51abb20be6330420d4528fe527d3f90e,1,215ec1620e0f8475dcf0a38866aed21e,8a32e327fe2c1b3511609d81aaf9f042,2017-10-16 01:49:18,69.99,16.74
528b401a2474f3a33a3373be7a77a0cb,1,dce24381876a1d59ccc9d00d3dbade56,259f7b5e6e482c230e5bfaa670b6bb8f,2018-04-10 14:35:12,78.90,26.63
52d737a419e3d5424beb6b55abd83bcb,1,3dd2a17168ec895c781a9191c1e95ad7,de722cd6dad950a92b7d4f82673f8833,2018-05-25 02:15:40,149.90,13.34
5322755defeb2e8863500740172a082b,1,979a52ea2c0c4e9e7e7e4a766d4eeda4,640e21a7d01df7614a3b4923e990d40c,2018-07-09 11:31:25,62.00,29.54
5322755defeb2e8863500740172a082b,2,ecfe9a892071ef1c94ee53f77e2e063b,640e21a7d01df7614a3b4923e990d40c,2018-07-09 11:31:25,119.00,29.54
5361ae7742cca11bdce02eba111d345a,1,0cf573090c66bb30ac5e53c82bdb0403,99eaacc9e6046db1c82b163c5f84869f,2017-03-28 08:40:31,59.00,11.02
53e7de93de0f500168f10be4d3ca4577,1,8246b1e9198f46fc3c05900f43568ba6,0dd184061fb0eaa7ca37932c68ab91c5,2018-05-17 12:30:53,38.00,22.93
543208567174edffa48d4c3262b0343e,1,fe6a9515d655fa7936b8a7c841039f34,dc317f341ab0e22f39acbd9dbf9b4a1f,2017-07-10 03:43:45,249.90,78.77
54a845f5cc0d3691277e4adfebd4a5bf,1,c354569eefd558bf201d0aedf35608ed,822166ed1e47908f7cfb49946d03c726,2017-09-20 02:55:21,49.90,16.11
54b7ba0e3a2e8a0f9f68011432a52575,1,704ef63ad0ac345842ea734060a83db2,da8622b14eb17ae2831f4ac5b9dab84a,2018-01-19 19:09:51,74.90,16.28
54c4b0926f9b4aeb54164306d1374e8f,1,12dc5e5d178b930cf87cf16e812fc2d5,11bfa66332777660bd0640ee84d47006,2018-01-15 07:16:30,10.60,11.85
54d65ba100747f2456fc1d1e314ceb26,1,ee5329ffbe604bebcf84b2fd7792024e,916c9de0b5ad957346eeeb12f332687e,2018-01-25 14:59:29,233.00,15.38
553d40c3dee8e6294b1b393c1499c25c,1,6adab229374835b551f6402e0dc53267,f8db351d8c4c4c22c6835c19a46f01b0,2018-05-04 08:50:07,48.90,18.23
55463b6644570a60e7bd7f1c26c3c46d,1,42a2c92a0979a949ca4ea89ec5c7b934,813348c996469b40f2e028d5429d3495,2017-05-24 18:45:10,59.90,17.67
5546e31c47b50234b9ac599f2f8c0061,1,7783fe1498ca5fafb9bb45c8a1d117e4,d91fb3b7d041e83b64a00a3edfb37e4f,2018-08-14 15:55:12,17.19,12.79
5553543e89ef381e4ff08f6b91b94690,1,78f5f8f4547e4be0449bce34eb0557f2,82e0a475a88cc9595229d8029273f045,2017-10-19 19:34:51,109.78,16.53
5553543e89ef381e4ff08f6b91b94690,2,78f5f8f4547e4be0449bce34eb0557f2,82e0a475a88cc9595229d8029273f045,2017-10-19 19:34:51,109.78,16.53
5553543e89ef381e4ff08f6b91b94690,3,78f5f8f4547e4be0449bce34eb0557f2,82e0a475a88cc9595229d8029273f045,2017-10-19 19:34:51,109.78,16.53
561cdd2accb4b96049e2f85972d8bffe,1,b008888e5e01a5c9da36306228e900d1,7681ef142fd2c19048da7430856b5588,2018-06-14 13:53:52,790.00,80.11
56286095ef8730771df8d223978236ed,1,1613b819ab5dae53aead2dbb4ebdb378,16090f2ca825584b5a147ab24aa30c86,2018-04-25 16:59:58,27.90,18.23
56ee0507f806ad1a079e2905d5beff09,1,74d4aaa8660d96be90bdaaf7fbe60a6d,b87a7ea0c30fad2dd6781b74a0064859,2018-03-13 04:30:50,79.00,15.31
56f663cba1638e1a90a2fb8e4716a2db,1,0b0172eb0fd18479d29c3bc122c058c2,5656537e588803a555b8eb41f07a944b,2018-02-19 16:27:17,24.89,12.48
5701526ccd29e0cb831e1324aa60b867,1,20d458d013a3988f71009298fecd8607,d2374cbcbb3ca4ab1086534108cc3ab7,2017-12-18 00:31:09,17.90,11.85
575fd25dc6bc7604b6a64f9d8fdb1cd3,1,7fdff1c504647eff040e08cd98ce3210,3c4e0452bff7a2a788179488d3d77032,2018-01-30 19:18:20,119.90,17.28
57665b3fb0f04270d6b333c9d1f80a61,1,d1e422d44f28b10c3899b6f494142de0,dfa0c4c6229ab200a4a1336b4d7128ff,2018-08-06 06:44:37,25.90,15.28
579c04f647cacb17047677baa1282eaf,1,d934d5a5c12e50df26c0669f578e2621,080102cd0a76b09e0dcf55fcacc60e05,2018-03-20 16:10:28,53.99,22.09
57c431e8bf97cbdd79ba45fe58ea98d2,1,e4e9fa024c5f014419b395452a41987c,e2aee0892199b1d92530e371abd825bf,2017-11-17 12:30:44,119.90,73.56
57db9f1b9ba0b6c4abcb4eb40e83c182,1,cdf0c921e5025a7ad81c1708b27393e0,11bfa66332777660bd0640ee84d47006,2018-03-15 14:30:27,57.60,38.95
581e3fa3023c8c6a8a485e6f8e52ce2d,1,35ebf08a93899d44e756809e11b14754,128639473a139ac0f3e5f5ade55873a5,2017-11-14 03:31:02,18.90,12.48
5820261a4aacfd67c653d120a4acdc46,1,0d90fced28b749fa0468818d98cb8212,dbd66278cbfe1aa1000f90a217ca4695,2018-01-17 11:08:44,50.90,17.61
583778f2a1b6b016b054423277086598,1,c230b471b7e21ff9060e68ee154afd70,1ca7077d890b907f89be8c954a02686a,2018-01-05 18:46:39,69.99,14.24
5935b70a1cae39b66d05db3bcfa4a144,1,de5a06d0d4cc5fcc6e384d789bb0d7cf,c8b0e2b0a7095e5d8219575d5e7e1181,2018-04-11 08:55:20,139.99,18.59
5971f2b65e9c6f58aca350ec6674905d,1,6a8631b72a2f8729b91514db87e771c0,128639473a139ac0f3e5f5ade55873a5,2018-07-24 13:05:17,24.90,18.27
59dccb56096ce22662c9a3f2f2312f39,1,1015f4f024ec3cd0f9516a779ece52dd,4a3ca9315b744ce9f8e9374361493884,2018-01-31 02:57:54,83.90,13.61
5a8a4dc28b16fb90469ad749f9535773,1,33ac889bc3af4ddede9c14fc789a3743,666658b8da8370f30e1f89893b1de5e6,2018-03-20 03:08:35,149.00,11.67
5a8a4dc28b16fb90469ad749f9535773,2,33ac889bc3af4ddede9c14fc789a3743,666658b8da8370f30e1f89893b1de5e6,2018-03-20 03:08:35,149.00,11.67
5a91aca4cab56a1119249a6ab5d41318,1,3fb22448e11f38ac4437c25693fcac1e,b8555308bfdb4ca1ed54325a58da9a97,2018-06-19 02:30:24,144.90,27.67
5ad82a9fb12ff34f8883ccfaddf3da4f,1,17ad136b7421ea8690fded631b651158,6560211a19b47992c3666cc44a7e94c0,2017-11-03 03:06:36,55.00,7.78
5ad82a9fb12ff34f8883ccfaddf3da4f,2,17ad136b7421ea8690fded631b651158,6560211a19b47992c3666cc44a7e94c0,2017-11-03 03:06:36,55.00,7.78
5c48604208ff2a0458a13f33a4c7ef1e,1,bd6b7d96a03cd99ba1f00650cc8a72e8,cac876b37d3abcd6bd76caca30277996,2018-03-22 18:30:31,37.90,19.32
5c55ef550d5ff75bae4c1473c8dd06a5,1,635b74f3dd5462e3c133b42cd9299fa2,b2ba3715d723d245138f291a6fe42594,2017-02-23 23:32:43,39.90,14.11
5c7ffa6a8321eb05f96b3f941cf874e5,1,3225c54bb2785c33f49f50398fcdb88c,c60b801f2d52c7f7f91de00870882a75,2018-04-12 03:15:31,270.00,16.77
5d17efea0be94cdb2964031a1eab75dc,1,a1efe4a86746c22541813e22e1d23e33,da8622b14eb17ae2831f4ac5b9dab84a,2017-03-23 10:57:14,129.90,20.99
5d284e172fe3bafba10f2c60e3ea2047,1,a291cc846d74d97f01611894f983073b,de722cd6dad950a92b7d4f82673f8833,2018-08-02 15:44:37,189.90,25.68
5d3d6b8740f0b956853ba943e42e2c22,1,eb47d7ea4e5611684330021baa317c17,5dceca129747e92ff8ef7a997dc4f8ca,2018-05-01 23:12:31,1007.00,19.48
5d79b555805a2c67a647b4f2ed28891c,1,4aca38e787c979a6106440c7a63036b4,5f2684dab12e59f83bef73ae57724e45,2017-10-02 13:49:26,79.90,25.11
5daf14428a3c29d9dd22f97b7d5b3230,1,3efc7a945462447c7f6219f14ce3235a,6d803cb79cc31c41c4c789a75933b3c7,2018-01-29 13:58:45,54.90,17.63
5dcfd31ce05e7696a4c635cc256a0364,1,f42ce455e63158d56c2323bd054270e3,6288c69c4ce638e59925e59193f98b16,2018-06-18 07:15:09,55.99,8.29
5dee8eedf4516e7562d1ec0f62833392,1,6cf14dbbc3b753384a72cf9c57119063,3078096983cf766a32a06257648502d1,2017-09-28 19:50:17,186.99,16.94
5e0140671ad91ce830fb2b33a3210d1b,1,dca8cbb1c9d8a2db0fbc0c36b8d1a7bc,6560211a19b47992c3666cc44a7e94c0,2017-09-26 09:15:14,89.00,21.42
5e52347cf930a594b49921ee25d22742,1,262f65b4fffa70d0216e5aafde271967,abe42c5d03695b4257b5c6cbf4e6784e,2018-03-06 18:35:31,279.00,15.70
5e8125228086e366702d4aab930260d9,1,389d119b48cf3043d311335e499d9c6b,1f50f920176fa81dab994f9023523100,2017-12-04 02:56:05,49.00,17.67
5e9539c329818fcbcf5579c92a58501d,1,f77dd338d9f75229a09cbb9a18fd0c9a,1c129092bf23f28a5930387c980c0dfc,2018-01-08 19:09:07,25.00,8.72
5e9539c329818fcbcf5579c92a58501d,2,f77dd338d9f75229a09cbb9a18fd0c9a,1c129092bf23f28a5930387c980c0dfc,2018-01-08 19:09:07,25.00,8.72
5ec4ec0bb9c63325c2a003b014c9b7b5,1,4724ffa427f315c485e39b02e21859b2,955fee9216a65b617aa5c0531780ce60,2017-12-20 22:39:40,12.00,16.79
5eeac31e1838a5a8563b9d111cd09a5d,1,906b11f3bc3c98f883afa0eb67b0fac7,440dd6ab244315c632130ecfb63827b1,2017-11-03 13:55:14,124.90,13.99
5fb801bbd0a3376799e6d3a508f845db,1,f1d3e7a4605f6cd5f2a3cf9bde5c7845,062ce95fa2ad4dfaedfc79260130565f,2017-03-31 15:42:24,189.90,16.54
5fbf3a364c57e553f502c5ee2a388da1,1,d017a2151d543a9885604dc62a3d9dcc,6560211a19b47992c3666cc44a7e94c0,2017-08-17 12:04:07,49.00,14.10
5fc25db83662b2660bd61440ba3ec9b8,1,df2e41520cb6197bd02beaebfa6e788b,8a432f4e5b471f8da497d7dc517666e2,2018-08-02 15:44:29,137.00,44.76
5feed08e8f66735ba71592e68d15a602,1,f7f7a305e9312614a635f453cf6be7a8,06bb3a2fe5e7b7a845b13e8fb91bd944,2017-11-03 15:32:15,89.90,15.39
5fefa018b496e8145dfd56ae7320e222,1,deecc62b2db3d87ff4d9fe364fead01f,403aa86912527d730337ffcb0fb096ab,2017-11-20 19:30:32,274.99,10.49
6016370c0d4a0da9c57394f85d9d11d6,1,154e7e31ebfa092203795c972e5804a6,cc419e0650a3c5ba77189a1882b7556a,2017-11-14 13:30:45,23.99,14.10
60762802b48bb6d256d55b013d115013,1,eba7488e1c67729f045ab43fac426f2e,620c87c171fb2a6dd6e8bb4dec959fc6,2016-10-21 16:35:08,249.90,14.03
60fc7ade1e92f28d610e6e529997e56c,1,f18b93fa1044028aa85eb5a0b3ac236a,8ca1551acf9832a4cf467bbbac15851f,2018-03-26 00:15:28,219.00,19.11
615774e695ab140dcb5e1c0aeb15b9cc,1,1a909e04ddbc64bda3fc905834678201,1c68394e931a64f90ea236c5ea590300,2018-03-08 09:50:13,76.90,15.29
615cc334a44e9fdc646ece2bd6de2c26,1,575889c312f07612d39648ea61253cd5,9d39404483343dd55c7ae254494d8388,2018-04-30 14:30:22,29.90,7.39
61877f26b314bbf4aef8f12f4cf0ed7e,1,26a4f62a409a78816adb31e0d729a163,b45d7ebfb7378630f1bcd74b6ff86ff7,2017-11-03 16:28:20,299.90,22.01
62005c92ae50253cbafc90c07cf33d2e,1,945657481c47ca039e25c6b061eb9744,db4350fd57ae30082dec7acbaacc17f9,2018-08-27 17:08:59,22.99,7.42
62059211790cf7661fe10443c75e8f17,1,73f125f683118508d664a53ab01bab34,440dd6ab244315c632130ecfb63827b1,2018-03-07 22:55:29,49.00,34.15
620e41d66853f928215b41c1700a9936,1,177d3d5bb9d4d29222a222e3b3554f41,3d871de0142ce09b7081e2b9d1733cb1,2018-05-11 18:10:43,118.50,10.45
621ab070c6e1491f81eb9a8a8ccb0ea9,1,2c65cb7e002dd5aa378a903a98272c29,cca3071e3e9bb7d12640c9fbe2301306,2017-09-12 02:35:44,49.90,12.69
62473d4e38d5bc1cbe9ba89c2e552183,1,0a5a41c678bcf81e041826bb24eb0b01,4b9750c8ad28220fe6702d4ecb7c898f,2018-08-28 02:55:29,48.90,19.53
628c4dc07e38c6a4309d58e8a42e2f27,1,9ecadb84c81da840dbf3564378b586e9,1025f0e2d44d7041d6cf58b6550e0bfa,2018-01-02 15:49:35,38.40,12.69
628c4dc07e38c6a4309d58e8a42e2f27,2,9ecadb84c81da840dbf3564378b586e9,1025f0e2d44d7041d6cf58b6550e0bfa,2018-01-02 15:49:35,38.40,12.69
629bb9d04c91f3a7d95a5fe1432ce47b,1,c5d8b84a90f73bd09c30e71e76caaa11,6039e27294dc75811c0d8a39069f52c0,2018-02-06 02:55:28,79.90,23.43
629e289bf8013a1e9dcb5fc8cb9b377b,1,e27bda0525e1555db5e6941211cb33cf,aba1721a889e04decc910aa13b768ef4,2018-06-19 15:30:41,64.00,7.71
62b2ed9f26108431f257836ea0139fd2,1,3ae810052cf18d30232367f0b45e284c,5a93f3ab0ef4c84ed5e1b5dbf23978bc,2017-06-05 18:22:43,22.81,11.85
62d3014a7e5b4f51c5f2bb713775aada,1,ace4686a281385c082500437e5e73b61,3364a91ec4d56c98e44174de954b94f6,2017-05-25 16:10:12,1199.99,33.43
63252822ecaf7648b1528bf6b64fd25d,1,83a1778b0d5b20c0724c97e35f083082,a3a38f4affed601eb87a97788c949667,2017-02-27 10:58:44,59.90,17.26
63d8235747e25f4b65895e91ff64d778,1,dd1b2eb34840957a13204dd3dbc588bd,4e922959ae960d389249c378d1c939f5,2018-04-17 02:27:24,75.00,7.87
63d924357f70228a8bb5713b68d3b656,1,0b48dc720b9a40d75ce14eda10be0922,715bbd5ba4e6b74cb0d2f29eb45058b0,2018-02-05 04:30:59,139.00,27.29
641fb0752bf5b5940c376b3a8bb9dc52,1,60184212dae4e6b0da32bf54271a8c4a,b33e7c55446eabf8fe1a42d037ac7d6d,2017-12-21 00:14:55,369.00,17.33
6455e8459efbeeda59bb360229b889ea,1,dd0dcee76f9c12fff4bc0eb641d57c7f,8b321bb669392f5163d04c59e235e066,2017-12-18 12:26:38,23.70,8.72
647c2286962851bb7b82d2238a2af37e,1,11fd9d7ba552e1d28872e008acf1e050,cb8bcce248bb1fb274ba762d8b971456,2017-08-03 12:10:13,139.90,13.11
64a484ba398186acb5cc014f8c5d1de9,1,20a5aefe5c61d9047acc46a0970e4908,4830e40640734fc1c52cd21127c341d4,2018-01-09 10:58:19,59.90,14.17
653fb84a9e7359c05777a5332a48a876,1,8a9efe06f7135fd2dfc7b84b30144bda,fa14641f57b655e933124a9ea49cd7a5,2017-07-31 03:43:51,69.99,14.24
65a05062e11f3e5121cd0e0723bf765d,1,71540d636652fc682032d3b3c0a180c1,213b25e6f54661939f11710a6fddb871,2018-06-05 18:50:07,113.85,9.71
65a56537a4b967ab349287b7c0229c07,1,437c05a395e9e47f9762e677a7068ce7,f84fa566034f5e8e880a07ec624c56af,2018-03-19 22:10:58,47.65,12.79
666a7787fe64880d1ad7dad0e4988ab3,1,34d6306314a47fe15c1efdbc23302020,229c3efbfb0ea2058de4ccdfbc3d784a,2017-03-14 03:45:18,69.00,11.09
668ae620ba2e85139d3707ad58062d4d,1,e167adfcc4c1ed3682a074de77e1880d,8b321bb669392f5163d04c59e235e066,2018-03-19 15:31:10,29.90,12.79
66fc85fce01ca94d68a669ad2f78c035,1,6e415cdc78febbdbe465df65d52dbc19,20a8b0dc55da94fe74d112082427c84f,2018-08-09 12:05:15,49.90,8.51
6709606f3773c59d8bed53c0d9bb614d,1,ef66e63137bdd1b2e44aa968646fc1e3,1025f0e2d44d7041d6cf58b6550e0bfa,2018-05-25 07:54:02,35.00,19.32
6709606f3773c59d8bed53c0d9bb614d,2,ef66e63137bdd1b2e44aa968646fc1e3,1025f0e2d44d7041d6cf58b6550e0bfa,2018-05-25 07:54:02,35.00,19.32
67528c4b8b629d9cbb51da492c6a9ec4,1,01f3a99b81f49109d42540d84bcb8e07,b67d6c666e8dce1d078c882825e12704,2018-07-27 09:18:34,45.05,7.58
67d760ec323d2c9f0292ec4cdafc676e,1,c8a4cbaafa1f0579063ec64cf40ae153,b4ffb71f0cb1b1c3d63fad021ecf93e1,2017-10-31 20:14:23,19.55,14.10
67d760ec323d2c9f0292ec4cdafc676e,2,3f4269f81421aadbfc643a23d5dbf3ff,b4ffb71f0cb1b1c3d63fad021ecf93e1,2017-10-31 20:14:23,19.55,14.10
67ec1ff2fc90decdce72e2299a384ee1,1,bb7181410b4e02f93f3697f765db53c7,855668e0971d4dfd7bef1b6a4133b41b,2017-10-23 04:09:42,109.99,57.44
687e2110fd453476f1c045ce5c1a6d3f,1,916bcfd7e756e0b65372da1378d1c125,83e197e95a1bbabc8c75e883ed016c47,2017-09-07 23:50:08,129.90,14.50
68b3cbc68e4cd1fe19bec35f1d3bb7ee,1,52d163dd9192d5a70afc33cd8c60131e,6560211a19b47992c3666cc44a7e94c0,2018-03-15 01:21:04,65.00,15.33
69140db0db6aff7d50eb3f0e8c8a5016,1,bace90a7338e9d31371ad47811cf4c7d,1a3df491d1c4f1589fc2b934ada68bf2,2017-06-13 12:45:41,99.90,12.95
693f8bb47e6135ecad76616fa2596a05,1,7efb605c0b11c538dc057c4dc6820ba5,056b4ada5bbc2c50cc7842547dda6b51,2018-08-10 20:05:03,169.99,53.54
69583cd28b004d804a6d819b11c8725c,1,5272c0e8bee8fadf0a2a23b5460da8c6,8bb48dc19fccaa8613b6229bf7f452a2,2017-11-24 12:07:39,15.60,12.69
69aea24ee3243d0535ea6e03789bb5fc,1,b74d57e3377dd78aace6d070fc48cc88,4a3ca9315b744ce9f8e9374361493884,2018-06-19 13:26:43,65.90,19.65
69bc60eaf6ebaa60161426acc2dc5fb4,1,42a735673c53cddc4fcb42935065465a,1835b56ce799e6a4dc4eddc053f04066,2018-02-28 22:15:30,47.99,11.85
6a0ac163171ef70a5386eae45e6a799e,1,c1ec41f62db54e0bfbca55a7068f0b5e,e0a366315b1b726b6c7832d664c0f530,2018-05-22 15:30:42,96.90,13.12
6a8677aeb56b8ee0d1a74e0435772e31,1,07dbfabaa4709da14c7e58ca17fe7998,5e49e3a44bdeb5aab2684258bbd4f525,2018-02-13 20:15:28,169.00,14.33
6aa3386e7cd429b12ab0c288acf52e41,1,99ce9f06fbb85fb4f451c6a0691e69a4,a1bea7061f61f6fdd9a85a6325ba1033,2018-08-20 22:09:26,55.90,9.14
6abc9d4c7489e1be689ad1f068af8c31,1,fa335dcd3999105b8bfb1ce9300de4d1,85d9eb9ddc5d00ca9336a2219c97bb13,2017-03-28 19:24:14,23.90,8.72
6b34444470c3f9256eb504e61edcd608,1,f8e7dd70e57e37ce842cf20160e56df5,0692610d8abe24f287e9fae90ea0bbee,2018-07-12 04:35:13,21.50,7.41
6b75c3e52a1fb04bd0b4f1975febc486,1,f516d692e2bf83614119de3286a12fca,6edacfd9f9074789dad6d62ba7950b9c,2018-05-11 17:31:00,39.90,8.29
6bb425cfe5c2338ba1386a0114f7fb50,1,9a2baa159a216dcc9eb422cda7271ba8,f9ec7093df3a7b346b7bcf7864069ca3,2018-08-22 20:10:25,47.00,16.60
6bc8a792b7a78b27d3036a8d23b0ad38,1,99a4788cb24856965c36a24e339b6058,4a3ca9315b744ce9f8e9374361493884,2018-03-27 14:50:40,86.90,24.82
6c51f58aa6e93a65c7002b68ba2806cd,1,880be32f4db1d9f6e2bec38fb6ac23ab,fa40cc5b934574b62717c68f3d678b6d,2018-02-22 22:26:59,44.90,7.78
6c84c7c7fe25c0f6f1cd09e00e70585d,1,ee0c1cf2fbeae95205b4aa506f1469f0,cc419e0650a3c5ba77189a1882b7556a,2018-01-04 17:07:20,53.99,27.18
6c84c7c7fe25c0f6f1cd09e00e70585d,2,75d6b6963340c6063f7f4cfcccfe6a30,cc419e0650a3c5ba77189a1882b7556a,2018-01-04 17:07:20,56.99,8.16
6c962a878a13ebc179759b22586cfae5,1,c4f2546fff25a5789819a7b943505bcf,efcd8d2104f1a05d028af7bad20d974b,2017-06-08 15:05:12,24.99,17.97
6c962a878a13ebc179759b22586cfae5,2,06e73ddcb54620a36bfdb2e073c4dc40,0ea22c1cfbdc755f86b9b54b39c16043,2017-06-08 15:05:12,34.90,8.98
6cf30e050336c50f368c34da13c9e6a2,1,2132979d9b6f64e99b8c9bb4da4e0323,45d33f715e24d15a6ccf5c17b3a23e3c,2017-06-06 15:02:40,98.79,27.23
6d0da5add693d625079fa8fdf40967d6,1,70559c57b5e5cfac386368f45e744f55,87142160b41353c4e5fca2360caf6f92,2018-01-03 04:07:45,7.00,12.48
6d6f16813fbb3448a034fc242a2603c6,1,31f2e4933e944d9fec681a639581accf,8ff1a9df749e454105c55cda13e79143,2017-11-23 13:55:26,79.90,17.81
6da45c88a41888408e61bfe388d93f01,1,eaaedcf6f1fee559b27b286e16afdf88,18a349e75d307f4b4cc646a691ed4216,2017-10-16 03:44:06,47.70,8.72
6dac04f41aba0a18ba91cbe9779267c7,1,75baeeacdb53150ac063abf52e4acaa7,4830e40640734fc1c52cd21127c341d4,2018-02-07 02:56:10,45.00,15.10
6dd1bbd09d930c58640b49ba57069186,1,1b8ee158f59c098470fad33f39660964,1554a68530182680ad5c8b042c3ab563,2017-12-06 02:22:05,139.90,23.78
6e2da070f43077174091a78e68313684,1,694cbe624717957c7536ef8cd9dfbf57,562fc2f2c2863ab7e79a9e4388a58a14,2018-08-01 16:35:29,24.99,12.84
6e2da070f43077174091a78e68313684,2,694cbe624717957c7536ef8cd9dfbf57,562fc2f2c2863ab7e79a9e4388a58a14,2018-08-01 16:35:29,24.99,12.84
6e6fe0a4ffa0d2ceb491628d18388697,1,aed75ad669fbebd5a385ac7cc2ae7573,17f51e7198701186712e53a39c564617,2017-06-23 17:03:52,550.00,145.99
6ef2a7cbf8c6fb24f0acb656c756a44a,1,aa36c2127048efdcd47f4ad5b6b68810,da8622b14eb17ae2831f4ac5b9dab84a,2018-01-09 10:29:27,119.90,18.09
6ef48857a65c0db78e1cd9e0accbd55b,1,9ae144079d83bd6ffb2d30284c7c518c,44073f8b7e41514de3b7815dd0237f4f,2017-05-31 02:33:13,69.68,16.93
6f028ccb7d612af251aa442a1fb8b5d0,1,a37d9bc434c151e3a32418b241a13bf0,f8db351d8c4c4c22c6835c19a46f01b0,2018-08-07 07:31:22,35.90,8.41
6f7390ae95a89ea985e0d81b189e96d5,1,7642ddbf174d9a97119510f56be6c201,46dc3b2cc0980fb8ec44634e21d2718e,2017-02-03 20:52:02,279.99,18.00
6f8026dc118f5bb6ff82b03e8eaae469,1,3eac3be4413c51ec917d2108ab24e69c,d29ba1220fb8634fa3a107e54497b8a4,2018-05-07 03:14:54,49.99,18.23
6fd39a1adde54d0a5e6fe5ddc6c8784a,1,0f3f3612d3a594da318f0f7b175a9c14,93dc87703c046b603023e75222018b45,2018-04-08 21:28:58,199.00,16.27
6fec846920d64dd20cad8adb75d01e8d,1,146fed9eb1d0f9db43dad0c7c96fc6e8,a673821011d0cec28146ea42f5ab767f,2018-08-07 12:45:13,79.90,23.36
6fefe7f276220450fc08b7c974e21fb7,1,8d0fb54bb58d39a72269eb8fc708e865,d566c37fa119d5e66c4e9052e83ee4ea,2018-07-10 18:45:18,23.90,7.43
71119930004c36d94916e3674d12741b,1,3a7494d56b0e60a130d628caffc99d3f,116ccb1a1604bc88e4d234a8c23f33de,2018-02-26 11:35:30,18.00,15.11
7147bfba27147cf06600e5a1577d3a4b,1,f7de1b16a0e8b8c65d0f3761e89d5f2a,e333046ce6517bd8bb510291d44f0130,2018-03-05 14:00:26,109.00,13.78
715df31025aff2a2dd08b0d8c92ee63b,1,6281a79f478d260d81da138f7e03c0bb,79ebd9a61bac3eaf882805ed4ecfa12a,2018-05-25 04:31:13,124.90,43.45
716d94482440b2b6bbd8346eb9fb3e14,1,01c69d0fbb0d9d8f42ac171ac1238233,17f51e7198701186712e53a39c564617,2017-07-19 18:05:21,680.00,184.98
722e7452a1ac677a58f6ad6ed2a94420,1,7775d718fa8dfebe8015e6e5ee3dc5be,c24173065483e421f9e5e7f599de101d,2017-11-30 15:54:37,45.99,15.11
7258f5b1cf840900c133d9f7192b7a84,1,d285360f29ac7fd97640bf0baef03de0,2eb70248d66e0e3ef83659f71b244378,2018-07-19 12:05:04,194.90,8.62
726714fe5c6124b8501feb36c5b89896,1,6d6b0f6705c1acf1128ecf19d57d5444,891071be6ba827b591264c90c2ae8a63,2017-02-07 23:26:40,25.00,20.80
731f1b5ebfacba1715ccc2efb20d50b0,1,cf78006a2a6b0429b9663edd99bb38f9,710e3548e02bc1d2831dfc4f1b5b14d4,2018-04-10 14:55:25,299.99,28.18
733e4fd44a3ef48272fa3650f48b8734,1,87a71ae93900ab55fcf685c8040769b3,8b321bb669392f5163d04c59e235e066,2018-04-03 22:10:25,12.90,22.06
73d68ef344ebda9bf0c80b7e3ed70e45,1,389d119b48cf3043d311335e499d9c6b,1f50f920176fa81dab994f9023523100,2017-09-14 04:50:19,59.90,13.44
742aea07dd8f1cc25098f44089301a0c,1,88dd63919fc9ab693803578a04a20209,7ddcbb64b5bc1ef36ca8c151f6ec77df,2018-03-27 19:47:59,39.99,8.29
744dddb0362cbcb141adaed27f19cb3a,1,b35ce9c1e37f5b0f4134da0fe4c93b84,dd2bdf855a9172734fbc3744021ae9b9,2017-03-14 19:30:26,69.90,26.30
74500bfc015eccf3d38f95558177b21b,1,b4d9c32c307674e72fe46c424e3d4824,ef506c96320abeedfb894c34db06f478,2017-06-14 14:03:25,25.99,14.10
75441fa4c89fbbba02fa9fdfd5729595,1,d2347fba1e60ea51f533960fc555baff,b499c00f28f4b7069ff6550af8c1348a,2018-05-22 07:56:22,44.99,12.79
75707562c6865f8fd2172eff80a71210,1,d2f99bafeba89693c208b6f7a82168e5,6edacfd9f9074789dad6d62ba7950b9c,2017-06-22 17:55:21,90.90,8.83
759d3dd8671b3c60e168fbcef417a033,1,191c65cf8988d6fab9bde989aef39d61,6bb0724edf0b62fb91ac404873a97241,2017-09-12 14:43:55,138.00,17.70
75e7e33e52d884da90b436ae1da13be5,1,ab255f5e05402d14ba0dc69d530a5785,b2ba3715d723d245138f291a6fe42594,2018-01-11 22:33:33,115.90,12.02
76149a98fb53f831f6aa676c3193ee0f,1,58a49d31cbfaa89fcb87b335ad0e2797,27a56ff04b34c2ba34ce6ba4d3b9d616,2017-06-15 14:42:15,59.90,15.17
7678a9ec36abfc35527725816936da8e,1,8b52af498478ac72226c6bdaa89f27de,8e4f041ff58e7845456d3482524014b3,2018-03-08 19:50:48,66.90,33.36
76a49c5fef54cb6ca3491709fbb1690e,1,0a4dea9eaeaaea5b7894a9a4ec6ed660,897060da8b9a21f655304d50fd935913,2018-04-10 12:55:40,50.00,18.23
76c077c302894d52a9cecbb6bc322b24,1,6bbe55cf8f85c87b6eebb775a53402f4,0db783cfcd3b73998abc6e10e59a102f,2017-05-09 11:50:18,99.00,11.30
76c4c846aae2dae9e87dfa492c3f5259,1,0bcc3eeca39e1064258aa1e932269894,1f50f920176fa81dab994f9023523100,2018-08-08 14:10:22,49.90,27.52
76c4c846aae2dae9e87dfa492c3f5259,2,dfc9d9ea4c2fbabe7abb0066097d9905,9e6229250fedbe05838fef417b74e7fb,2018-08-14 14:10:22,169.90,34.39
76c4c846aae2dae9e87dfa492c3f5259,3,9d1893083966b9c51109f0dc6ab0b0d9,213b25e6f54661939f11710a6fddb871,2018-08-17 14:10:22,119.85,34.40
771ee386b001f06208a7419e4fc1bbd7,1,42a2c92a0979a949ca4ea89ec5c7b934,813348c996469b40f2e028d5429d3495,2017-06-29 13:25:19,59.90,21.26
771fc969d198bd5102b42e8d8db12364,1,c9c455f9fd8ca66d3ff7f90a249753b4,96804ea39d96eb908e7c3afdb671bb9e,2017-11-17 09:35:28,109.95,18.34
775bebf68a82c7b530c362d8fccb5ccd,1,404a57563d487aecbc2b1a01d9b89aab,4a3ca9315b744ce9f8e9374361493884,2017-06-20 23:42:46,220.00,18.25
776e5572d4969b8fa5b72b0fde398f6f,1,abc3432ff825d8e524db1d4eac6d2099,8d956fec2e4337affcb520f56fd8cbfd,2018-07-02 23:35:13,39.99,7.54
77ca435b03fbf991e5027e3776e37885,1,ab1ecbce7afd9f6e661baa24a5706c9c,d12c926d74ceff0a90a21184466ce161,2017-09-10 22:32:29,44.90,15.79
77e14af3a32e9b3c2eefbf56eac92cc6,1,0b0918a3b5efe0c8ea609a26b14e1bff,ea8482cd71df3c1969d7b9473ff13abc,2017-12-20 14:13:32,24.99,14.10
7870e4898f865975acb43fb1c282f4d3,1,fa23bf270fb9880690b07d09b9f9ff20,1b8356dabde1d35e17cef975c3f82730,2017-08-10 17:42:58,59.99,9.34
7898dee2ff48e01ffb2b651e56d8b504,1,165f86fe8b799a708a20ee4ba125c289,7ddcbb64b5bc1ef36ca8c151f6ec77df,2018-03-27 18:09:23,169.99,34.93
7900eb5f4c656f8e2b69ff8751a09e8a,1,d8347a6f6301cb4343a6e05e095e5871,1b4c3a6f53068f0b6944d2d005c9fc89,2018-04-02 11:27:48,104.49,37.42
79b63d1f9cf0257b33b04fbfb0847cba,1,0e669e3efedd9f3ab75fcbe334e1177e,9d4db00d65d7760644ac0c14edb5fd86,2018-03-29 21:48:33,129.80,12.24
79c697a71c6bfb37a4c83d238e695404,1,58e3e57e37601dce8a567e7c1f9e2090,8cbac7e12637ed9cffa18c7875207478,2018-06-19 19:31:49,12.50,19.32
79e843f791612177a6bb9f948f96f904,1,75fd4b482095ed05dd23030260e65300,5dceca129747e92ff8ef7a997dc4f8ca,2018-06-22 16:31:12,69.90,13.79
7a485479dbdf94502e471dbd3329a4e4,1,fc8595227785863846b7daa2ae3f2c9b,db2956745b3a8e9f3785c99f34b5d25e,2018-08-21 17:25:14,139.00,19.07
7a485479dbdf94502e471dbd3329a4e4,2,fc8595227785863846b7daa2ae3f2c9b,db2956745b3a8e9f3785c99f34b5d25e,2018-08-21 17:25:14,139.00,19.07
7b2bc7c55531623ea7b22e2a191b21cd,1,3f994ee4a0b20760d1b173aa65037c95,ceaec5548eefc6e23e6607c5435102e7,2018-04-26 15:15:25,215.00,22.59
7b8ef69133bb95128e53e14329bdb03a,1,ac6c3623068f30de03045865e4e10089,df560393f3a51e74553ab94004ba5c87,2018-01-03 21:53:12,199.90,27.72
7b9e7ccb0670a2b422f9cc382a87f86d,1,962a6951154f98f2c8e9a5b8b2bcf4a9,1025f0e2d44d7041d6cf58b6550e0bfa,2018-05-21 03:35:13,75.00,17.83
7bc9425754bf6e2275442bcde2337180,1,475e8a9ddbebf13af503d1c7eccadb1a,f8db351d8c4c4c22c6835c19a46f01b0,2017-06-29 13:24:20,149.90,25.89
7bea83629cbad77571dcccb181fc2a6f,1,cd46a885543f0e169a49f1eb25c04e43,710e3548e02bc1d2831dfc4f1b5b14d4,2018-02-15 12:09:01,99.99,19.94
7caa2aaed7e9a56d1bc1004eb7d296e5,1,87a9863375a0a462b168cb02bdad360c,9d4db00d65d7760644ac0c14edb5fd86,2018-07-19 22:41:41,144.97,9.18
7cd12f82d867bf5cda813ec60b7c4db8,1,4e0f5e97804431100c5bded078a48df9,bfd27a966d91cfaafdb25d076585f0da,2017-03-23 16:16:44,139.00,19.56
7cd48500c7fb8fb359e9b91fbb2a23e5,1,850fd992aca25ac2d7768b434ab3ceca,a3082f442524a1be452e3189e003b361,2017-07-14 20:43:36,59.90,13.44
7cdaa17ad10c7724ac707e1a2fd3a3ae,1,8b50a72d52d7a91fb19d19fbe069e2f2,9f505651f4a6abe901a56cdc21508025,2018-03-28 14:11:50,44.99,7.39
7cdb98b018309556c5994e4a200213c0,1,25a69adae1b354beb056d4b740e841cd,f7ccf836d21b2fb1de37564105216cc1,2018-08-09 04:44:39,39.00,19.46
7cdb98b018309556c5994e4a200213c0,2,25a69adae1b354beb056d4b740e841cd,f7ccf836d21b2fb1de37564105216cc1,2018-08-09 04:44:39,39.00,19.46
7d11ea85fd4de61373b6b8ab0387d011,1,777d2e438a1b645f3aec9bd57e92672c,4a3ca9315b744ce9f8e9374361493884,2017-09-12 15:25:21,69.90,27.03
7d1ac7d65c6b5d59a9ac241fa41da57d,1,4633dfeb3a2588bdb52af32d504b44eb,b76dba6c951ab00dc4edf0a1aa88037e,2017-07-05 23:30:10,19.99,15.10
7d32c87acba91ed87ebd98310fe1c54d,1,a42d9c825894f96fc6ed02610891454d,4d6d651bd7684af3fffabd5f08d12e5a,2018-06-04 20:30:43,69.90,26.57
7d5ba597429574dce3200b4b20686641,1,4025cbfac798d74f87c30ee87e6e9f70,d8c7ba53e7e38711eaef8c2849d6d2e1,2018-06-20 20:31:04,117.00,29.35
7d666b83ead768ecbc15773ef8ef6c42,1,909b87db6cb3a7ab26bd03cc59860136,59cea8e446d3834393058e7e0666b6fb,2018-08-15 17:30:12,39.90,18.38
7db6028d54d5921d79f3cb2b95e63a73,1,6f3b5b605d91b7439c5e3f5a8dffeea7,4869f7a5dfa277a7dca6462dcf3b52b2,2018-06-27 18:18:53,148.00,19.14
7e030f7ce01972bbf5aeeadffe8f930a,1,f1c7f353075ce59d8a6f3cf58f419c9c,37be5a7c751166fbc5f8ccba4119e043,2017-09-18 09:35:10,180.00,26.10
7e17bef0b77734da366177cd331ed66b,1,aa280035c50ba62c746480a59045eec4,fa40cc5b934574b62717c68f3d678b6d,2018-03-05 14:10:57,30.50,7.78
7e85dd5c64bfd481355a0662f9f9f777,1,1b2066a33aee5851ee3e44b10b36b3c8,1025f0e2d44d7041d6cf58b6550e0bfa,2018-06-28 02:58:15,20.89,8.90
7f64d5e4a277230448eebf7956e29706,1,0aabfb375647d9738ad0f7b4ea3653b1,37515688008a7a40ac93e3b2e4ab203f,2017-08-01 18:55:17,19.90,15.10
7f8d25da9409167dba72ad951cb73530,1,7193329f650facb78de86a2e0b771e2f,c794dab4928dd97beb41d05514441e86,2018-01-22 16:52:18,67.60,11.97
7f8ea9cfc45806c663bbb7cf99b530a5,1,53b36df67ebb7c41585e8d54d6772e08,7d13fca15225358621be4086e1eb0964,2018-05-11 16:55:46,99.90,0.00
7fece9c7487cb93f6d37df78e2283d07,1,dd841bf589f05e0948ddb0c8d2c749ab,77530e9772f57a62c906e1c21538ab82,2018-04-18 11:15:25,119.00,27.38
7fefe32e6b0c87d855993ac5dc8dd951,1,98935aea5a6ca26c5d8cd205a97c98d1,acce39e832338debb07b02385cde5967,2018-08-07 22:15:24,129.90,27.89
8040ee89b88d6ea587b51b55dbfb4dc5,1,9a2e821cfc513051382e27606ab3325c,3d871de0142ce09b7081e2b9d1733cb1,2017-08-10 10:05:25,69.90,17.74
8048d654b51cffc429b4e7121a23f7c8,1,2a7835ac39ba7753ece75242d290f044,8ff1a9df749e454105c55cda13e79143,2018-06-28 15:15:59,149.90,15.36
80e3ea9d65b89f8cbaa3d1f08f5dbd17,1,9cfca0dc6dd43d12b7de84a5e1e0a429,cfb1a033743668a192316f3c6d1d2671,2018-06-14 20:52:26,89.90,23.21
8104809ce1b8fe36d8228fd0e357ebc0,1,ec222365cd276f7e9c328d64f023c6ac,d91fb3b7d041e83b64a00a3edfb37e4f,2018-04-20 15:31:02,95.00,18.55
81134c0da031fc1208ab4376cb3f384a,1,bcaccccaa0255d8132172dfe9c10ab2e,179d859f51292aac5c10806a356f7af9,2018-08-02 06:25:07,22.00,7.41
812f4de54953468bf13530e434f7de0f,1,aed5efaf7a7554165f61fd016846916f,6a8b085f816a1f75f92dbac6eb545f8f,2017-08-23 23:15:21,61.50,11.93
815870a80fd96370919e0d7d0d117412,1,52c80cedd4e90108bf4fa6a206ef6b03,a1043bafd471dff536d0c462352beb48,2018-08-14 12:35:15,139.00,86.25
816a46a1473af18688a832b10acf062b,1,6a8631b72a2f8729b91514db87e771c0,128639473a139ac0f3e5f5ade55873a5,2017-12-14 13:37:33,25.90,8.27
816d5d441d23818493578fb1db0a22ad,1,de115e41e8332aa7b5a04e027243fcbf,d1c281d3ae149232351cd8c8cc885f0d,2017-06-14 02:50:19,41.99,15.98
817d88483f5ef3f2c934506d7d890888,1,4cb6e86e1328e77e20b5f90771683cbe,c3867b4666c7d76867627c2f7fb22e21,2017-11-05 23:10:17,104.00,13.75
823543bada3fd3a5ba1f68e7a35fb9eb,1,151d7733b44e0c7b292d7e2efb5424a2,da8622b14eb17ae2831f4ac5b9dab84a,2018-02-05 13:15:33,279.90,19.85
8279b5df6e66fb0dfddfc8a4cd10471b,1,5237739bb5fee495dbd337755a138660,966cb4760537b1404caedd472cc610a5,2018-04-04 03:28:59,899.00,18.73
82962a8abf46b030308d707aff1a7f35,1,3f212fef0e1f11b343226b633f0426df,3d8fa2f5b647373c8620330c4e077a9f,2018-07-23 13:20:23,110.00,11.79
82984749eb983f9f558a003b3fc693f7,1,b917d488bd4ad4225f8d046a32e2d122,fa1a9dec3a9940c072684a46728bf1fc,2017-09-05 02:11:01,20.90,15.10
82bce245b1c9148f8d19a55b9ff70644,1,a5a0e71a81ae65aa335e71c06261e260,c8417879a15366a17c30af34c798c332,2017-04-27 05:15:56,38.00,15.56
82bce245b1c9148f8d19a55b9ff70644,2,a5a0e71a81ae65aa335e71c06261e260,c8417879a15366a17c30af34c798c332,2017-04-27 05:15:56,38.00,15.56
82bce245b1c9148f8d19a55b9ff70644,3,a5a0e71a81ae65aa335e71c06261e260,c8417879a15366a17c30af34c798c332,2017-04-27 05:15:56,38.00,15.56
82bce245b1c9148f8d19a55b9ff70644,4,a5a0e71a81ae65aa335e71c06261e260,c8417879a15366a17c30af34c798c332,2017-04-27 05:15:56,38.00,15.56
82bce245b1c9148f8d19a55b9ff70644,5,a5a0e71a81ae65aa335e71c06261e260,c8417879a15366a17c30af34c798c332,2017-04-27 05:15:56,38.00,15.56
82e3b58b34d2201715bd1531310615bf,1,afad7a4420a4348d41da23ed8d0902dd,3481aa57cd91f9f9d3fa1fa12d9a3bf7,2017-08-18 18:05:26,76.45,29.33
8375044308874af1c50719ecaee3786d,1,ea6617ab48bb467d615214e7de71c864,863d2ebcd347ce4922de7a0f9a5581d6,2017-12-26 09:57:27,55.65,15.14
8378137868c479b948c8712cac81f79d,1,0182796b487918d688ba48cf3a0d1bf4,12b9676b00f60f3b700e83af21824c0e,2017-11-30 19:35:28,199.00,20.63
83ac7baaa477085adfafa311103efaf5,1,71f5cad782714ec5d61a1bfa34543403,f41ce2e25237f9092cd8e6e7516c7a2f,2017-06-26 19:03:46,99.00,9.51
83b24047c5441da1ecd3befa7619f125,1,1b28754d4c3737f9655d4a27c118bcd5,f12ff17ad8bbf01ec5c33b17e506649b,2018-02-22 09:50:28,260.00,23.00
83cbab9daaf549182de4705ab0ca54ed,1,a448325c57fbf792a2f6ac7d1b730917,5151aea44289d6c6b090ee31c2132508,2017-02-28 12:50:41,187.90,30.36
83d5a4507ca3b740b2e4642220ebd8d2,1,109fd3a5e5fd6faa5a8cf99470cab84f,cca3071e3e9bb7d12640c9fbe2301306,2017-03-10 03:41:43,29.90,16.05
844b8b73a94f61b9ff8dc1e88c081365,1,6630485063578b527549697547ed3ed5,1554a68530182680ad5c8b042c3ab563,2017-08-08 10:55:22,29.99,14.08
848ab881c02107858764faed825d804b,1,404c6e8590cbb06f8c5e911d8a90b1e5,8f2ce03f928b567e3d56181ae20ae952,2018-03-26 20:50:43,169.90,20.71
848ab881c02107858764faed825d804b,2,404c6e8590cbb06f8c5e911d8a90b1e5,8f2ce03f928b567e3d56181ae20ae952,2018-03-26 20:50:43,169.90,20.71
84f58fa486ce5cc8fcc701d211e80749,1,f7b99d8ce1193a2e5979b3c1584a5d08,7142540dd4c91e2237acb7e911c4eba2,2018-07-24 04:15:18,429.90,41.52
85031edc7b58dbec75ff2e24d7365e13,1,c2e3277619aa6604c0d6e288ef059ede,3985a3c45be355a4c57fde108bfabd1c,2017-03-15 23:56:22,19.90,10.96
85cebb5f41967daca44f7c7883856f96,1,71835d687609f578b92692f98ab16100,cac4c8e7b1ca6252d8f20b2fc1a2e4af,2018-01-25 20:29:53,49.99,17.07
85cebb5f41967daca44f7c7883856f96,2,fb927c44d15e24c578f85a862576fd88,53e4c6e0f4312d4d2107a8c9cddf45cd,2018-01-25 20:29:53,71.00,9.82
85feadc22f532c19478ba1b613a1f40a,1,ad88641611c35ebd59ecda07a9f17099,c826c40d7b19f62a09e2d7c5e7295ee2,2018-01-23 19:10:35,157.77,15.85
8618461ee5428f56dcc6d2794ccc59cc,1,7ce3cb8d513147ece112c5200b7fc84c,27a56ff04b34c2ba34ce6ba4d3b9d616,2017-07-30 22:23:12,35.90,14.10
86af9599ffd64a39d743904daa8bdb2d,1,1191e61a83c807323c6c1cb5eac9ff3c,ea8482cd71df3c1969d7b9473ff13abc,2017-12-21 09:53:00,24.99,11.85
86b6e717cea86f8854d74e5b1df23e95,1,4914f8796af2ecd359fd8f44b9b92339,c826c40d7b19f62a09e2d7c5e7295ee2,2018-02-22 01:07:49,49.77,14.10
86e6162676905a8c6ad0bcbd7df8debe,1,8347d3b517ab185dea43991aebb46737,cfb1a033743668a192316f3c6d1d2671,2017-07-21 09:25:08,25.50,15.10
86f409689bcc6848577f53fcfa1154eb,1,be1be330cf34043d1c40d6114cbd11b5,d921b68bf747894be13a97ae52b0f386,2018-05-04 17:50:12,149.00,22.75
8705d42adbcd3182c575cdf862302836,1,6456fdf43df7d711b98d91fe574e43d4,d79e8478eed9999493990b44955fb22e,2018-07-04 09:31:25,199.00,19.49
87276b621cf05e7f2afee8be6c9721b6,1,304104a478e3a605db6072a22e4ee228,31da954dc0855f2495c6310f70a2f931,2018-01-16 13:29:09,299.00,15.21
874ebca0220c7586ef0eaf166bb83ea5,1,def3587f2a221b89fc8f342e858b2176,7c67e1448b00f6e969d365cea6b010ab,2017-11-22 23:30:31,139.99,29.42
8781fc46d9d2a051c66e619d005a4046,1,3fc0df95e5b295f37ad821902cfd4a33,048c2757535328e0d7dac690ad3c0aae,2018-05-03 22:55:16,98.70,14.78
8782135cf0f7ffe6fb80bf501a37ecd2,1,30b52585b47939123faddcc27cda1cae,85d9eb9ddc5d00ca9336a2219c97bb13,2017-03-17 19:22:42,19.90,14.52
87a831a955e30fb081a9e79b0c39573e,1,d408eeb36f808d5f6924ec41bdc914be,4a3ca9315b744ce9f8e9374361493884,2018-04-12 03:10:34,94.35,13.10
87b25622da650dcff9efaeaad1ebc057,1,595fac2a385ac33a80bd5114aec74eb8,ef0ace09169ac090589d85746e3e036f,2018-01-11 16:30:24,117.90,12.83
87cbf27ac970c7423f11157c2ef6ec26,1,90f39a309a8c05fa7aa4ef02178059cb,b2ba3715d723d245138f291a6fe42594,2018-01-26 13:56:45,289.90,17.79
87d439e33701be5b1e607849115ebf5b,1,4d94f51353a058d28468a03ebe1aae33,f593898ec748b7a8cb81fc04edafd98a,2017-12-21 12:10:27,225.00,54.17
89a7352733b3aeb0fc18bb034b52cc5d,1,be55ae76be8824525f40695d49a5a7b5,7238a95bb63ef7e498389fb863b834a1,2018-07-23 17:50:16,76.00,14.84
8a6d1317935fc8ba385da595dd3bf2be,1,0eb5d1d033dcdd7b9b11658ce84ee8e9,7a2d2949aea47fab95fd98d6c9f618b1,2017-02-24 09:28:19,110.00,14.53
8adafb3466daa5395694d3a906ff9d40,1,5554c5718f820a868853dbc5ca859b3b,973f21788dfab357250f69a8dcb7ddee,2017-01-29 15:47:27,21.00,6.25
8adafb3466daa5395694d3a906ff9d40,2,181b31b11ea16a87d5acab5a78320b93,973f21788dfab357250f69a8dcb7ddee,2017-01-29 15:47:27,35.00,10.42
8adafb3466daa5395694d3a906ff9d40,3,5554c5718f820a868853dbc5ca859b3b,973f21788dfab357250f69a8dcb7ddee,2017-01-29 15:47:27,21.00,6.25
8adafb3466daa5395694d3a906ff9d40,4,181b31b11ea16a87d5acab5a78320b93,973f21788dfab357250f69a8dcb7ddee,2017-01-29 15:47:27,35.00,10.42
8adafb3466daa5395694d3a906ff9d40,5,871cfa7d587b8305a5a0e376866323ef,973f21788dfab357250f69a8dcb7ddee,2017-01-29 15:47:27,28.00,8.34
8adafb3466daa5395694d3a906ff9d40,6,871cfa7d587b8305a5a0e376866323ef,973f21788dfab357250f69a8dcb7ddee,2017-01-29 15:47:27,28.00,8.34
8afada74ea69f220081870b340ddde98,1,1fa784d8744e3ed625d8651ddb15e33b,afe0067131b73e40875c9b6c10bd2e21,2017-05-18 20:15:09,139.90,21.47
8b02a2a9b1ae5a5e5e840795cdc70fc3,1,b3145c36d221143053908beb4564bad9,79ebd9a61bac3eaf882805ed4ecfa12a,2018-08-28 10:50:20,64.90,18.55
8b7d4b3e8eca5cae93f948e0d7b67406,1,5b226d7c52f86ac72457617f78cff95d,1835b56ce799e6a4dc4eddc053f04066,2018-02-01 02:43:27,56.99,12.74
8b7d4b3e8eca5cae93f948e0d7b67406,2,bd6e6fce9ada76ea2db0f1912e8e478f,1835b56ce799e6a4dc4eddc053f04066,2018-02-01 02:43:27,56.99,12.74
8b8db8c79ea533bc4bfb2b5c854f552d,1,981f6a96c09b7d28e5c5f2fbb282fcde,259f7b5e6e482c230e5bfaa670b6bb8f,2017-12-14 13:30:47,54.90,17.63
8c0dd54ff6a273a02de12494c6bf299f,1,41db6d8062fcd38410c699743ccc0265,92eb0f42c21942b6552362b9b114707d,2018-07-30 21:22:25,13.47,7.39
8c17e98f67708928c1b03bb705c14b3e,1,137f49a66ce117db74acbaf30c047701,55bb6fe5bebe5012e2d7d9928e1128ff,2018-06-28 12:31:01,120.00,71.13
8c7743df5e89b7178ace0e9b7afe5208,1,8c154410716f31649d25e436f7d5d838,c70c1b0d8ca86052f45a432a38b73958,2018-08-16 20:25:12,95.00,13.33
8cb407154874301be08656a7fb09d9d9,1,22594ba8fd9a72ad95d352929c821560,7c67e1448b00f6e969d365cea6b010ab,2017-05-25 18:43:05,112.99,17.53
8cf0f8036fecc83aff5f07f4b5a4db55,1,aca2eb7d00ea1a7b8ebd4e68314663af,955fee9216a65b617aa5c0531780ce60,2018-04-23 14:11:30,69.90,0.00
8cf0f8036fecc83aff5f07f4b5a4db55,2,aca2eb7d00ea1a7b8ebd4e68314663af,955fee9216a65b617aa5c0531780ce60,2018-04-23 14:11:30,69.90,0.00
8d812dbf931bbd85b3b5b528b75ef9bb,1,8338cef8355d238f43711dcb9c0657b2,cca3071e3e9bb7d12640c9fbe2301306,2017-07-25 09:43:10,45.90,16.11
8d812dbf931bbd85b3b5b528b75ef9bb,2,8338cef8355d238f43711dcb9c0657b2,cca3071e3e9bb7d12640c9fbe2301306,2017-07-25 09:43:10,45.90,16.11
8da1b0cac91830c54472e2f91579aeff,1,3dd2a17168ec895c781a9191c1e95ad7,de722cd6dad950a92b7d4f82673f8833,2018-02-21 16:07:37,149.90,36.37
8dbd69de4c9ba7ac0f46c387f0e67ee4,1,b2f15c23f560da3b247e1090d9d12be7,2ff97219cb8622eaf3cd89b7d9c09824,2018-05-18 02:54:10,16.90,18.23
8dca7901c45e1525ad654814a7db9eea,1,d04e48982547095af81c231c3d581cb6,7e93a43ef30c4f03f38b393420bc753a,2018-01-11 01:47:53,255.00,9.98
8dd212b37ef87381b34684de2200d25d,1,2ccd049c8e7ea210e079a1aa8ad92477,3d871de0142ce09b7081e2b9d1733cb1,2018-07-12 22:31:11,79.00,24.63
8e1424bf1830e231bfb035b447af7a93,1,c7084bc72369a57c93c6edaf0b60b235,59fb871bf6f4522a87ba567b42dafecf,2017-03-24 10:10:12,189.99,10.32
8e500747ed0fbfd6b89bb11955b3ccbf,1,aad1c338e2a8906e2040a2fb0861acbd,b76dba6c951ab00dc4edf0a1aa88037e,2017-05-23 13:11:12,12.50,7.78
8e7067b0751f4e22d4e31728a9a8323e,1,7df273a844215f8c7bf5aca8266608e1,77530e9772f57a62c906e1c21538ab82,2018-01-31 02:57:28,119.00,17.08
8ebbdbcc79e51da16021583a29f2ee21,1,1468c44dd6c3ecaa8e9b12a8a2a7ed0c,7e93a43ef30c4f03f38b393420bc753a,2018-02-21 09:27:32,155.99,15.84
8ef90bbfd83a3525620bc52b758b655d,1,4e191b1e429b88c6eae1a014f823cb7c,11305281b50fff20ae8bb473f8e11876,2017-12-06 13:55:27,159.99,21.61
8ef9db017c57bd5bf1ee83358817d049,1,c21afe62d4629a660593fd9b5e6223bb,ea8482cd71df3c1969d7b9473ff13abc,2018-02-13 02:52:32,29.99,7.78
8f836421e8adb99ac1f8075c27949f7c,1,4c2065301aac51ff9004422acc07765d,1127b7f2594683f2510f1c2c834a486b,2017-07-23 21:25:10,98.80,17.94
90baa6d3d361db0998df0ce29f002777,1,08574b074924071f4e201e151b152b4e,001cca7ae9ae17fb1caed9dfb1094831,2017-12-05 07:36:20,99.00,33.08
915e61444d403c1c57fa206962c3e60f,1,83e68070fbf16ac859fc13285a5ba9ba,ef506c96320abeedfb894c34db06f478,2018-08-08 17:25:09,49.99,18.45
91db217544d0eac98354b11f2f35abcb,1,6eb70dfb283dc3f645ed7b03c990dc72,7d13fca15225358621be4086e1eb0964,2018-05-07 05:13:47,55.00,12.83
922aeb0ac07d644471698222684ea285,1,bcf8ba04829268e7eab9fbfc2555c18b,50a7e551a7b3f8d37cd6e32d8bfbe5ea,2018-07-30 22:30:10,140.00,27.96
92c5e555afe0fddf3e8e4ae6baf2fe68,1,06edb72f1e0c64b14c5b79353f7abea3,391fc6631aebcf3004804e51b40bcf1e,2018-01-18 07:19:12,39.99,11.85
92cac19c19596022d13902b2908896ac,1,dea837d4f3f30b541725d258c15e4ff1,c3867b4666c7d76867627c2f7fb22e21,2018-02-09 17:50:06,60.00,15.17
92f77906d8fcaa454fff43e1882deb01,1,a62e25e09e05e6faf31d90c6ec1aa3d1,634964b17796e64304cadf1ad3050fb7,2018-01-09 16:11:29,108.00,16.52
9349a2d01c73ceff09422b184cf0ec61,1,2e690251b259bda3d61476c67d7b70a3,2528513dd95219a6013d4d05176e391a,2017-04-26 23:22:00,229.00,21.68
93b74681985a4a11ca3b48be35576434,1,d3e1006ba3735c0d44160026b6e0ced3,c003204e1ab016dfa150abc119207b24,2018-07-25 15:32:20,108.90,11.78
94781b7e571ded2ff6f80434f6fe2a43,1,d6160fb7873f184099d9bc95e30376af,53243585a1d6dc2643021fd1853d8905,2017-09-29 14:06:10,1599.99,53.61
947b612f269cbbdaa438d55bb70f1baf,1,20531b0644a0719b8d506c4db3c56609,ce7d1888639e6fb06b2749cbfdac1ff7,2018-08-13 14:05:14,138.00,26.34
950d953d1c32b47c840a17f3661427a4,1,0d85c435fd60b277ffb9e9b0f88f927a,f457c46070d02cadd8a68551231220dd,2018-02-27 21:08:51,68.90,15.23
953924bfb9b567973c9f02020eb17eab,1,6a8631b72a2f8729b91514db87e771c0,128639473a139ac0f3e5f5ade55873a5,2018-05-17 22:13:44,29.90,37.45
959736e06ddf68235a3bd98b1bf8edba,1,233316af7adf040484dbeccfecad6042,d2374cbcbb3ca4ab1086534108cc3ab7,2018-03-22 18:28:04,81.50,13.59
95d1d57cd27cd0857ef85f53ad2ed3b8,1,780d24bfcf24b143f013354507158385,e9d99831abad74458942f21e16f33f92,2017-10-03 02:49:27,44.99,9.34
960de6b16b5ce4196d243baeb9d1a699,1,31a2f42a87890f87d77daebdfabc182e,4c03b9dd4c11ee2cb35c96c49efc9420,2017-07-20 09:45:13,149.00,29.44
9656510a0f73952b9c305fe0bd264056,1,66a0a6e02b7f543e5b021ce361f267d4,7a67c85e85bb2ce8582c35f2203ad736,2017-02-09 18:57:32,119.99,16.05
966d900084ff48f38516ba0a9bd50cfe,1,54b755678728b84472c2b654ac4de777,a3dd39f583bc80bd8c5901c95878921e,2017-12-08 09:29:57,39.90,21.15
969d3f02f498a3db8037e194ed29cb4c,1,a35908642db2ef18437c352a421035ef,21e83881401b92b49fb09a16d3852291,2017-10-13 16:56:30,329.90,37.37
96a2ebaf09ce36a4370b97e9fd0d5a85,1,f1c7f353075ce59d8a6f3cf58f419c9c,37be5a7c751166fbc5f8ccba4119e043,2017-06-25 21:23:06,215.00,15.11
96bd9c3ad7366522a8a0ef40301faeb5,1,9df634af5c467f3b07f3d92f7765aa64,8bd0f31cf0a614c658f6763bd02dea69,2018-03-02 12:50:42,82.00,16.82
96bd9c3ad7366522a8a0ef40301faeb5,2,9df634af5c467f3b07f3d92f7765aa64,8bd0f31cf0a614c658f6763bd02dea69,2018-03-02 12:50:42,82.00,16.82
96cc8c42014ddb42a775da9a45ae3f76,1,3dd2a17168ec895c781a9191c1e95ad7,de722cd6dad950a92b7d4f82673f8833,2018-07-18 20:45:18,149.90,53.40
96e080e0b5e48d6beb4a7faeb056f5ac,1,a2da86fa759178e9e58e54aa1a144e59,ea8482cd71df3c1969d7b9473ff13abc,2018-06-21 23:16:40,24.99,18.28
971255ac71ca5ab5eccc94b177e081c5,1,5ef700515181623872771a16d1371cd4,a369d693961cb93b61ca2cc518872a85,2018-05-18 18:55:20,65.00,14.54
971255ac71ca5ab5eccc94b177e081c5,2,5ef700515181623872771a16d1371cd4,a369d693961cb93b61ca2cc518872a85,2018-05-18 18:55:20,65.00,14.54
971255ac71ca5ab5eccc94b177e081c5,3,5ef700515181623872771a16d1371cd4,a369d693961cb93b61ca2cc518872a85,2018-05-18 18:55:20,65.00,14.54
971255ac71ca5ab5eccc94b177e081c5,4,5ef700515181623872771a16d1371cd4,a369d693961cb93b61ca2cc518872a85,2018-05-18 18:55:20,65.00,14.54
971255ac71ca5ab5eccc94b177e081c5,5,5ef700515181623872771a16d1371cd4,a369d693961cb93b61ca2cc518872a85,2018-05-18 18:55:20,65.00,14.54
97190f1266ff922bc8bab1fde79fbec0,1,9ddd762ee8a13576a809dc66f22aa2b5,da8622b14eb17ae2831f4ac5b9dab84a,2018-02-20 16:55:33,199.90,21.89
972e7938b32b93b78bf5faf4358ad5fe,1,91442659f31ec0f0fc73215e77854fac,6560211a19b47992c3666cc44a7e94c0,2018-07-26 21:05:23,55.00,15.49
9751ad9e269564b0b79cc17a82fe06c4,1,2d62078f4b87416a280931049a9d7cca,42bde9fef835393bb8a8849cb6b7f245,2017-11-22 03:50:32,59.00,16.85
97f3a84e96f9e837dae9f7e2f4570afe,1,945d5b64caf3027a69078cd3254657a7,93b9a99027bd8bd6af682aff18dd19bf,2017-04-13 01:05:25,80.00,17.30
9800ee2371539396d5bb270f1e844e11,1,632c37951cab36a4e928428cbc4fa4f4,2e1c9f22be269ef4643f826c9e650a52,2018-04-16 03:55:28,157.49,15.19
981222fe88bbeab39c6ca1fa7bceba4c,1,4b96786612ebe7463132fce2c4dca136,d94a40fd42351c259927028d163af842,2017-11-30 01:50:04,83.30,21.07
9841304c5432e46d9cfd508835b743b1,1,cac9e5692471a0700418aa3400b9b2b1,7ea5bfa6c340f58f8e71fc1f0412b0d6,2017-11-30 09:50:57,129.99,17.48
98c054318dc270816f8357351ffc4449,1,668b1e2b9471f837ba1797832e3f2012,36a968b544695394e4e9d7572688598f,2018-06-12 12:30:29,34.90,7.87
98c054318dc270816f8357351ffc4449,2,668b1e2b9471f837ba1797832e3f2012,36a968b544695394e4e9d7572688598f,2018-06-12 12:30:29,34.90,7.87
98c78522be2bccf4c3948451a1c463f8,1,12827caf723c4ff8030d64dcffe3cdab,e9779976487b77c6d4ac45f75ec7afe9,2017-06-15 02:50:20,59.00,8.27
98e94d121fb6444de93e426ceeb1e0e0,1,7583d9a579408cb84bbc7b0e4548ec18,17306570e772e7718c92a562d33f5f1d,2018-01-29 18:16:34,219.90,22.03
993b2e3062c079f457a10aa536f9ca31,1,f9259c9e7c0f12c70f7a81409680a5ff,3db66a856d18a9cba7c9241fc5221c50,2017-11-17 17:50:51,69.90,16.25
9955a2f7fc38c1b21be304e49f22e58b,1,99a4788cb24856965c36a24e339b6058,4a3ca9315b744ce9f8e9374361493884,2018-06-18 20:15:40,79.90,14.87
99ceb37bf4c899aa443147118a509e3a,1,708281087dc97b0e50baa8891e741d8f,0509040ea3fe50071181bbc359eb7738,2018-01-23 19:53:21,33.80,14.10
99eae747b45fb42516e46311533b3064,1,b80d1191f28486e54df2e4c6bdeac10d,d2374cbcbb3ca4ab1086534108cc3ab7,2017-09-29 20:49:22,49.99,26.89
9a768a8d504ada830b38d678f12d972e,1,b59b5899ecf4bcc294a72fdd48adaa94,ea8482cd71df3c1969d7b9473ff13abc,2018-02-23 16:50:35,29.98,7.78
9ac9cdfc539eaa872e8d0c652d660e6b,1,23bcd6822a33df5534f9b290216eec1f,ac3508719a1d8f5b7614b798f70af136,2017-11-23 14:15:23,129.80,49.44
9b573950822247289cc283b3e30f19d8,1,71a8ee0a8b3fe29f6d89c75e6c1d2dba,db4350fd57ae30082dec7acbaacc17f9,2017-11-29 23:54:54,21.99,15.10
9b8f6a6ca0b17d35ff480e9a2ad8b7ed,1,4ae634441e444ca4bc85903cafe98d73,92eb0f42c21942b6552362b9b114707d,2017-04-26 22:35:11,13.98,14.52
9b9993961d216f751b2b4cf2c85e1e85,1,68fe8893052a044100e60cd0c8c6b274,9c0e69c7bf2619675bbadf47b43f655a,2017-06-14 20:25:14,750.50,30.09
9bbb33e6918e2064e479c9bbeb6db909,1,6cf22bb1523c34ad8da500d1084155a5,fa1c13f2614d7b5c4749cbc52fecda94,2018-06-18 02:57:31,144.90,16.11
9bc38db4ef1d6f4fd1844e03b30b843e,1,77115ce07da135cd94ffef9ac16bb1b5,2138ccb85b11a4ec1e37afbd1c8eda1f,2017-12-11 16:47:31,29.99,7.78
9c37d94303e95d233a4608dabc34f802,1,bbde277e9acc929e96d1ecb114f3342c,8648b1e89e9b349e32d3741b30ec737e,2018-06-29 20:11:51,65.90,8.20
9c3a601d7089e5ecff0515e743748165,1,fe4d09201362b0d4332259c78af0f761,ce27a3cc3c8cc1ea79d11e561e9bebb6,2017-09-01 09:05:12,145.99,16.78
9c6091fbefbb76532f8a51939765c532,1,6d8096ca93caea3416a6b24bf411bc86,fa1c13f2614d7b5c4749cbc52fecda94,2018-04-12 11:29:02,319.90,24.74
9c867ee818c84d2be46a83abbfb13004,1,78efe838c04bbc568be034082200ac20,0241d4d5d36f10f80c644447315af0bd,2018-01-18 12:29:21,99.90,22.57
9cb00de5b638536df59a274ce43e811d,1,a5c9c1711f61d2b63cf996b4928092ed,46dc3b2cc0980fb8ec44634e21d2718e,2018-04-01 23:47:07,69.99,18.42
9d0516ad96d793d308cec3c5929ed649,1,c4baedd846ed09b85f78a781b522f126,a1043bafd471dff536d0c462352beb48,2017-12-22 21:11:14,89.99,50.50
9d0516ad96d793d308cec3c5929ed649,2,c4baedd846ed09b85f78a781b522f126,a1043bafd471dff536d0c462352beb48,2017-12-22 21:11:14,89.99,50.50
9d241238f3827aced623154ace551dd9,1,aca2eb7d00ea1a7b8ebd4e68314663af,955fee9216a65b617aa5c0531780ce60,2018-03-16 03:48:52,69.90,12.43
9d241238f3827aced623154ace551dd9,2,aca2eb7d00ea1a7b8ebd4e68314663af,955fee9216a65b617aa5c0531780ce60,2018-03-16 03:48:52,69.90,12.43
9d7737b250ca12ae1e89ef38f2e5d213,1,46255a421f244cd985f138a63d77d09c,3481aa57cd91f9f9d3fa1fa12d9a3bf7,2017-02-11 08:25:08,78.50,17.85
9dd1d19c4558ecb8601dd0305c30cec0,1,d81cbbaeb38bdc56879d408d7f607b0e,6902157ee16728322d61a1321fa79e58,2017-10-17 20:50:03,79.90,16.32
9e3239dcd0d89b2b4e9315e93f265c84,1,9ffe607c48a0473e200e4035bf97de49,1d503743d2526f03f0c2c89540ee008c,2018-04-20 10:30:44,59.99,22.13
9e33d956d1112885d1ad919e54d05697,1,e0cf79767c5b016251fe139915c59a26,da8622b14eb17ae2831f4ac5b9dab84a,2018-05-11 15:15:43,29.90,12.76
9e409207a4bcdd6d56800cf4e2e85245,1,4c2394abfbac7ff59ec7a420918562fa,cc419e0650a3c5ba77189a1882b7556a,2017-12-13 16:52:06,84.99,27.13
9e97400ef316f1d0209aec475ab50554,1,211293b50935ced8d4370f552c482d74,e9779976487b77c6d4ac45f75ec7afe9,2018-03-01 23:47:29,19.49,11.85
9edb5899606254447166a651aa65c063,1,b5cfb1d3c5e435a7a52227e08f220ee7,4b9750c8ad28220fe6702d4ecb7c898f,2018-03-01 15:16:00,49.90,12.23
9f33a39fe21aa7e49c58d5c16da393a0,1,130cdbc1715f7e1b5d9be728ce04398e,f35becee938e982bd615edf8ef12bcfb,2017-04-07 18:45:21,39.90,14.52
9f9451274bc21055d9306c98eb7eb8f8,1,63ae63c279f3ccd864bc7756f81bec2a,0176f73cc1195f367f7b32db1e5b3aa8,2018-03-08 22:10:30,87.90,17.87
9f9df59d8852ad5630e576aa48249c26,1,2d5bb6fc16b9fb75539ddcd93de86aa4,0432ead42b6c8a0bdf68154add917fdf,2017-07-19 21:35:10,89.90,16.39
9fe9c3069432a6611954d1e0d51d6873,1,72f78c618c8f81c2b8f0ffd2a51293b4,f8db351d8c4c4c22c6835c19a46f01b0,2018-07-03 02:35:12,74.90,23.32
9ffdb44f6b79111e57d86b61146fba23,1,0eb8e03d4ef83152c4642b606b5bbdec,cac4c8e7b1ca6252d8f20b2fc1a2e4af,2018-06-20 05:16:04,29.99,26.43
a01cc79e3afbac4a52ce1d528080e438,1,adcfd260203f2ab192f83edb46d0f83f,dbb9b48c841a0e39e21f98e1a6b2ec3e,2017-01-15 10:24:36,17.50,10.96
a030d3d4fe79a482fd66cb2205cdd0df,1,4eff4dd8918d15c9a308a9645d353807,4b9750c8ad28220fe6702d4ecb7c898f,2018-06-13 04:15:10,48.90,9.26
a0c1ac2d2b7ee099ba14b612a76b6187,1,ccadfeab525a9eb1569983b66e5075c4,33576ec5412fb5905d876f12f33bfde6,2017-09-11 09:30:14,79.00,15.30
a0d3f54307b8ea12232f5036ed0346ce,1,eab1309765ca0c3ba5c2ae2b85b28b00,c3cfdc648177fdbbbb35635a37472c53,2017-06-27 21:25:16,199.90,17.88
a0d5b8474423ddf55228373b81a46272,1,aca2eb7d00ea1a7b8ebd4e68314663af,955fee9216a65b617aa5c0531780ce60,2018-01-19 02:38:34,69.90,19.98
a0ef346fe1ea82e048e965ab6c20623b,1,75b1af479ceb5b90e06b38ff4f753e1e,f12ff17ad8bbf01ec5c33b17e506649b,2018-02-21 16:50:28,780.00,18.02
a159f0d3b012cdad58464eff20f5a4ca,1,c8f7df520102efbaf9927f5acf21b928,a3a38f4affed601eb87a97788c949667,2017-04-13 03:10:28,84.99,16.29
a15df161654da3f47c2984ffd7764920,1,7bbc646134de228a74392d8407d16df8,ddd51ae8cda92f3995a51fc0f0f3eec7,2017-02-01 18:30:17,30.00,9.00
a15df161654da3f47c2984ffd7764920,2,7bbc646134de228a74392d8407d16df8,ddd51ae8cda92f3995a51fc0f0f3eec7,2017-02-01 18:30:17,30.00,9.00
a15fc4ce7d1b1cd6ec005a2f267758d8,1,97f1396a5a1f7c07ba51784efdec44b8,955fee9216a65b617aa5c0531780ce60,2018-08-16 14:44:19,160.00,23.92
a1f360ba8499a15b557819850f54b9c4,1,3eae31de0119f9f566a337ac2458ae7d,d7485b33791774c36108f8c69602d48d,2018-06-28 02:20:10,11.98,12.96
a20191650d84d1d59f72139a87207a3b,1,8c464efd8ef90612cb673a5ce7046e8c,1da3aeb70d7989d1e6d9b0e887f97c23,2018-01-26 17:19:21,89.99,25.66
a2b02026d2b1873d8e01ccfe3f8c62b0,1,c2441af97dc659059897209bd93bfc3e,16090f2ca825584b5a147ab24aa30c86,2018-07-20 18:55:23,24.99,12.84
a3115f34be015286911b92beba41be5f,1,ae083e4a334a4210ae0ef7323f1584c5,0df3984f9dfb3d49ac6366acbd3bbb85,2017-05-15 22:42:32,281.90,18.41
a3780280bea9cf5034c0d8834b206fde,1,363a742635cc645c207ce8102de9b837,6c7d50c24b3ccd2fd83b44d8bb34e073,2017-12-28 00:10:46,126.69,27.21
a3965b3546bff7e3ec5e766fa6e8d865,1,a064fbd13bfd3d9654eeb35bb47d9caf,2a261b5b644fa05f4f2700eb93544f2c,2017-10-30 23:28:08,55.00,16.15
a3c299fda1b92fa41de80b43ecc70ddd,1,c033d17d5564326cf7986e7ffda1cf60,01fdefa7697d26ad920e9e0346d4bd1b,2018-08-15 12:45:09,121.00,15.92
a45c1f10d2a3a9e829ea9125e9e17aab,1,357a9e8a4b691ffbb0f855b23d490c4e,432c37c9dfba871172ec162e20118b8c,2017-04-19 21:02:16,31.00,20.40
a49dc0169f9bb6d3ac9829bdebd12299,1,d04857e7b4b708ee8b8b9921163edba3,9f505651f4a6abe901a56cdc21508025,2018-07-26 04:05:38,69.99,8.65
a52c52c656d3b3ef3ec72fcdc13c714f,1,aca2eb7d00ea1a7b8ebd4e68314663af,955fee9216a65b617aa5c0531780ce60,2018-04-26 12:31:56,69.90,0.00
a54dca1918f3c9eaa16ac953a5d8c9ba,1,dab2413ead0edda9967edbc9bda2a64e,ea8482cd71df3c1969d7b9473ff13abc,2018-03-21 10:50:28,29.98,12.79
a5519d2a4e5aaee48134163456803e4c,1,e8b61f78db501ea0ca45677d1ca27de2,3d871de0142ce09b7081e2b9d1733cb1,2017-09-29 17:05:50,29.00,16.11
a65123674e1b3ffde2fff9af8c009f30,1,f0c1c1d5ec61ce4c4846abd4283631df,a5a1bfcf728ab0e19182959cf0771ee4,2018-01-11 21:57:23,59.90,15.17
a65123674e1b3ffde2fff9af8c009f30,2,f0c1c1d5ec61ce4c4846abd4283631df,a5a1bfcf728ab0e19182959cf0771ee4,2018-01-11 21:57:23,59.90,15.17
a678d97aa95d0393384c211a82455e50,1,23365beed316535b4105bd800c46670e,92eb0f42c21942b6552362b9b114707d,2017-06-13 02:30:13,16.50,7.78
a6ec65788794fad0fbd2e2839c73fff3,1,dd95c89de4ce416b6a2714b39266a7ed,c33847515fa6305ce6feb1e818569f13,2018-08-22 12:10:30,79.00,26.85
a70cbddbc05271b2103fdd63f37034a0,1,dee98cc0394b12aefccbad334b415c10,b1fc4f64df5a0e8b6913ab38803c57a9,2017-10-18 16:28:01,55.00,14.14
a79cb797abc143a743a29342947938f1,1,368c6c730842d78016ad823897a372db,1f50f920176fa81dab994f9023523100,2017-11-30 11:15:37,49.00,17.67
a8a42525a528f4f3b6c343d8cfa0a374,1,03e931f387c2dd5b006aecdb12515b2e,1900267e848ceeba8fa32d80c1a5f5a8,2018-06-05 20:50:40,53.00,12.81
a8a42525a528f4f3b6c343d8cfa0a374,2,d9e7d13814ea50f9ae1f612ef6b3a1f1,1835b56ce799e6a4dc4eddc053f04066,2018-06-05 20:50:40,53.20,12.81
a8a42525a528f4f3b6c343d8cfa0a374,3,85b6cd7f57f7a06d180c93e8c74f6381,1835b56ce799e6a4dc4eddc053f04066,2018-06-05 20:50:40,53.50,12.81
a8b7b51948bf9deabad95734d8470c5f,1,d934d5a5c12e50df26c0669f578e2621,080102cd0a76b09e0dcf55fcacc60e05,2018-01-10 03:31:45,53.99,14.13
a93cc6a86a64ca1f201b78f981adbc25,1,c10a7001e8b49dfc03817444b5f2ed81,056b4ada5bbc2c50cc7842547dda6b51,2018-07-18 19:15:17,129.99,19.01
a968bece60cce24072b4a3a5175c454c,1,646ce272adff96b1ace27e81c9bdf29d,dbc22125167c298ef99da25668e1011f,2017-11-16 02:51:06,126.90,29.29
a9e698f2944fc17e406c624bf2ce9067,1,70ef02956d1b9d6a8b1aa4f7b206e210,218d46b86c1881d022bce9c68a7d4b15,2017-04-11 21:10:17,107.00,16.45
a9fff775c01f5c2af9b79817fab57cd3,1,1a758361b1c10b3ffe3d3373332de319,8d956fec2e4337affcb520f56fd8cbfd,2018-07-03 07:10:17,46.99,15.43
aa3aed786cbca7fa2c6eaf17148c63e4,1,6daadc7e6029cf01762f941e488caa1b,46dc3b2cc0980fb8ec44634e21d2718e,2017-08-03 18:45:21,299.99,19.35
aa57296ceb0b170f4823d71a06a43037,1,927019d88409196f97d1fd56daaeecc1,516e7738bd8f735ac19a010ee5450d8d,2018-06-29 02:58:59,49.90,16.54
aa649f102949b264d3d83c5c545dedfd,1,569ffd16f8032478cbeb9800f2e94ba0,20cb7c2fde3e5bf10f0bbe7394e1c6a9,2018-01-04 18:08:51,16.90,15.10
aa649f102949b264d3d83c5c545dedfd,2,569ffd16f8032478cbeb9800f2e94ba0,20cb7c2fde3e5bf10f0bbe7394e1c6a9,2018-01-04 18:08:51,16.90,15.10
aa9807c58e870fca0fbe582723264ed8,1,d2c26c86faaf287263610735e07f1b3d,a416b6a846a11724393025641d4edd5e,2018-04-19 10:50:19,106.00,23.32
ab46b23c27822b224f0e2fcca0f25e63,1,835e3f51a6ef088097cc8cf42f08fd17,5058e8c1e82653974541e83690655b4a,2018-02-13 21:29:03,229.99,59.52
ab6d00347b9055691972ac20f00df77b,1,3931aaf38ba4cc928100541ff51b82ff,9f505651f4a6abe901a56cdc21508025,2018-07-06 11:31:22,129.00,13.56
ab7c89dc1bf4a1ead9d6ec1ec8968a84,1,a2a7efc985315e86d4f0f705701b342b,ed4acab38528488b65a9a9c603ff024a,2018-06-18 12:30:35,110.99,9.13
ac046246a304e47bb50a9c923430aa55,1,6a24f480cc3fa5ceba9b09eb6b2f46fd,8f2ce03f928b567e3d56181ae20ae952,2018-08-13 22:50:21,69.90,19.68
ac2a626df847783c310f77108af182ea,1,b3e40ff639c185b9d726b4b19c17e6cd,7a67c85e85bb2ce8582c35f2203ad736,2017-12-28 02:11:02,229.99,14.16
ac40627fa08c6c47cdb3648f3e14901a,1,a72df9d6b4412dbd03d886846a438a3c,7299e27ed73d2ad986de7f7c77d919fa,2017-12-07 12:20:33,100.00,12.83
acb56e6695d371a1c50a34c38938277e,1,3ae28b124972bb81eddcb644cd284be9,46dc3b2cc0980fb8ec44634e21d2718e,2017-12-01 18:14:20,99.99,20.19
ad192211a3b7e6018ffdea3e5fef1444,1,86b8032cbb666ec9ca1f2aa4d4cace06,dee656f0f566ed1aa85bd137c943f08f,2017-12-11 15:17:27,67.90,11.98
ad87776df87aa84719c1be3456cbbf4d,1,60142008404f92c16972d1cb6dd0e3c8,98dac6635aee4995d501a3972e047414,2018-03-04 23:31:19,52.11,15.11
adb00f908ea2044d0001f86671d882af,1,a19b6951c75da43aad691622dd2f6abe,1025f0e2d44d7041d6cf58b6550e0bfa,2017-10-27 20:25:48,38.40,13.08
adb00f908ea2044d0001f86671d882af,2,a19b6951c75da43aad691622dd2f6abe,1025f0e2d44d7041d6cf58b6550e0bfa,2017-10-27 20:25:48,38.40,13.08
adc9f082768884dcb46b8b3d26851ca0,1,f1c7f353075ce59d8a6f3cf58f419c9c,37be5a7c751166fbc5f8ccba4119e043,2017-08-25 15:50:14,200.00,15.01
ae348c74e571e34c44d0874b21087f71,1,691951678a17b3cf3667385513e1137b,17ca9b9e9b9ef8fdb529001b49ebb50f,2017-09-21 14:26:50,85.97,14.33
ae97799b02696e7937ea854ed542d015,1,e251ebd2858be1aa7d9b2087a6992580,001cca7ae9ae17fb1caed9dfb1094831,2017-03-09 16:25:10,99.90,21.15
ae97799b02696e7937ea854ed542d015,2,e251ebd2858be1aa7d9b2087a6992580,001cca7ae9ae17fb1caed9dfb1094831,2017-03-09 16:25:10,99.90,21.15
aee4a272cfe5c5e7d83360d9ad2206e7,1,75baeeacdb53150ac063abf52e4acaa7,4830e40640734fc1c52cd21127c341d4,2018-01-22 12:19:21,39.00,11.85
aefe90553e50779cfa353170674e9d0f,1,8db97c571a61d830930cf029a34c33ef,f3da5b2ff499efb8d4a6d371d175d7dd,2018-01-30 10:59:31,100.79,17.96
af8cd0ccf7bfb5bc0998744b1ff8c08f,1,d4f5afce58ebf89ef1186236c54d2594,128639473a139ac0f3e5f5ade55873a5,2017-09-12 04:11:03,18.90,12.48
b00e398b9fedc8b818679422af47d3ad,1,c3b957b4e1d4cd8d595794d22973cae9,12b9676b00f60f3b700e83af21824c0e,2018-07-27 19:31:00,79.00,18.35
b022357c03da2d91ba22d886af2c83a5,1,cb89dfa8adec9df2aa87b8072985b655,44073f8b7e41514de3b7815dd0237f4f,2017-10-16 04:36:04,35.00,16.79
b0247f256d2486d4cb5f3bf93dd84eb4,1,2a5806f10d0f00e5ad032dd2e3c8806e,7c67e1448b00f6e969d365cea6b010ab,2018-06-14 03:14:46,169.99,51.14
b033a34245ae159e80dd599b3c5cb92f,1,47f699d9462e071f977f612be2b5b67a,56642bcb79900e777d68e91915cb4267,2017-02-03 19:25:23,170.00,18.00
b044b08867cd3b1d69a4b3c372321557,1,cde3bb853ac754da1e3ab62b7c2593a9,dbd66278cbfe1aa1000f90a217ca4695,2018-06-13 04:12:43,22.00,15.23
b0687213cf67e3c3aa0fc89237bc79b6,1,5d6bea33648f018dbb563f3a2fab09f3,1025f0e2d44d7041d6cf58b6550e0bfa,2018-04-03 21:50:14,150.00,23.59
b0ba32a79f83ef1ae43216095e1c9ab8,1,c0400a62c5019cdc69bfc76d39b1cfb4,cfb1a033743668a192316f3c6d1d2671,2017-03-12 22:25:08,26.00,14.52
b0e2da4433a10c624a9f71b187e93915,1,acdd9eaa79720ca045ce3768250b8e47,a416b6a846a11724393025641d4edd5e,2017-05-11 02:10:12,99.90,9.51
b0e61103ba1dee7e3c3c31f68e62a3fb,1,c1cf541d5b33a4b04ddc1c3be7aa1c86,01fd077212124329bac32490e8ef80d9,2018-08-23 12:50:22,38.00,18.37
b0ff8e6a9bb47b224a599ff0c161006b,1,6f4f2bb136fd2d8e8229355d8fec6b67,06e5eefc71ec47ae763c5c6f8db7064f,2017-10-05 12:49:29,379.94,23.20
b0ff8e6a9bb47b224a599ff0c161006b,2,11fd9d7ba552e1d28872e008acf1e050,cb8bcce248bb1fb274ba762d8b971456,2017-10-05 12:49:29,139.90,8.21
b10818512d51945f6498d36b8de77c68,1,d39421ec4cc2bf52e35f8bf00f1ec314,cc419e0650a3c5ba77189a1882b7556a,2017-08-22 19:10:20,49.99,11.73
b1503f3f344c66cf0a3bdc1e2a6e3fcb,1,cac9e5692471a0700418aa3400b9b2b1,7ea5bfa6c340f58f8e71fc1f0412b0d6,2018-01-17 22:39:24,124.99,17.31
b153954b30a6a686b88cf18a599b4382,1,cde3bb853ac754da1e3ab62b7c2593a9,dbd66278cbfe1aa1000f90a217ca4695,2018-06-11 11:50:34,22.00,15.23
b19b783be83450d0c4d0b92c5343a528,1,6fb42788c5ef9affaa2fec30ca8b6053,1127b7f2594683f2510f1c2c834a486b,2017-09-18 23:10:09,16.17,14.10
b2177e0904af2bc1e3ab8e1eecd2e90e,1,d7350806253f6a1e1351c97a39b9c931,7b8e8ec35bad4b0ef7e3963650b0a87b,2018-05-22 02:53:52,659.80,81.93
b231ac7a6c9bf6113ddfd94e6fec8cd8,1,e44f675b60b3a3a2453ec36421e06f0f,730937bf88cb151eb2eb849f642fc213,2018-04-24 15:53:23,105.30,18.62
b2a075b61f56f754745f60eeca7c0f63,1,a92930c327948861c015c919a0bcb4a8,6560211a19b47992c3666cc44a7e94c0,2018-06-26 02:20:39,78.00,15.65
b319de7e29d9ec96df9f75a1558c8ea7,1,fe7d52482b17e6b3466f4b8f3ce51a9e,d4f117125b59ce73c3302f88ee40c458,2018-03-05 14:31:00,49.99,14.10
b31c6094960eb242c3513d619998cb6d,1,bbaef2eadf31fe3ea6702077398be06c,cc419e0650a3c5ba77189a1882b7556a,2017-06-22 22:50:08,56.99,15.15
b33c9bb2caa1d2b9f219b70f6dba7dce,1,5a0c21ad6b82a1b61856e48ec959764d,cc419e0650a3c5ba77189a1882b7556a,2018-08-31 03:45:15,96.99,13.34
b36dde30ca62faf042ac4e3f001b9c04,1,9bb8ca338e5588c361e34eae02e8fad6,620c87c171fb2a6dd6e8bb4dec959fc6,2017-12-07 02:15:26,59.90,19.66
b3d71a2000f053668c1baac73b5fe4d7,1,afeeea6271148ee1bb15173b8187c431,53243585a1d6dc2643021fd1853d8905,2018-07-23 02:45:21,219.00,38.44
b43a195dd28616394e0209e0499adcb9,1,36fc6e3cc37a14037506dde26d4e8655,8b321bb669392f5163d04c59e235e066,2018-07-19 04:32:06,9.50,18.23
b44d797bd9259818b8e3655230d25879,1,4af81c9413dcb40e03e2a1bc15a6448b,525e75a6fb1454a2325ab1734bcec221,2017-07-20 12:03:43,49.90,7.78
b45e33527c11959b80ea6d7c471a34cf,1,eac691ff8062bb3ed4f465466245accd,b4f8921fcc4ff77b66bea6dda43dcd51,2018-07-02 13:37:27,654.99,78.54
b46846b45a07d12a5553a67d4320ba61,1,437c05a395e9e47f9762e677a7068ce7,7f7b8245c336066a1f9933c359f11d77,2018-07-19 15:41:36,52.90,18.47
b49998737b7359ebe1b64b0b7ffb20f6,1,8efcb24ccca088a16dab13882f1c45e0,5f1dc28029d2c244352a68107ec2b542,2017-01-24 16:27:25,22.30,14.52
b52571bcd79c8d0e16272c548228a5a4,1,ebc714d9f070a89f4d411982ea9670fb,46dc3b2cc0980fb8ec44634e21d2718e,2017-12-12 11:14:49,499.99,23.99
b5628337dad9ae1f38266f0e22fdae4a,1,757e8df3e7c5c52482db573f5f368e1d,522620dcb18a6b31cd7bdf73665113a9,2018-04-16 22:11:12,79.00,60.61
b645d720bd6caa9606b492b81c3f537b,1,16ed6a6e3fce23b741650437fe58d65b,e5a38146df062edaf55c38afa99e42dc,2018-02-01 18:29:37,89.18,15.38
b6a87380ebe0e02e7ed12272492b3ca0,1,0110986ff84d644fee920efb18577292,7142540dd4c91e2237acb7e911c4eba2,2017-11-30 08:13:16,59.90,26.74
b6ab72d17de0a5c4bdf888f55c9acb4b,1,c9dbe2eec19a8093cb5ac57486531c18,cca3071e3e9bb7d12640c9fbe2301306,2018-02-06 00:31:45,96.90,13.70
b73939058e5490167b4c069d941208d9,1,5ad2c4859aad6ecebd816a300d34f326,12b9676b00f60f3b700e83af21824c0e,2018-05-14 13:30:32,238.00,16.52
b779a9b1774b12944ab77d39b831f151,1,9093f710f0faaffe81ccb9dd1845ac9e,fe87f472055fbcf1d7e691c00b1560dc,2018-08-23 13:15:59,64.90,9.20
b77b82b683e9956ecdf55514de3d1f1d,1,3c5ba90e09547db90868e803d139de30,ec4608a1f76453166bb312b2968aeaf4,2017-11-10 20:09:30,34.99,24.66
b77c6d3c0334b27a51f220038f0ef8ac,1,e2c49770bf52260e9960ccefdd38e960,516e7738bd8f735ac19a010ee5450d8d,2018-07-24 21:50:15,29.90,15.31
b77c6d3c0334b27a51f220038f0ef8ac,2,e2c49770bf52260e9960ccefdd38e960,516e7738bd8f735ac19a010ee5450d8d,2018-07-24 21:50:15,29.90,15.31
b77c6d3c0334b27a51f220038f0ef8ac,3,e2c49770bf52260e9960ccefdd38e960,516e7738bd8f735ac19a010ee5450d8d,2018-07-24 21:50:15,29.90,15.31
b7ada522cfb63d2f443ab987bd38c885,1,6efb6f992e2f51bc224145a2a9e3ec38,ba143b05f0110f0dc71ad71b4466ce92,2018-05-28 02:15:42,111.99,11.41
b83fe0e59b384422cac91db5d32e1835,1,cef16b173166d8d44b4fbf05b4b43bec,dd7ddc04e1b6c2c614352b383efe2d36,2018-06-13 21:11:28,17.90,11.15
b87287b5e32f2ab2319f41ce30055288,1,8ce5f222608f6e18ea3b7acb84313c6b,41b39e28db005d9731d9d485a83b4c38,2017-11-01 10:49:21,84.90,15.34
b87f0af53388149e08ee91a0b00816a0,1,f4d705aa95ccca448e5b0deb6e5290ba,da8622b14eb17ae2831f4ac5b9dab84a,2018-01-03 04:09:48,24.90,15.10
b883943a11a0c834424c7bf9bfea8b88,1,3f994ee4a0b20760d1b173aa65037c95,ceaec5548eefc6e23e6607c5435102e7,2018-02-27 10:30:34,215.00,21.00
b986ced186e623c3fa979ee09cb4d300,1,1b474c650cb9407d32a1e066937b68fd,2eb70248d66e0e3ef83659f71b244378,2018-07-24 15:45:46,173.90,23.15
ba75b10a16e530cca75088408909b325,1,fa39c60599eb6573020f07a1b4dd38cf,0bae85eb84b9fb3bd773911e89288d54,2017-12-07 15:17:21,86.36,17.85
ba7da6649755130f12897371beb31272,1,e792f2bb275bdea9b6076c2acbb5abcd,d9bd94811c3338dceb4181f3dbc0c73e,2018-08-24 13:10:45,186.60,17.50
ba8a2682e4b170d1b0f4f3507c2dddc5,1,a8f6902216234a2535986d89451f9ad7,5c6d4016c2a288f074fa0848a2b653d2,2018-02-13 12:10:46,49.00,9.34
ba9e135697c2fbf721ea10bb6d7c0d17,1,5a848e4ab52fd5445cdc07aab1c40e48,c826c40d7b19f62a09e2d7c5e7295ee2,2018-03-13 17:50:13,122.99,18.74
bb3b61a129aba9eeb10bb81a4770f3b1,1,7814c273ab16783d73a9863ebfa8b141,1025f0e2d44d7041d6cf58b6550e0bfa,2017-09-19 13:50:16,229.00,43.80
bb7d0e5b853f82d1aac9d4f51ec59500,1,33cd5581eb3d0497d9af68a34603ec7e,93dc87703c046b603023e75222018b45,2017-11-30 10:14:54,148.85,21.84
bb8efe90a4b9dc65b0b365ca7a94db25,1,7ca5f56188492e30c50ba64de188aae7,d2374cbcbb3ca4ab1086534108cc3ab7,2018-07-26 22:35:14,17.90,18.23
bbb7e3b704844468f580cf9f68b0ddd5,1,8123e87dd3112536d2f0856287158c8e,16090f2ca825584b5a147ab24aa30c86,2018-07-13 03:06:05,66.49,8.21
bc250fb00c3c49af75ff964a4d987d6f,1,86133a2151bd98a3ed2ad758709e6d1b,f27e33c6d29b5138fa9967bcd445b6d5,2018-08-08 17:30:23,54.90,7.64
bc3fdb57bf20b2ce17d66ab9750415ba,1,777a181e167987349d104ece27e7e112,4a3ca9315b744ce9f8e9374361493884,2018-05-24 00:31:13,286.40,127.25
bc3fdb57bf20b2ce17d66ab9750415ba,2,777a181e167987349d104ece27e7e112,4a3ca9315b744ce9f8e9374361493884,2018-05-24 00:31:13,286.40,127.25
bcc4d7b9422f45610ec4008b5012e842,1,cc1b0e67ffb98a08c886e8c3c27a915f,3d871de0142ce09b7081e2b9d1733cb1,2018-01-08 14:31:52,89.00,13.64
bd5d8e4ebcc034472954de8f591cd151,1,5bfc7506459ae2a7b4b573fe557a58e1,4a3ca9315b744ce9f8e9374361493884,2018-08-07 15:30:22,68.50,19.67
bd6ab28252f15e7c57f212a725aa1c37,1,389d119b48cf3043d311335e499d9c6b,1f50f920176fa81dab994f9023523100,2018-05-14 15:09:59,53.90,16.07
bdbcb0e21f0d85538d17911900b26610,1,bdb0b11a36aed4d0d862a7037c838560,240b9776d844d37535668549a396af32,2018-07-30 21:23:11,1099.00,20.90
bddbca2d48a961d74fe81de8febf9a73,1,b53f20c2b12a4b9821ce57f46a7d1cae,4d6d651bd7684af3fffabd5f08d12e5a,2018-03-28 09:30:25,49.90,7.82
bddbca2d48a961d74fe81de8febf9a73,2,b8ded693eefc7fd6fae337f6c202093e,353e21e8bf8de2722b4fae1636664b76,2018-03-28 09:30:25,26.00,39.06
bddbca2d48a961d74fe81de8febf9a73,3,b53f20c2b12a4b9821ce57f46a7d1cae,4d6d651bd7684af3fffabd5f08d12e5a,2018-03-28 09:30:25,49.90,7.82
bdf2232a3cc316d1649fc8faabec0f21,1,4fcb3d9a5f4871e8362dfedbdb02b064,8581055ce74af1daba164fdbd55a40de,2017-12-08 16:49:00,143.80,16.71
be59e03672bb8d48da16e07a0fb660a8,1,e2e426d1332240070b0a836a854d057b,cce6ab8d1682639fe45ab70234f1665f,2017-12-05 21:27:46,40.00,19.59
be69ded8b4b06a199c55fa74d7de978e,1,e71ce72b19b83080d97cf4f06c90d096,376a891762bbdecbc02b4b6adec3fdda,2018-02-20 19:55:48,72.00,9.09
beff38e75b4e29421672a5a3a531bf28,1,08a58dc963320d6073623382b9ceb920,8e8a7ce9f2f970dc00e2acf6f6e199f6,2018-02-02 16:10:48,129.00,34.70
bf2c58d30170e4cbd5153bacabc31d24,1,819386cf1eea26ae023a2895cd2f73d1,53b0300ca793f9834cd69c0678d35ee8,2017-12-19 23:27:50,158.95,12.32
bf488c4d02bcdb68c278b42d9417f05d,1,19629b1460e380638d4b9263bd31547a,b4a476fbd28de64b1e347abf9089366a,2017-05-10 20:42:43,402.85,54.37
bf4f937c279d6f44c375450523ee9383,1,54b755678728b84472c2b654ac4de777,a3dd39f583bc80bd8c5901c95878921e,2017-10-13 08:49:11,52.00,12.61
bf4f937c279d6f44c375450523ee9383,2,54b755678728b84472c2b654ac4de777,a3dd39f583bc80bd8c5901c95878921e,2017-10-13 08:49:11,52.00,12.61
bf5df6110fa6b9de1ed64e327a25396d,1,fb55982be901439613a95940feefd9ee,3d871de0142ce09b7081e2b9d1733cb1,2018-01-05 20:31:44,79.00,17.80
c05002c71f007c6a4056ca538113e991,1,0d5340e7cf010ca42cdf4305101ed005,1554a68530182680ad5c8b042c3ab563,2017-06-01 21:55:09,79.90,28.96
c0663e7701a516c68fa3009dd4f93ac0,1,595fac2a385ac33a80bd5114aec74eb8,ef0ace09169ac090589d85746e3e036f,2018-01-10 21:31:24,117.90,15.58
c1101a911387fc42d24230c28f75f016,1,4a68f101bf6034b9fe2c78dc988c5a74,99002261c568a84cce14d43fcffb43ea,2018-08-08 16:55:35,75.00,24.88
c11a22a599df12f33da9a25948a605ca,1,09364ccfda8448d03ae4082f6044b16e,1da3aeb70d7989d1e6d9b0e887f97c23,2018-06-14 22:59:48,34.99,7.51
c12ae6679912cd8f6ef682d8d9f1fdd2,1,142edaf86e4eb5d0f928534667ab63f7,53e4c6e0f4312d4d2107a8c9cddf45cd,2017-08-31 15:05:36,45.99,13.37
c13ac59826a76ae21dbe5b33ae83b857,1,4bb7155e3b9b96ca2696edc357ea8dde,7142540dd4c91e2237acb7e911c4eba2,2017-11-26 22:27:28,74.90,16.28
c177f5a6ca27ad47cffbbcddbb6abee8,1,7bdb28a55646012fb3348058d629d9bc,d23019c84ffae2d5ef2270367b8605fc,2018-08-27 20:05:16,59.90,46.72
c1f39bb1d57f413cc9d3086d546b3866,1,978ea005bbc57d3f9ee16f21056f7f63,cca3071e3e9bb7d12640c9fbe2301306,2017-09-18 14:30:32,89.65,13.65
c20889d460a5439e1529017fc9a867da,1,863c8ced004542495e1025bb14124580,3d871de0142ce09b7081e2b9d1733cb1,2018-01-25 14:16:21,89.00,13.64
c22857ca01052cca0c4dea70902c5a92,1,57d79905de06d8897872c551bfd09358,ea8482cd71df3c1969d7b9473ff13abc,2018-01-23 22:30:04,29.99,15.10
c2dae969e4d48f3afc69a5503b48bed1,1,43b069f855679eb3d3589e55dcfe968e,79ebd9a61bac3eaf882805ed4ecfa12a,2018-01-05 10:49:24,14.90,27.25
c2dae969e4d48f3afc69a5503b48bed1,2,6ddc8b938d09dc6cdc48aff7252e5f0e,79ebd9a61bac3eaf882805ed4ecfa12a,2018-01-05 10:49:24,14.90,2.94
c32264206a3adeaf75964372f602b40a,1,6d8a7c569e0db81df2d1589bc7c9af4e,128f9bfbe4c7d5185033914b1de3d39a,2017-12-01 12:31:22,82.00,12.53
c35c0040e09990a95e79c617fafe8c10,1,8d4ff8de5e399964646ef5f4ee698076,1336efc61c316ddf92c899eb817f7cae,2017-07-19 19:50:20,18.00,24.43
c35c0040e09990a95e79c617fafe8c10,2,589d0ec4c794dd688991c0f539f9e015,fa1a9dec3a9940c072684a46728bf1fc,2017-07-19 19:50:20,20.90,16.29
c36b4feac86d66f1ad82c82c388f187e,1,24fffbd0188d2b7ceb351214c514b28c,620c87c171fb2a6dd6e8bb4dec959fc6,2017-04-11 10:23:21,279.90,16.13
c39256279451486ab6eed803a7c5b094,1,f582884ed8bb76a4b6317b8c9e966d98,994f04b3718c2bab35c2adfa8afecd2a,2018-03-22 19:30:30,119.00,17.74
c40180549a3a3bdff8f27b84bfff14ba,1,ead3077a141a9c800d6a4bb9d0d415b6,b2479f944e1b90cf8a5de1bbfde284d6,2018-02-28 13:35:27,21.99,25.63
c45e4de164ec4d68c64e752d6728e249,1,778f8850980a158eafa6e7555c085ea1,83deb69e889cf80f82be1dc6d5f2d486,2018-03-28 02:49:53,184.90,24.22
c4a8083dac0f37da8bdc5db37c89bdcd,1,7564c1759c04fc0a38f2aa84f7a370ee,6860153b69cc696d5dcfe1cdaaafcf62,2018-05-25 08:30:48,42.99,7.27
c4a8083dac0f37da8bdc5db37c89bdcd,2,7564c1759c04fc0a38f2aa84f7a370ee,6860153b69cc696d5dcfe1cdaaafcf62,2018-05-25 08:30:48,42.99,7.27
c50a61769f40b372bbbd80499c805d9a,1,3a362c0e7f9a69276e2d95869a3e143b,c70c1b0d8ca86052f45a432a38b73958,2018-07-11 02:55:13,110.32,8.03
c5d4823acfd714b139d9a100c0234122,1,d065729477709c73459cad1d32cf311f,4a3ca9315b744ce9f8e9374361493884,2017-08-10 12:50:14,72.50,12.01
c62a1e40bd0ccc29edbef8925947bb37,1,a92930c327948861c015c919a0bcb4a8,6560211a19b47992c3666cc44a7e94c0,2017-12-27 19:15:24,78.00,15.30
c6b9d35e4e9ddeeeeb374acaf98dbf2b,1,b79361867edbe85462b548334d136a8a,e24fc9fcd865784fb25705606fe3dfe7,2017-10-03 22:14:24,150.00,26.33
c711d7f26c4563f427379e7ed3bfdc51,1,466d5f5de92846a9674f3b34b3b922ad,cca3071e3e9bb7d12640c9fbe2301306,2018-03-30 11:28:43,89.90,23.21
c7820995dbe03c41044d23a03179a74e,1,332795c0c3303ebda469c7945fe1a1a7,9d4db00d65d7760644ac0c14edb5fd86,2018-05-11 10:31:15,89.88,9.54
c78b46b9e5371e47b97a2bb7eb4740a3,1,764292b2b0f73f77a0272be03fdd45f3,bd23da7354813347129d751591d1a6e2,2017-12-29 17:29:00,89.90,11.83
c803c517b7b4203209bc317a912728e4,1,262573ecc3b4b8c70a61fbc90671efa4,e5475dcab1e07b63d7f6e902d8f5eda8,2017-11-03 03:06:35,48.00,7.78
c89639dcbe79b6451bdfa3143a968d57,1,3a264b078bf20e98f315ff65c23fa263,46dc3b2cc0980fb8ec44634e21d2718e,2017-07-31 21:43:35,349.99,18.70
c8e75378d45ac6daae73b7ff2d236798,1,a1ead9010030ade9a219495543cd5c48,9f505651f4a6abe901a56cdc21508025,2018-07-06 17:31:33,60.00,11.44
c8fe12f276a71635e2f929eac9d2d21e,1,cd1db0c97e4b3644bb52432611e09c58,e8f6dc8e6a1dcde89d20e3995c8d90b3,2017-10-27 13:10:16,105.90,114.39
c95f74e4997a96f046a9e40e4d8726de,1,d475247b8adc9f4c339da83abee9a351,751bdc4d83a466c7206cd42e8f426b03,2017-10-30 03:49:46,99.99,14.45
c95f74e4997a96f046a9e40e4d8726de,2,d475247b8adc9f4c339da83abee9a351,751bdc4d83a466c7206cd42e8f426b03,2017-10-30 03:49:46,99.99,14.45
c97b6271a445cec849420383547b34da,1,83aae8023b8feda53259f63e0ec06390,715bbd5ba4e6b74cb0d2f29eb45058b0,2018-08-10 20:35:22,89.90,18.93
c99763ba8bcad2845131b6e9d2f203fc,1,3ba33cff9875e472a110e56e1db299bc,7bcd7c5f8631701474db233ccf1c094b,2017-09-04 18:04:34,39.00,15.11
c9a9cfcae27293ffcf7a40ce1e34f18f,1,d9965bb41ec6a56e7cfc31ede4bc4276,76d64c4aca3a7baf218bf93ef7fa768d,2018-08-03 16:45:14,44.90,22.24
c9c0bd3b9db92cebece12e761bb8454c,1,3ec7c8f47e7cd1e67a54c90edf527b5f,41b39e28db005d9731d9d485a83b4c38,2017-09-18 08:50:22,54.90,17.63
ca843d205ec288c96c0133bc678c44e8,1,c4ed2d82da509c490c6bb95f55cb4d7c,897060da8b9a21f655304d50fd935913,2017-11-21 09:30:22,41.56,15.10
cac1850fae99ea24a8186fad4db365bb,1,9614dd0585b52cd086cbdcc2dd5fcda4,7a67c85e85bb2ce8582c35f2203ad736,2018-05-16 08:35:11,69.99,8.88
caeae132e3ebfb4af85f98f054c37ef6,1,55dae7585569be721ef89eba4379e38b,7a67c85e85bb2ce8582c35f2203ad736,2018-08-10 03:10:31,75.99,11.55
cb4468949989bffeeb1d3aa03efb25d0,1,6c3effec7c8ddba466d4f03f982c7aa3,37515688008a7a40ac93e3b2e4ab203f,2017-11-29 23:33:42,24.50,15.10
cb740e05716c376f1e99f0509fad75c7,1,df4495e4ea59aae2f22d349cf4b9ab19,4e0d109ccfba9a1151c103049880c857,2018-06-08 17:50:33,180.54,53.39
cbdda7b3592588a17fa43ca6c7300e72,1,629cd04871a85607710a2bc120766c0d,515d781150feed28a6ac091bb0e3cb8c,2017-05-05 05:33:26,156.99,25.95
cc798828f930d073a9b9592d56bd167c,1,c0f0a0118a333081ca6786f7661c3853,2d50d6282f8aa2257819a77bfaa0efe0,2018-01-24 16:16:54,105.00,12.23
cce2ceb2a8ee779a15975a90e6063cab,1,58efb9b638561ce132216a9a612513e2,701938c450705b8ae65fc923b70f35c7,2017-03-23 10:58:02,103.97,47.77
cce3f49cd454ef2ad2924bc694eb1df8,1,2c23d4e9b76629ed407ba453e405034f,8444e55c1f13cd5c179851e5ca5ebd00,2017-12-21 16:31:10,79.90,13.58
ccfe85ff3893b9efe8d101891fdd40ee,1,8e3a9b154a86602302ce789b9eb8b6c7,06a2c3af7b3aee5d69171b0e14f0ee87,2018-07-03 17:10:37,119.99,39.11
cd30b79021e46fbfccaacd57ffbaca5b,1,0e2d52789a024cfd6f9204778320a8e5,f181738b150df1f37cb0bd72e705b193,2017-08-18 15:23:53,219.00,22.19
cd7d5eba4ca59e359249279469aa4f7a,1,4298b7e67dc399c200662b569563a2b2,4b5f66b7adcf57f1ecc0d3c07dd6b177,2017-04-04 02:10:41,149.99,15.22
cd833669dc6a68cd473eac313fe69a6c,1,5ad2c4859aad6ecebd816a300d34f326,12b9676b00f60f3b700e83af21824c0e,2017-07-20 13:15:21,199.00,25.94
ce5f998d724ed1ac61c890e33b24a33f,1,4ea626d476d64c8230844ea3ae17c3b9,a673821011d0cec28146ea42f5ab767f,2017-12-04 01:31:28,99.90,23.77
ce5f998d724ed1ac61c890e33b24a33f,2,50e1b118f266b655f613f753914c42db,1835b56ce799e6a4dc4eddc053f04066,2017-12-04 01:31:28,39.99,23.77
ce8a790838d6b4304ddde9481438c679,1,f09b7fd613031e630e7b5cf9911c0318,3d871de0142ce09b7081e2b9d1733cb1,2018-01-22 18:31:06,89.00,17.87
ceb7321e8e4db328b230a89f90e72014,1,1c21c1ed398eae61184065889ca3d4b0,a3e9a2c700480d9bb01fba070ba80a0e,2018-04-16 18:31:10,69.00,14.57
cf774fe62d37125e7b9638ef68f872b6,1,2028bf1b01cafb2d2b1901fca4083222,cc419e0650a3c5ba77189a1882b7556a,2018-01-08 07:27:24,56.99,15.84
cf8565a85deb141e6113476f67622a70,1,e53e557d5a159f5aa2c5e995dfdf244b,88460e8ebdecbfecb5f9601833981930,2018-05-04 13:15:24,79.90,22.27
cf8ba6c5f0ac149f8e8f55217c47e967,1,4c3063dd985fb11ee11451d3bf7a99b0,955fee9216a65b617aa5c0531780ce60,2018-05-21 08:31:00,750.00,19.34
cf96b3a15cf1f61c5398ae91f1cbd75f,1,c4baedd846ed09b85f78a781b522f126,a1043bafd471dff536d0c462352beb48,2017-10-22 22:28:19,99.00,38.53
cfe2129968372224ea392ad47c0d5b02,1,b363ba4802d9eca552da85a1125747eb,b92e3c8f9738272ff7c59e111e108d7c,2018-01-29 10:09:24,149.90,72.90
d032dd122bc93c30a420b6ee101c7f69,1,9f1c3e71d56894398a42b050b07f1baa,92eb0f42c21942b6552362b9b114707d,2018-01-23 09:30:54,12.77,15.10
d0aed2ea0f3d1f9911ee36b795ccace5,1,1a980a10bed1d765e2eb2ad3608a63a1,dbc22125167c298ef99da25668e1011f,2017-11-23 12:50:26,36.90,16.11
d0e7875fcf8fa009f5295ad397fc7e18,1,cf5fb18f3ac3f373759295cc8ba3e2c3,1eade46fba20122dc4aefb379f8c636b,2018-07-24 17:55:21,100.99,15.02
d11fc5b9e5bf7a0c4ce41b04a59f0154,1,1b7b45fba5ad23e8117914f8b36e6772,70eea00b476a314817cefde4aad4f89a,2017-12-21 10:51:29,159.90,16.75
d11fc5b9e5bf7a0c4ce41b04a59f0154,2,1b7b45fba5ad23e8117914f8b36e6772,70eea00b476a314817cefde4aad4f89a,2017-12-21 10:51:29,159.90,16.75
d1373152bf63d51168f41cbeba3663a8,1,4b5e26931a0b0d3a690a3f520329a975,955fee9216a65b617aa5c0531780ce60,2018-02-16 19:08:34,210.00,50.00
d15975c69a074c65aecad997cbc6b748,1,4845d1421cd53de09a405f5f869add3c,17306570e772e7718c92a562d33f5f1d,2017-04-10 05:55:35,109.90,18.71
d15975c69a074c65aecad997cbc6b748,2,f05901e010ebaa3924276751a35e6004,4a3ca9315b744ce9f8e9374361493884,2017-04-10 05:55:35,59.90,6.45
d16b2207d93383dc91aa5da54cec3d0a,1,99a4788cb24856965c36a24e339b6058,4a3ca9315b744ce9f8e9374361493884,2017-11-30 23:13:14,89.90,16.26
d170580dfcd364efdb0c94f51bac0fc3,1,8ce0b48cdcc4b753ae4de64497998338,75d34ebb1bd0bd7dde40dd507b8169c3,2017-02-13 13:18:01,131.99,18.05
d1a22a39de10a881fa47a509a1a9073b,1,7787f84dcc43ef95552cd95d2c86f418,6560211a19b47992c3666cc44a7e94c0,2017-11-30 20:53:47,49.00,15.10
d1a26dc0c31e929049044b86a868c08e,1,5a7373ba4c9b3e13513ded06cd1986c4,e9779976487b77c6d4ac45f75ec7afe9,2018-02-20 12:47:32,39.49,11.85
d1ea55f7318ed68dab3622af81e15141,1,8d98dedc3c19de17f1a090195e85d6b6,fa40cc5b934574b62717c68f3d678b6d,2017-08-31 20:10:20,49.90,15.10
d1f7b8ef7a59b18de8df95b7b8073a5f,1,ce6f74096c84567f22728c84f3d6e7fc,8160255418d5aaa7dbdc9f4c64ebda44,2017-12-21 11:50:34,104.90,19.97
d22be2a4da2ca6e4cf8f164d63f5be02,1,aca2eb7d00ea1a7b8ebd4e68314663af,955fee9216a65b617aa5c0531780ce60,2018-03-06 21:31:40,69.90,20.98
d250f8e317f2d2e56ae505561a800dce,1,1dc7685f4fdb9622d84ae2ec658d5bbf,897060da8b9a21f655304d50fd935913,2017-11-13 04:30:36,199.00,13.73
d25eb73c856b09c77cd7dd09d9a488c2,1,3591b4602bb8316dd178c98a97c29454,dfc475d54e1b6dbeeb7d7d9bdaa63827,2018-07-25 10:10:15,85.39,27.55
d263c89354a73314488491185858af42,1,92ee7c820f6eb0c532ecd94508e3cc29,5f0057b677eb963672bf05dfa3f16c34,2016-10-15 05:03:07,24.99,10.96
d37320918ed46f4cd29a218da930fb0c,1,3fc18e3aefe7b9346bd15de863fa0365,53e4c6e0f4312d4d2107a8c9cddf45cd,2017-11-29 23:31:30,69.00,13.08
d379106e33d9ce768889ef816526d215,1,c7b3cf9de7be95b3e09e7a63315685eb,5dceca129747e92ff8ef7a997dc4f8ca,2017-05-09 15:10:17,79.90,20.64
d411b203fa5c4b8dee5012ebe23cd3b4,1,62984ea1bba7fcea1f5b57084d3bf885,c3cfdc648177fdbbbb35635a37472c53,2018-06-29 12:08:20,169.90,28.14
d412e855fc7d9c1019d9fcec73c0f7c6,1,9d99a79d596f4a054c7ace6068b446a7,4917cee8d902e13428c3ec4b1ca6f315,2017-10-03 22:10:21,154.00,40.07
d441b72d920571f8ac2d3c847eee6e47,1,f5f0b722d7662e8939727fb49e45d046,fa1c13f2614d7b5c4749cbc52fecda94,2018-06-14 21:55:22,669.00,23.65
d470b00bc3d705453cd02a793aaddb07,1,25f86162fee18735fffdb762dcb10d7c,1a3df491d1c4f1589fc2b934ada68bf2,2017-07-28 02:22:47,159.90,14.99
d49a2214238550c6f2fc4e5bfc7d92da,1,db51982bc43b26164c29605b8ed140d6,2138ccb85b11a4ec1e37afbd1c8eda1f,2017-05-05 12:03:18,32.99,14.52
d51e56e6a1d66d3b91bf2334a386cd69,1,f5b952758d88a5995ae5c8208a63b913,dfc475d54e1b6dbeeb7d7d9bdaa63827,2018-08-22 21:15:14,135.00,22.25
d54bea5ba90238aa83323565749538a1,1,cda8b19a05af621d957a97a979b6fa9a,c510bc1718f0f2961eaa42a23330681a,2018-04-26 18:30:53,2110.00,154.90
d5b7a3030feb818d49d955a32425d329,1,860dd3635c61aba2d7ddea90b7d471b2,8b2492b7ff4468839593fafeed55bad9,2018-04-04 17:55:32,87.51,18.49
d5ca15179b0ee9c4d3720776ad896416,1,07fe9ffbb84b9d22610d79efb16e81a7,e84ad2127668df3aafc6b73531a0beb8,2018-07-25 17:24:26,65.00,7.72
d63ca971879bcbc2bc28cb2b4a8d1c52,1,8c591ab0ca519558779df02023177f44,a1043bafd471dff536d0c462352beb48,2017-11-07 04:15:26,89.99,26.25
d69e5d356402adc8cf17e08b5033acfb,1,cae2e38942c8489d9d7a87a3f525c06b,cca3071e3e9bb7d12640c9fbe2301306,2017-02-26 01:28:47,149.80,13.63
d6e3a9f9be1350d1e2bb6e25e8bfd05d,1,9314e4d46aeb2c297e05d4ed36365efe,c3cfdc648177fdbbbb35635a37472c53,2018-01-24 23:29:57,89.90,9.84
d72f1372279cc7f3656e8253e755ee79,1,4f1a7a45b6d43fa7e4958e013923d9e5,ce248b21cb2adc36282ede306b7660e5,2018-04-23 05:51:15,61.95,23.36
d7646ffe8fdd9e7d9557f9f7cbf04530,1,afb4b687981fad8723f84510c57c84bb,2a84855fd20af891be03bc5924d2b453,2018-05-10 15:10:22,69.90,8.64
d80251514bbd83a5bb165f6e5667c6f2,1,7b44e5ea770ef06810f5df89006cc8b2,c003204e1ab016dfa150abc119207b24,2017-12-18 00:18:32,87.99,71.90
d84ce4acc4a19690d7a7b6f5df4d3023,1,35afc973633aaeb6b877ff57b2793310,4a3ca9315b744ce9f8e9374361493884,2017-07-19 16:04:46,89.90,12.13
d84ce4acc4a19690d7a7b6f5df4d3023,2,99a4788cb24856965c36a24e339b6058,4a3ca9315b744ce9f8e9374361493884,2017-07-19 16:04:46,89.90,12.13
d884aeded7a463f237549f42945b729c,1,0b9d32c4f39a77eca7f39c5b69ebc690,827f8f69dfa529c561901c4f2e0f332f,2017-05-22 08:42:18,35.90,15.10
d8e266265b5aa8df57f13a4fe58ee38f,1,40e8b425d1a26e2d9cb77363523e05ce,d93919c944be9cff128f6c9cb899eacb,2018-02-15 15:27:26,79.90,26.88
d98fa029a1d4f7a477678c66f0a5d780,1,d6dc2dcbb3ef25e47ef82f3c013ab820,1025f0e2d44d7041d6cf58b6550e0bfa,2018-04-24 15:11:25,225.00,19.65
d9d6038fc6b49e88d43af0a6d43f0846,1,417e213344336988e562ccc3975987f4,40d54b51e962dbe09cabbcfd33298dee,2018-05-03 23:30:28,262.39,12.46
d9e98b1f6961932f22bf340d0153bbad,1,be6ae1b41a4ba652f1947e0fae960d44,f435898e493ba0356019a0b1cb8b55b1,2017-10-13 13:35:21,235.43,18.90
da19f73a444dea9507b737d32d8eef61,1,4ece875799f8eacb00dc13e93d0a2fd0,522620dcb18a6b31cd7bdf73665113a9,2018-01-08 11:11:06,499.00,18.24
da28a815dd7996590e84c9e51dec1ff4,1,80736543f7c5c511bccb61d1544d9d0b,4a3ca9315b744ce9f8e9374361493884,2018-07-25 16:00:13,107.50,17.88
da95f8b22acd8e17362c16bf0eb86714,1,543afaf83c3e39a4c4a6df503b65ff58,05d2173d43ea568aa0540eba70d2ca76,2018-05-16 11:09:02,36.19,22.06
dad4408fb39e21cd4dd146ccf6c9d621,1,fbc1488c1a1e72ba175f53ab29a248e8,ef0ace09169ac090589d85746e3e036f,2018-06-21 16:59:50,119.50,22.77
dad4408fb39e21cd4dd146ccf6c9d621,2,fbc1488c1a1e72ba175f53ab29a248e8,ef0ace09169ac090589d85746e3e036f,2018-06-21 16:59:50,119.50,22.77
dae97a1f0f8cafc4d646231f0d04fd88,1,7b83c11ac78f11bde67542beb12e8163,431af27f296bc6519d890aa5a05fdb11,2017-06-12 21:02:44,49.90,12.69
daf610999defe00407d9c3178f42b819,1,e7f85e7f0203b7b95cc1b4c21b4b070c,ceaec5548eefc6e23e6607c5435102e7,2018-02-13 18:31:03,269.00,17.59
daf610999defe00407d9c3178f42b819,2,e7f85e7f0203b7b95cc1b4c21b4b070c,ceaec5548eefc6e23e6607c5435102e7,2018-02-13 18:31:03,269.00,17.59
db450aca52c200c9c1c1d9cf4dff0338,1,f32415d23c358ef1e387a7d329d9ce9f,3586b8580d9c917874e053a1bb37b5ff,2018-02-08 09:21:25,36.90,17.92
db70f8a5634ca9a20586be3dec6ad653,1,3731dd5544cd9646d73050e946641da8,5c6d4016c2a288f074fa0848a2b653d2,2018-08-07 02:10:08,82.00,13.87
dbaaa77999c0f5d953d543efe0f080f9,1,99e57d3d6efd7ba6f8eaf59bf456179e,2199e7fe213c16213bf5d6a7eadc9a5d,2017-07-24 18:25:19,22.62,12.69
dbd8e1a6d62bae210e6a42ed8bcf8d39,1,91442659f31ec0f0fc73215e77854fac,6560211a19b47992c3666cc44a7e94c0,2018-06-17 23:18:38,55.00,15.49
dc2b85f0ddea6ef19805bc5d4d599c53,1,99a4788cb24856965c36a24e339b6058,4a3ca9315b744ce9f8e9374361493884,2018-06-12 19:12:22,79.90,14.65
dc3d2c21652c9d91fa3b1f74a3a68ae3,1,35f2f253dd0f52362515bb0394741a84,fa1c13f2614d7b5c4749cbc52fecda94,2017-03-28 09:55:14,1949.90,17.01
dc771d8720de3625596eb0b0fa043528,1,1da4613d4f7e10e1554538b46dd16486,3d871de0142ce09b7081e2b9d1733cb1,2017-11-21 15:47:57,109.00,18.01
dc82732094ba2671604e8a318714bb78,1,4c6826f47a7d1a0e3f48b885170f4fc3,59b22a78efb79a4797979612b885db36,2017-12-05 14:29:36,169.00,22.23
dc87bada73c00ce3e2e2c2b985c9c647,1,93313b383b80d53b94696afeb5dd2749,34056b8b55c1775a22af2331670a799c,2018-04-19 10:11:20,124.80,19.84
dcad23c1f8ff76266e355d173380b1eb,1,f111bc943c81722e3b96cb1d089026fb,5d0363b33554b373851fc1622e4d5f3c,2018-06-25 04:16:47,99.00,44.49
dcb965b6963d2375946c5b2eeb316e6a,1,a62e25e09e05e6faf31d90c6ec1aa3d1,634964b17796e64304cadf1ad3050fb7,2018-05-16 10:35:26,105.00,14.66
dcd05d9cb9629d8ee695cc3f2e030bf0,1,f5b0aa2b1c596d29597ba3226353fce4,8f2ce03f928b567e3d56181ae20ae952,2017-10-12 22:25:08,99.90,21.19
dd0873e10bd3c63b350df2fb55bbbfb0,1,4ae634441e444ca4bc85903cafe98d73,92eb0f42c21942b6552362b9b114707d,2017-06-14 02:50:37,11.99,25.63
dd1bd072c709a5e654fd047560eba5aa,1,ae5cad88462eb7b7b61401e31c45618e,ce27a3cc3c8cc1ea79d11e561e9bebb6,2017-08-29 23:06:54,15.00,15.10
ddea5624735479277afba6faccdcc28c,1,09c8fe71fdb3bdb84e52b1f33f89040c,ef506c96320abeedfb894c34db06f478,2017-07-20 08:30:18,49.99,14.10
de55aaef46848b1f0c47093ba2430a27,1,b2a11c072dedfc137aa2393bb4a2c8ea,6edacfd9f9074789dad6d62ba7950b9c,2017-03-31 12:14:50,66.90,11.08
de7160c97baceae5b576f3266f6b5752,1,b7a89537c40b1f5a18b5ba75dbb91cbe,a13aaf2d2886ab9fb30fb9a920160b8f,2018-07-27 11:30:58,247.88,20.93
ded4e6e4d721200bd599d81e5b29901f,1,e37d07fe13615c6846d4b3911415d963,5c3460cd3e8a984382ae254e7dd20d9f,2018-02-28 21:15:33,148.98,16.80
df30286452a2054192bfb48c75e6287b,1,41801d2ed5124923137ec39aeeea1e93,3be634553519fb6536a03e1358e9fdc7,2018-03-05 03:15:42,59.90,19.91
df413df02c32f319cb51828513261aff,1,6a3bbf3124c96579f7cd0b2519490cd2,6fd52c528dcb38be2eea044946b811f8,2017-11-03 18:28:19,168.98,14.20
df49de84ab3bc9177615784feba35c12,1,dce4459168283eed926d7af76ba39e02,7d76b645482be4a332374e8223836592,2017-10-26 17:28:19,14.90,21.15
df5c6aca62db71fbe451c0408bde2817,1,2d4910ed534d58d6b37408bb5bd46c0f,32b8764b4ef628b53608fc34011fcc13,2018-06-08 12:14:45,259.00,121.20
df906ca18e91f3bf9c6f0c2a41d54a94,1,93a12c289ca2b78e7069e469f5053ef2,88460e8ebdecbfecb5f9601833981930,2018-04-12 13:30:17,129.90,14.03
e0942435c7d11eaa9417d35a47694b1d,1,da1cfaaffa7720fe28f26f18d52f5ad9,0ea22c1cfbdc755f86b9b54b39c16043,2017-05-25 02:35:08,39.90,16.79
e0c8a0e62ecd027577c1cfdb38c8f1ee,1,3bbacbe586e957acbf26c63b3ed532a3,729f06993dac8e860d4f02d7088ca48a,2017-07-20 10:50:25,144.90,21.50
e13c7d85f07a4e00c383115a154dcc39,1,36e0d84a068074deed2e9b527917f468,1f1bb1f0859883505541bdd6606193e5,2018-05-09 18:30:32,949.00,12.48
e13c7d85f07a4e00c383115a154dcc39,2,bf7f941911c1e02d8dd6c637811b6127,1f1bb1f0859883505541bdd6606193e5,2018-05-09 18:30:32,1230.00,16.50
e1621bf755f6bd6cd7a8969768f6b2d6,1,6f19f41a7c7ac7e45f4070d07ed80a75,75fbb52eda0cbc24f479d3b2fbfa8d3e,2017-09-28 20:15:13,19.90,25.63
e1bf61ad2edc26abb98c7d7f4a8dc47c,1,b9754f9e21b6e6960b37594d4387fb1c,681fce914360217db47784ae28905a96,2018-04-26 19:30:56,385.00,22.74
e1f72316055b5f5da7834780f994d6c7,1,f264c1d9b20b5e4a340254d0405e613b,7a67c85e85bb2ce8582c35f2203ad736,2017-11-30 03:11:53,72.99,11.73
e20a706ac55f135718368acf3c333dc4,1,94475071013412139f862c0bd7e3bb37,955fee9216a65b617aa5c0531780ce60,2018-08-07 22:35:17,42.00,17.22
e243d2b9a888be9451926d6053edf2a6,1,990d135e28e075648cb7d83198fdccf4,d9bd94811c3338dceb4181f3dbc0c73e,2018-06-06 20:50:09,77.98,16.52
e269b2472c0546324acf4d09dd7acfab,1,c5b72065154ec27c2d1ed8a654c3348f,b33e7c55446eabf8fe1a42d037ac7d6d,2017-11-29 22:59:39,190.83,16.09
e26feee700e28b2867a3e8d6f2b644b3,1,a3807506fd9df35137f1b81a4e0d429a,054694fa03fe82cec4b7551487331d74,2017-03-15 17:55:22,589.00,81.85
e3143ad1af7d0f2878a66a1cd565e4a2,1,87cb507e0daa37bbf34956fd59eba832,6560211a19b47992c3666cc44a7e94c0,2018-03-13 13:48:13,29.00,19.04
e348340be1b89ce72632697b8fb283ea,1,f71973c922ccaab05514a36a8bc741b8,5dceca129747e92ff8ef7a997dc4f8ca,2017-06-06 06:50:51,89.90,21.28
e3c64131d3d2295829639be7b74a6533,1,44e086c4a977f37a888627b43880586c,f5a590cf36251cf1162ea35bef76fe84,2018-04-09 05:49:07,59.00,18.29
e3dc8fab0cf7aaea9a75decd180dcd8f,1,fa66c43e63966d8b1770f6df326e05fb,729b2d09b2a0bdab221076327f13d050,2018-03-05 11:30:51,22.90,15.10
e44ab38a09c7c1c8491ba831c5527914,1,770c257cdfc072fb50ebf2bbd6696fe1,f3da5b2ff499efb8d4a6d371d175d7dd,2018-03-06 10:35:42,69.90,15.24
e4a9759ef4977b2303b79da089cc865f,1,e357a8646a17191f03fd9f833a0fa29b,bd23da7354813347129d751591d1a6e2,2017-11-03 19:06:16,99.90,11.90
e4e3babab4d0f208cb6963df2458709d,1,fb55982be901439613a95940feefd9ee,3d871de0142ce09b7081e2b9d1733cb1,2017-12-06 13:56:38,79.00,13.57
e4fa46e65ad5c0c84cffc9dcd3176c66,1,146eb6d2e5e311d926d672b5b25d3f4a,392e0502231ae2f8b29994ef6398cd77,2018-03-08 13:55:35,109.90,21.26
e5100188966a71404b1ac65f51487cb4,1,caa41bf17e27022341da028e79152c4c,f84a00e60c73a49e7e851c9bdca3a5bb,2018-06-20 21:31:34,46.40,16.52
e55e8c9f6f33a8562db1430444f22092,1,f100f4ee5e2b55d163a3f7c300c24d26,a69aa24cec11168e7e39a3fbc727e925,2018-06-21 02:17:48,39.99,18.44
e67f76501c34f4adb5587ee50a6474c6,1,d3fe643e9d50205d020e32aaf5eea00d,282f23a9769b2690c5dda22e316f9941,2017-08-29 18:06:53,64.60,21.25
e6e3ea418f0f343e88a3dc62eaf24699,1,7659404ade89460a4be1c11ac47d5f2c,2e1c9f22be269ef4643f826c9e650a52,2018-03-20 02:48:54,53.49,7.39
e7edc87c7e9b1ae5ef04110fba7debf1,1,bb50f2e236e5eea0100680137654686c,f7ba60f8c3f99e7ee4042fdef03b70c4,2018-04-30 03:33:19,330.00,17.87
e7edc87c7e9b1ae5ef04110fba7debf1,2,a0cd083b8a1be0f8c310806e72bf47f3,f7ba60f8c3f99e7ee4042fdef03b70c4,2018-04-30 03:33:19,188.00,14.30
e80668d1356f3b4f4c77cbdb452adb7b,1,21767347dfdabbe42b3ca5846a4cdb48,fa1c13f2614d7b5c4749cbc52fecda94,2017-10-30 13:07:26,334.80,16.09
e884a5f13002803a9e393c21d0c1b257,1,e15cee02291017f6f12b4115ffb417e6,391fc6631aebcf3004804e51b40bcf1e,2017-08-22 13:30:18,24.75,17.92
e884a5f13002803a9e393c21d0c1b257,2,e15cee02291017f6f12b4115ffb417e6,391fc6631aebcf3004804e51b40bcf1e,2017-08-22 13:30:18,24.75,17.92
e884a5f13002803a9e393c21d0c1b257,3,e15cee02291017f6f12b4115ffb417e6,391fc6631aebcf3004804e51b40bcf1e,2017-08-22 13:30:18,24.75,17.92
e8a7971efe578b8e5a140c59f190c52b,1,4b96786612ebe7463132fce2c4dca136,d94a40fd42351c259927028d163af842,2018-08-07 14:55:13,129.00,67.49
e90ec4b6b234181833371ada5474c96b,1,f2b264b1a4602b87d64eebefc899c1d0,1b8356dabde1d35e17cef975c3f82730,2017-04-27 23:02:15,79.99,15.77
eaaee645b1c3232e02feea76ef993a9e,1,aa5a88580b8e6e569915aa42f1526dfc,8931a84a914b3fe9b1ddaa4d704947ca,2017-05-18 02:50:30,69.90,15.24
ead4a4f0272fc900657829676e8d963d,1,caa526308abc9a77d0c56869139dbae9,6061155addc1e54b4cfb51c1c2a32ad8,2018-06-26 10:15:46,19.90,7.40
eb188a175542057d90b3ca5628b7b5a0,1,e251ebd2858be1aa7d9b2087a6992580,001cca7ae9ae17fb1caed9dfb1094831,2017-02-22 23:26:24,99.90,14.87
eb188a175542057d90b3ca5628b7b5a0,2,e251ebd2858be1aa7d9b2087a6992580,001cca7ae9ae17fb1caed9dfb1094831,2017-02-22 23:26:24,99.90,14.87
eb188a175542057d90b3ca5628b7b5a0,3,e251ebd2858be1aa7d9b2087a6992580,001cca7ae9ae17fb1caed9dfb1094831,2017-02-22 23:26:24,99.90,14.87
eb188a175542057d90b3ca5628b7b5a0,4,e251ebd2858be1aa7d9b2087a6992580,001cca7ae9ae17fb1caed9dfb1094831,2017-02-22 23:26:24,99.90,14.87
eb188a175542057d90b3ca5628b7b5a0,5,e251ebd2858be1aa7d9b2087a6992580,001cca7ae9ae17fb1caed9dfb1094831,2017-02-22 23:26:24,99.90,14.87
eb30ff356b044cdd6749167b9690434c,1,1bfb290d7273a442c874dbe74b4abae6,7c67e1448b00f6e969d365cea6b010ab,2018-08-24 08:35:14,69.99,23.20
eb30ff356b044cdd6749167b9690434c,2,1bfb290d7273a442c874dbe74b4abae6,7c67e1448b00f6e969d365cea6b010ab,2018-08-24 08:35:14,69.99,23.20
eb30ff356b044cdd6749167b9690434c,3,1bfb290d7273a442c874dbe74b4abae6,7c67e1448b00f6e969d365cea6b010ab,2018-08-24 08:35:14,69.99,23.20
eb54462c208a5481d2af421ca4f66780,1,ead3077a141a9c800d6a4bb9d0d415b6,b2479f944e1b90cf8a5de1bbfde284d6,2018-04-19 12:10:51,21.99,18.23
eb54651b02b959e50ba4adaabeedfe80,1,2f13610363de5834c81405b88f4b8b57,ac3508719a1d8f5b7614b798f70af136,2017-12-11 11:30:43,379.90,20.90
eb6b32a82d2459d0ce7f2089f9eba0f2,1,78efe838c04bbc568be034082200ac20,0241d4d5d36f10f80c644447315af0bd,2018-05-07 03:15:51,99.90,21.78
eb808f17e12419314395e5309b23258b,1,4c2394abfbac7ff59ec7a420918562fa,cc419e0650a3c5ba77189a1882b7556a,2017-12-01 03:10:53,84.99,15.35
eba24b2dcc75d6fb248e917715a425d5,1,ff92322b0148cca0038e11e0d34f6f62,2e90cb1677d35cfe24eef47d441b7c87,2017-05-10 21:25:16,21.50,9.34
eba72fc69b4d8bb6893e635895a7bbf5,1,52e9413ed0d3e64b796aac2bc2291d50,7f2617c58d5d06806987308b45654351,2018-05-16 09:15:16,149.90,12.43
ec5cf2317f5141a62836da8e71586eb6,1,1b474c650cb9407d32a1e066937b68fd,4869f7a5dfa277a7dca6462dcf3b52b2,2018-03-21 18:15:29,212.90,19.37
ecd6c4b673e81e3ba899f65b2135ce70,1,c6336fa91fbd87c359e44f5dca5a90ed,4c2b230173bb36f9b240f2b8ac11786e,2017-08-23 20:25:21,39.90,8.72
ecd832254262868776a1381df4b0be02,1,0241aa4ed831b73fd4940ffd9cec20dc,e882b2a25a10b9c057cc49695f222c19,2018-05-09 18:35:23,533.00,47.31
ecfb623451269ac76a1469faf66dad27,1,261244fc4d0197d8772346872f5b0f5e,6c7d50c24b3ccd2fd83b44d8bb34e073,2017-11-27 21:47:36,37.90,19.23
ed0621902f725df643367f63deec991a,1,3f4a7c8646dfebf0d04ed19adab8e9cb,da8622b14eb17ae2831f4ac5b9dab84a,2018-03-12 08:40:30,149.90,15.14
ed130bb10da75cd0720fccd02487fed4,1,99a4788cb24856965c36a24e339b6058,4a3ca9315b744ce9f8e9374361493884,2017-04-26 16:22:06,89.90,7.54
ed130bb10da75cd0720fccd02487fed4,2,f2e53dd1670f3c376518263b3f71424d,4a3ca9315b744ce9f8e9374361493884,2017-04-26 16:22:06,109.90,15.08
ed159f7220fe49164a43fbf4fe3a15d1,1,dd1247b741df1771259ee7beb0e4b8fc,6560211a19b47992c3666cc44a7e94c0,2018-08-13 04:05:17,35.00,7.51
ed17f0572bc6ccdacbb220b282a6387c,1,6843fcf2daa799e469f08d9ded452d01,75d34ebb1bd0bd7dde40dd507b8169c3,2017-08-10 02:15:17,89.99,21.43
ed4a172213a7200e76de6bc76fc586d9,1,7c7588d9c0e7596f400f129e8bfecb03,3d39fbf22a665714baf62fae36029e23,2017-08-22 09:15:13,224.90,10.79
edcc020b94ba865d7254269e6cdca99b,1,d1a1d4253ec00fc08a3ae1c4125cb31d,fa1c13f2614d7b5c4749cbc52fecda94,2018-02-01 23:18:27,339.80,9.96
edcf1e1eeb52381be9388c90152be52d,1,6bb18295cc019bf3b6dc7c773411d530,04ee0ec01589969663ba5967c0e0bdc0,2018-08-27 11:50:47,289.49,24.83
ee1de1bcd287c6d9584b5e78d1b534be,1,777c0b09022d68979d7c489251a4c7a0,63b464dbf392c7b80d12d932fa7cafed,2017-12-21 11:18:23,179.00,17.99
ee24a4c9f2a2d7aa315838be51c92fd2,1,875e0d1c97176d76e9b04c98d06383d2,e8b4225284fbb02d16f200513f1f395d,2018-05-17 17:31:38,145.90,23.60
ee5f9143bf6915bc96a42c0034fd46ca,1,aca2eb7d00ea1a7b8ebd4e68314663af,955fee9216a65b617aa5c0531780ce60,2017-12-20 02:50:56,75.00,13.08
eed14d209dc537c9d99afb938efb2c0e,1,d04857e7b4b708ee8b8b9921163edba3,9f505651f4a6abe901a56cdc21508025,2018-03-27 02:49:06,67.99,14.52
eed22f145a76fd4bb9224e927213dd25,1,a0ef8572cd061badd81ffc48dc04d1fa,cca3071e3e9bb7d12640c9fbe2301306,2017-11-30 03:31:32,113.00,16.42
eedcf6db339a0b2ce303e615dceaee65,1,368c6c730842d78016ad823897a372db,1f50f920176fa81dab994f9023523100,2018-03-08 22:30:40,53.90,17.30
eedcf6db339a0b2ce303e615dceaee65,2,368c6c730842d78016ad823897a372db,1f50f920176fa81dab994f9023523100,2018-03-08 22:30:40,53.90,17.30
eedcf6db339a0b2ce303e615dceaee65,3,cec09725da5ed01471d9a505e7389d37,4d6d651bd7684af3fffabd5f08d12e5a,2018-03-08 22:30:40,69.90,21.63
eee77f4b54ff5aeb0312aa795fb9914c,1,dd6a505f83dd3c6326aa9856519e0978,fa40cc5b934574b62717c68f3d678b6d,2017-02-10 22:44:52,49.90,14.52
efa6ac6564b5e0edcfd63b95f47d8737,1,7fab1a1472fdd934397068931f63f3ca,3d871de0142ce09b7081e2b9d1733cb1,2018-05-02 11:55:11,69.90,13.85
efbb2bc2e3c82743c650b6bc29a722bb,1,58778cc2f8f189ca700491f7b17a0052,2138ccb85b11a4ec1e37afbd1c8eda1f,2017-02-21 08:06:20,19.99,20.40
efd626e6a12a82d76e456e34093f8356,1,fd25ab760bfbba13c198fa3b4f1a0cd3,6d803cb79cc31c41c4c789a75933b3c7,2017-12-14 20:51:05,185.00,17.05
f05061f4489d31233011621bd07caaf6,1,0a71a1f1eefa516fe0d1121e9ad00f75,daeb5653dd96c1b11860f72209795012,2017-11-17 19:30:45,23.90,14.10
f13f5fdf45611c82c2e37a20c065ddd1,1,e526c01c04bb7ef5ba2773baffcc85e9,f8201cab383e484733266d1906e2fdfa,2017-07-16 21:55:24,79.90,35.88
f19b9413f2deb98fbb76c8f57ca52a95,1,1c76b4e79bb358170ef2565779cecb38,aaed1309374718fdd995ee4c58c9dfcd,2017-08-03 16:45:12,23.20,15.10
f1b0d27b392edf2469778d8885fc2375,1,be751484da30a0a6f7ded2b640ee091c,7b98de631987e26dd6d803490c43a13c,2018-05-28 17:31:18,76.90,18.42
f1c5e5967b0cd0144bd3b56958f7da43,1,c72edc98e7d77f0c4c04ec80730c05f5,5b925e1d006e9476d738aa200751b73b,2017-11-30 05:35:43,79.00,11.76
f1c86b9191896bcf9077ec22b6248153,1,4debd977b5bc245487ec61b7961b16e3,92eb0f42c21942b6552362b9b114707d,2018-04-04 20:47:26,12.67,15.23
f1c86b9191896bcf9077ec22b6248153,2,4debd977b5bc245487ec61b7961b16e3,92eb0f42c21942b6552362b9b114707d,2018-04-04 20:47:26,12.67,15.23
f1d6313ed30c82ba1523aad41c60685e,1,2028bf1b01cafb2d2b1901fca4083222,cc419e0650a3c5ba77189a1882b7556a,2017-06-28 19:30:18,56.99,14.15
f1dd11aa9f95d84fd072504f9e6e2f11,1,cec09725da5ed01471d9a505e7389d37,4d6d651bd7684af3fffabd5f08d12e5a,2017-05-12 02:22:46,59.90,11.03
f1faa948ad7764d64dff89bdcd2b88fa,1,9a7c0784b8058269d176b3089c946ed0,1900267e848ceeba8fa32d80c1a5f5a8,2018-03-27 22:15:53,54.99,19.35
f1fbc76b5a7cfbf5170cba46cbc93c24,1,a6883f92891e256b926bf8b9c40fbe9f,70c27847eca8195c983ed7e798c56743,2018-04-10 03:10:17,148.00,15.92
f26fa27bb0f1337c570d70e32fc2e413,1,b2a40530065c5d88115cfa7560151794,808d4348b916efa08e766ebad39f61eb,2018-07-18 16:30:18,9.90,19.04
f28cf65c040ec0031234f04085debe30,1,c40b12e92be6aee40cc2adab6693820c,a416b6a846a11724393025641d4edd5e,2018-03-15 12:28:18,190.00,28.06
f2a150c813c1eb96fd1883c1ed8fd9e5,1,95e25af33821b9d231e06f1e7cd34d4e,bd4889b5e9133b35b66e42a8665cea5c,2018-06-25 10:31:42,151.98,31.93
f2b00200fa3b427fee60eb4fa811720b,1,422879e10f46682990de24d770e7f83d,1f50f920176fa81dab994f9023523100,2018-05-30 02:18:40,49.90,19.32
f2b00200fa3b427fee60eb4fa811720b,2,422879e10f46682990de24d770e7f83d,1f50f920176fa81dab994f9023523100,2018-05-30 02:18:40,49.90,19.32
f2b00200fa3b427fee60eb4fa811720b,3,422879e10f46682990de24d770e7f83d,1f50f920176fa81dab994f9023523100,2018-05-30 02:18:40,49.90,19.32
f2b00200fa3b427fee60eb4fa811720b,4,422879e10f46682990de24d770e7f83d,1f50f920176fa81dab994f9023523100,2018-05-30 02:18:40,49.90,19.32
f2b00200fa3b427fee60eb4fa811720b,5,422879e10f46682990de24d770e7f83d,1f50f920176fa81dab994f9023523100,2018-05-30 02:18:40,49.90,19.32
f2b00200fa3b427fee60eb4fa811720b,6,422879e10f46682990de24d770e7f83d,1f50f920176fa81dab994f9023523100,2018-05-30 02:18:40,49.90,19.32
f2fd76c4a6a18c5be5d960963e114737,1,e60e632d39df1e129df5b7f0245716f7,855668e0971d4dfd7bef1b6a4133b41b,2017-09-22 10:55:41,75.00,11.73
f2fecc6e386231f071a5ec6438b7ede4,1,5ef336462ba740ddd4727319e26207e6,8bb48dc19fccaa8613b6229bf7f452a2,2017-10-23 22:14:29,33.60,17.60
f3a90b689fbd9cfa13d56d57dba508f2,1,9cbc5b5d801f57920de0de5ba58328b1,e067ad2c1c0b48758eb1b5228bcf7a68,2018-01-11 21:07:51,102.90,16.48
f3d070c8b094a00980b59d97ff3d95ca,1,3ea9fe739cd6a9bd2be0ba05c290498a,db4350fd57ae30082dec7acbaacc17f9,2017-08-03 12:15:16,19.99,14.10
f3d6f3b9a369c62beee0dcee5584f442,1,33fac76e7f17367dedaef7954bbb33b4,56642bcb79900e777d68e91915cb4267,2017-12-18 22:10:56,88.00,17.87
f4acccb08d320d53aaec17225c6c7198,1,b9ee7519d0187d2389af62ba6c612963,78c99c6dff4eeae5be99bf635ed21e3f,2017-07-19 22:50:18,69.90,27.03
f4c47c5163aecbdc7ce04fa55857b332,1,b2b938c46aafdbf702d73e7edb9cb263,f8db351d8c4c4c22c6835c19a46f01b0,2017-10-05 16:49:35,22.90,15.10
f52770381c11ff33137e243fc4e3a7af,1,ab330e1b64fde92d3b4d4d6980a38576,e0878efa0e0b7e5313ac0b43bc04c081,2018-01-24 03:34:27,39.90,12.48
f52a5a508f96400a02ab7d6dd3d73146,1,c43b672f48eaccbecc94cdf6b4f53485,edb1ef5e36e0c8cd84eb3c9b003e486d,2018-07-10 02:51:02,97.65,20.79
f52a5a508f96400a02ab7d6dd3d73146,2,3e6849c6e53482c55a97363674027b4a,edb1ef5e36e0c8cd84eb3c9b003e486d,2018-07-10 02:51:02,669.65,20.78
f536792a13716fb94028f1c59984763c,1,54b755678728b84472c2b654ac4de777,a3dd39f583bc80bd8c5901c95878921e,2018-03-26 20:50:43,49.90,17.06
f5bdbbff47c740c2cca90305841220a8,1,d1c427060a0f73f6b889a5c7c61f2ac4,a1043bafd471dff536d0c462352beb48,2018-02-20 14:08:23,149.00,40.37
f62fdeb39023106b1bb98bee97a54a87,1,9a07babc9b1d5d84b1e2422f8b55fd42,c66dccfb3f109511246da627dd5a2498,2018-03-29 18:15:20,113.00,51.29
f63534bddbd95cda0a1f281a1994a1ef,1,96b84df3582b12cc062543cee325b38e,0ea22c1cfbdc755f86b9b54b39c16043,2017-03-20 02:01:32,24.90,14.52
f637db9f107a517712822ef3c44024aa,1,c8c969c3a6423f48df9fde8a13e6770b,b2479f944e1b90cf8a5de1bbfde284d6,2018-03-22 16:30:48,21.99,18.23
f67e17b84d5d476bc5478e79ed177a3d,1,3fc3d637781e5d185455013606a6e2cd,bf00385a5f7fc1ef39a13c2e9ee50a5f,2018-08-20 03:50:16,32.90,7.45
f69fdefb076eab898275116d3af13742,1,0a4093a4af429dc0a9334300e5c13ae5,da8622b14eb17ae2831f4ac5b9dab84a,2017-11-29 22:39:31,29.90,8.11
f6a1315248ae1d7cb19cc912d5239771,1,4f8b31aef15b3f6b4c3cd34e74976494,f3da5b2ff499efb8d4a6d371d175d7dd,2018-01-19 16:30:30,24.90,14.10
f6ca2b9e738276a523e65504634a762d,1,e0d64dcfaa3b6db5c54ca298ae101d05,4869f7a5dfa277a7dca6462dcf3b52b2,2018-03-14 16:29:59,151.90,17.97
f6cc5ac0be9196f2fb3db04bace5cd8b,1,002159fe700ed3521f46cfcf6e941c76,048c2757535328e0d7dac690ad3c0aae,2018-03-09 16:15:37,199.70,38.95
f829f185f0ec92a117ee3d8c9e9ed19b,1,e6fd80a00ebb1a3e0d58a38555fbbf2c,f262cbc1c910c83959f849465454ddd3,2018-04-12 14:10:22,24.99,8.29
f845f1fe6a0c9e32eb740bdcc4da2aac,1,7a10781637204d8d10485c71a6108a2e,4869f7a5dfa277a7dca6462dcf3b52b2,2017-08-16 20:05:37,229.90,13.11
f86e20fe6ce750c00d7ed08e8c67384f,1,0152f69b6cf919bcdaf117aa8c43e5a2,d2374cbcbb3ca4ab1086534108cc3ab7,2017-10-13 09:45:32,13.90,15.10
f8dc2e2efd79f135f2ae7b04e0d95985,1,1ad107de20364138356e19ab81369f04,8e6cc767478edae941d9bd9eb778d77a,2017-03-19 23:37:11,8.49,18.63
f8dc2e2efd79f135f2ae7b04e0d95985,2,1ad107de20364138356e19ab81369f04,8e6cc767478edae941d9bd9eb778d77a,2017-03-19 23:37:11,8.49,18.63
f92af4956f690ebc9200d25029ce7c06,1,db91bca0e0253d71433c22ac5acd0fbe,42fa4ee7240e9b8eb4576358ec142ba7,2018-05-17 16:53:43,119.90,18.72
f97038209977e4fcbbbb7ca58e55bc1b,1,7b82c09aeb69b05e0a578a2ea97ed4a9,7bac63f6603d382cc8d0832eb6c100a8,2018-03-27 09:08:16,169.00,13.62
f99c42cf20b64fe3dc045ae83e56f4e1,1,f3ce47ccf98da2906f6b8b1387618e07,7dc8c42cc750eeafea6c85712ffee9bf,2017-07-17 21:55:12,120.00,21.50
f99c42cf20b64fe3dc045ae83e56f4e1,2,f3ce47ccf98da2906f6b8b1387618e07,7dc8c42cc750eeafea6c85712ffee9bf,2017-07-17 21:55:12,120.00,21.50
f99c42cf20b64fe3dc045ae83e56f4e1,3,f3ce47ccf98da2906f6b8b1387618e07,7dc8c42cc750eeafea6c85712ffee9bf,2017-07-17 21:55:12,120.00,21.50
f99c42cf20b64fe3dc045ae83e56f4e1,4,f3ce47ccf98da2906f6b8b1387618e07,7dc8c42cc750eeafea6c85712ffee9bf,2017-07-17 21:55:12,120.00,21.50
f9d71ca22c3574cb50bd404950d12ff3,1,a49969155f3a64afc931fd281444b2b6,f63d8f293af3a6454377546bd9dd19ff,2017-05-18 15:10:15,43.99,16.11
f9d71ca22c3574cb50bd404950d12ff3,2,a49969155f3a64afc931fd281444b2b6,f63d8f293af3a6454377546bd9dd19ff,2017-05-18 15:10:15,43.99,16.11
f9fa435b229b328ac3cb116184422b59,1,218d038ff5f2acccebb3cc1d452a911b,3bfba5a77604f6dfae7e6dd7aaf65821,2018-08-30 20:45:13,7.80,13.47
fa3cc6b1b48c7b730f6c4c43e423c5aa,1,f087c706a59c175468a1a05c5d2305e5,02d35243ea2e497335cd0f076b45675d,2018-08-08 18:05:31,259.00,44.46
fa3cc6b1b48c7b730f6c4c43e423c5aa,2,a7b9753ca5040193a1505f15c723c0e0,09f952a5f58d2285b0372551ae8f9b01,2018-08-07 18:05:31,327.00,44.46
faa4ccbf5f173ece3de4cc37664ece62,1,2028bf1b01cafb2d2b1901fca4083222,cc419e0650a3c5ba77189a1882b7556a,2017-09-19 15:05:21,56.99,7.78
fbfd9608b0061e4cc1412e28450a83e8,1,d4da317ad85015e956ee18ef11fc60f5,5656537e588803a555b8eb41f07a944b,2018-08-21 17:10:20,164.89,20.06
fc54a67aa2c88278d6475185217dc47d,1,67bd616e1ba0d3d3e8545f3113b0140d,e9779976487b77c6d4ac45f75ec7afe9,2018-05-07 05:30:54,14.49,18.23
fc8fa04a6621b92f945b8d0224feac74,1,2b4609f8948be18874494203496bc318,cc419e0650a3c5ba77189a1882b7556a,2017-09-26 13:04:18,89.99,7.88
fd6a51f9eb40dd4bca270db2bd18aae4,1,6bb1532261d0a1b244b21ed4aab982bd,8b2492b7ff4468839593fafeed55bad9,2018-03-14 17:30:32,8.43,18.23
fd7303a4968ffb3832a0bc5fca2d2b6a,1,387f1559343d513c4383bdb99672e431,4a3ca9315b744ce9f8e9374361493884,2017-05-25 09:43:07,99.90,12.20
fdaf0fd938efa36f6b32471ef6b7e63f,1,090ab1523d3fe5832c09a55b7195e32b,ef506c96320abeedfb894c34db06f478,2017-04-05 02:15:24,19.99,14.11
fde8ba9ac93d634f0221d048bae1dcf3,1,23905e2fed49239bf63e416ba24bd556,54a1852d1b8f10312c55e906355666ee,2018-02-28 23:28:23,249.99,12.95
fe59965bfbf484aee4f2503efbd933d6,1,a5f6ba3fe91a2e73f10b612131cb2404,4e922959ae960d389249c378d1c939f5,2017-12-05 11:10:55,49.00,15.10
ff67a8af06a0fd9a0493480efccf9bda,1,e282624d8c82e04983f125e167eb4521,ea8482cd71df3c1969d7b9473ff13abc,2017-09-19 11:30:25,17.99,15.10
ffe3153dcf1c03911848f64ed557764b,1,d41d8cd98f00b204e9800998ecf8427e,066a6914e1ebf3ea95a216c73a986b91,2017-04-17 03:55:09,259.90,27.31
ffe4972089425f7752aad086a7fdce28,1,547b95702aec86f05ac37e61d164891c,001cca7ae9ae17fb1caed9dfb1094831,2017-08-29 14:55:18,129.00,32.23
ffe5736050c2890fa51a28942820258a,1,3eef0cb94ba82de806bb30ab743c7655,7c67e1448b00f6e969d365cea6b010ab,2018-03-30 14:35:25,79.99,14.55
