order_id,customer_id,order_status,order_purchase_timestamp,order_approved_at,order_delivered_carrier_date,order_delivered_customer_date,order_estimated_delivery_date
4e2a846769fc8af3af8b7826b058fe4f,a3b5428226ad4c042fed1da12cb6e683,delivered,2018-01-03 11:25:41,2018-01-03 11:34:23,2018-01-03 19:59:00,2018-01-11 20:34:05,2018-02-06 00:00:00
186ac860f8928db64590e1fdd744c9f5,c4fb1c069ba21ade36983cf6ad7069c8,shipped,2018-03-08 16:10:21,2018-03-08 16:56:03,2018-03-12 19:48:36,,2018-03-28 00:00:00
f99c42cf20b64fe3dc045ae83e56f4e1,18af14116834f457513ba68d3c208eda,delivered,2017-07-11 21:23:14,2017-07-11 21:55:12,2017-07-14 13:52:18,2017-07-18 12:34:03,2017-07-24 00:00:00
8dca7901c45e1525ad654814a7db9eea,043e1a8a42664d4e6fd092d4b1f878e7,delivered,2018-01-05 01:35:24,2018-01-05 01:47:53,2018-01-05 22:58:11,2018-01-08 19:55:23,2018-01-23 00:00:00
981222fe88bbeab39c6ca1fa7bceba4c,2e8ff3002ea6077d8b4b45f771612d3a,delivered,2017-11-26 01:37:15,2017-11-26 01:50:04,2017-11-28 15:19:25,2017-12-04 20:59:23,2017-12-20 00:00:00
c177f5a6ca27ad47cffbbcddbb6abee8,c2f8619be9ba2bf5949980be6ea9ac71,delivered,2018-08-22 19:54:03,2018-08-22 20:05:16,2018-08-23 16:01:00,2018-08-30 19:03:12,2018-09-04 00:00:00
6f8026dc118f5bb6ff82b03e8eaae469,410b6b4c567227cf189cc4ceec3a1411,delivered,2018-04-30 20:09:27,2018-05-01 03:14:54,2018-05-03 12:37:00,2018-05-11 16:56:49,2018-05-18 00:00:00
ceb7321e8e4db328b230a89f90e72014,6e31c1d461e13b18d437b31fa2ec127e,delivered,2018-04-10 18:18:13,2018-04-10 18:35:06,2018-04-12 16:31:12,2018-04-20 16:33:39,2018-05-03 00:00:00
ffe5736050c2890fa51a28942820258a,bdb02eddf9e1223ae4fa0cbe08f89cbf,delivered,2018-03-18 14:25:04,2018-03-18 14:35:25,2018-03-28 19:29:49,2018-03-31 11:48:25,2018-04-16 00:00:00
2148d1d6458e2aed4af9ddd978c48ac3,862619252ab047cfee12fbe748562b50,delivered,2018-01-29 11:01:51,2018-01-29 11:21:14,2018-01-29 20:09:08,2018-03-07 00:28:54,2018-03-08 00:00:00
5e8125228086e366702d4aab930260d9,fbdf17d388eb76b9429b4f7aef836f63,delivered,2017-11-25 15:37:54,2017-11-28 02:56:05,2017-12-01 22:09:08,2017-12-18 19:26:45,2017-12-20 00:00:00
0eac9f8e158a0eadfce8c9da8547a8ce,c889eec026a928be2c4ddde850ef4919,delivered,2018-05-03 13:36:47,2018-05-04 17:10:17,2018-05-07 16:25:00,2018-05-14 15:28:50,2018-05-22 00:00:00
54a845f5cc0d3691277e4adfebd4a5bf,f13734396b2c9bb9b1a0f09803712833,delivered,2017-09-12 11:32:10,2017-09-14 02:55:21,2017-09-15 18:33:04,2017-09-23 10:20:12,2017-10-03 00:00:00
eb30ff356b044cdd6749167b9690434c,da71d587e9bfcb39ced7b8beb65e6bba,delivered,2018-08-06 11:34:22,2018-08-07 08:35:14,2018-08-23 15:11:00,2018-08-27 18:38:54,2018-09-13 00:00:00
08beae16754b76c55e9f49c7d4d138dd,a62ed90dfc56c8eb3e021e9151fbf469,delivered,2018-03-04 18:26:22,2018-03-04 18:48:26,2018-03-05 18:03:49,2018-03-09 23:44:43,2018-03-21 00:00:00
77ca435b03fbf991e5027e3776e37885,c7c94293f2433a2421bc2dbd8cd23ee6,delivered,2017-09-01 18:49:54,2017-09-13 21:56:08,2017-09-04 20:50:00,2017-09-30 17:33:43,2017-09-26 00:00:00
d0aed2ea0f3d1f9911ee36b795ccace5,fca1ec7a5d4f094bf6403fa09a6af5c1,delivered,2017-11-18 12:28:07,2017-11-18 12:50:26,2017-11-20 20:12:47,2017-11-27 15:39:11,2017-12-12 00:00:00
b36dde30ca62faf042ac4e3f001b9c04,84b792c2ce37c8e8eddcdbfa16130e10,delivered,2017-11-28 16:47:41,2017-11-29 02:15:26,2017-11-29 16:24:47,2017-12-05 18:09:16,2017-12-22 00:00:00
df5c6aca62db71fbe451c0408bde2817,0db3d540da7eb431e5c5969fca57ca07,delivered,2018-05-31 11:58:13,2018-05-31 12:14:45,2018-06-04 10:57:00,2018-06-12 19:41:28,2018-07-19 00:00:00
d72f1372279cc7f3656e8253e755ee79,6c32f357130ee67a9ff3841459f2c86b,delivered,2018-04-16 18:01:55,2018-04-17 05:51:15,2018-04-17 21:37:49,2018-04-30 19:19:36,2018-05-14 00:00:00
54d65ba100747f2456fc1d1e314ceb26,db59c47f100c554beb2fdf19d892b32a,delivered,2018-01-19 12:55:53,2018-01-19 14:59:29,2018-01-19 23:28:57,2018-01-29 19:19:07,2018-02-14 00:00:00
15d4f841b96cfb3f782523aa7a562b9a,0661d80b08b50705a0e95641e65c25f7,delivered,2017-12-28 20:33:31,2017-12-29 02:10:04,2018-01-04 22:51:26,2018-01-12 22:42:46,2018-01-29 00:00:00
b153954b30a6a686b88cf18a599b4382,a75bcc763c11877e9047c0646b938866,delivered,2018-06-03 11:31:07,2018-06-03 11:50:34,2018-06-04 11:52:00,2018-06-18 18:02:46,2018-07-24 00:00:00
38d7ca365470a06bd907802a6a62d83a,d3558802f902aaa861259024d95372f8,delivered,2017-11-21 18:35:19,2017-11-21 18:47:27,2017-11-22 22:48:51,2017-12-06 01:48:04,2017-12-11 00:00:00
7cd12f82d867bf5cda813ec60b7c4db8,a54aad5eae4138da92dbf946b7f71531,delivered,2017-03-19 16:16:44,2017-03-19 16:16:44,2017-03-23 11:03:31,2017-04-03 14:43:58,2017-04-12 00:00:00
90baa6d3d361db0998df0ce29f002777,d1ce97e059738b228faa1e4ad83b860b,delivered,2017-11-27 18:09:51,2017-11-29 07:36:20,2017-11-29 18:51:37,2017-12-20 22:33:04,2017-12-18 00:00:00
9edb5899606254447166a651aa65c063,97506d4cd017040573666207f7ad537d,delivered,2018-02-23 14:49:38,2018-02-23 15:16:00,2018-02-26 23:27:12,2018-02-28 15:33:01,2018-03-09 00:00:00
dcad23c1f8ff76266e355d173380b1eb,9a7d2f02363a5baffe17935aac9a56e8,delivered,2018-06-17 16:09:17,2018-06-19 04:16:47,2018-06-21 07:14:00,2018-06-26 15:20:52,2018-07-19 00:00:00
e4e3babab4d0f208cb6963df2458709d,cd06ff43889826d2ae1943fdaa68cf6e,delivered,2017-11-30 13:37:44,2017-11-30 13:56:38,2017-12-05 15:39:17,2017-12-13 14:29:11,2017-12-22 00:00:00
62059211790cf7661fe10443c75e8f17,f6750e31bcac8ebead3685be804fd3d6,delivered,2018-03-02 22:34:15,2018-03-02 22:55:29,2018-03-06 00:26:42,2018-03-15 21:28:35,2018-04-09 00:00:00
bf488c4d02bcdb68c278b42d9417f05d,c4a04aaad12f3208ae0b1a76ef3918ad,delivered,2017-05-04 20:33:27,2017-05-04 20:42:43,2017-05-09 11:08:01,2017-05-19 10:57:06,2017-05-29 00:00:00
69583cd28b004d804a6d819b11c8725c,092ad782532d523d228cc922f044ef7a,delivered,2017-11-20 11:45:52,2017-11-20 12:07:39,2017-11-20 18:55:04,2017-11-23 23:38:33,2017-12-07 00:00:00
8e1424bf1830e231bfb035b447af7a93,e93b7766c1c641d30a535fe9973895bd,delivered,2017-03-20 10:10:12,2017-03-20 10:10:12,2017-03-20 12:52:56,2017-03-23 08:55:32,2017-04-06 00:00:00
33d6fae0e702308c1b1c332b45653b71,896dada927cc2f8481ce0733ac6468ec,delivered,2017-02-20 09:17:34,2017-02-21 04:35:18,2017-02-22 07:47:44,2017-03-07 18:18:28,2017-03-21 00:00:00
9c37d94303e95d233a4608dabc34f802,d5829f079749e461df4192bdb5731e8d,delivered,2018-06-27 19:49:43,2018-06-27 20:11:51,2018-06-28 14:24:00,2018-06-29 21:18:50,2018-07-12 00:00:00
a678d97aa95d0393384c211a82455e50,cc64309188751727fe403d8570630495,delivered,2017-06-06 00:11:09,2017-06-07 02:30:13,2017-06-13 14:00:06,2017-06-16 21:37:34,2017-06-20 00:00:00
4a7daecdbb69d275f72866f7f8d00448,52b25d31e779e259422789a033435421,delivered,2017-12-10 09:22:54,2017-12-10 09:32:26,2017-12-12 20:07:07,2017-12-26 23:22:12,2018-01-08 00:00:00
8b02a2a9b1ae5a5e5e840795cdc70fc3,5e319c4b67bfa5b94e74b2309e9eb394,delivered,2018-08-18 22:51:17,2018-08-20 10:50:20,2018-08-24 14:25:00,2018-08-28 12:38:25,2018-09-06 00:00:00
87d439e33701be5b1e607849115ebf5b,0b683a7e42b6c883d715590590b5f986,delivered,2017-12-17 12:00:08,2017-12-17 12:10:27,2017-12-18 22:42:22,2017-12-28 21:33:01,2018-01-18 00:00:00
3668477773eb5474d397777749d44f08,99bc5d1633f1125d6913e8922a61b95e,delivered,2018-07-10 23:16:46,2018-07-10 23:26:00,2018-07-11 12:16:00,2018-07-14 14:38:34,2018-07-27 00:00:00
cd30b79021e46fbfccaacd57ffbaca5b,1ef52dc13ef0e0f4b614a916cb5b1d0c,delivered,2017-08-12 15:08:08,2017-08-12 15:23:53,2017-08-14 13:38:04,2017-08-16 19:22:07,2017-08-28 00:00:00
9ac9cdfc539eaa872e8d0c652d660e6b,dc099664976e53ce3c32de9b9d7b321b,delivered,2017-11-19 14:03:22,2017-11-19 14:15:23,2017-11-20 20:43:52,2017-11-24 20:24:42,2017-12-15 00:00:00
cbdda7b3592588a17fa43ca6c7300e72,0dc30fe0f8e3ce6df4c628ca41654fd9,delivered,2017-04-26 00:25:26,2017-04-28 11:46:49,2017-04-28 11:25:32,2017-05-09 12:12:13,2017-05-24 00:00:00
a15df161654da3f47c2984ffd7764920,109cf3ecc53afd27745a79a618cb5ec4,delivered,2017-01-28 18:30:17,2017-01-28 19:31:32,2017-01-31 11:09:43,2017-02-10 12:27:47,2017-03-08 00:00:00
0a6e242b5cf18e140304453da637866b,e11c517db05b111d2682bcb3ab61e327,delivered,2017-12-10 10:15:54,2017-12-12 03:38:24,2017-12-12 21:03:32,2017-12-27 10:07:19,2018-01-23 00:00:00
7533138abe254f5d3856101e4a21e5f2,5164e21ce84142db5439f4ae25f579a5,unavailable,2017-11-17 19:42:36,2017-11-17 20:35:41,,,2017-11-30 00:00:00
f3d070c8b094a00980b59d97ff3d95ca,1abe6320a51b5dd13451f67d2ff446af,delivered,2017-07-29 12:00:55,2017-07-29 12:15:16,2017-07-31 17:27:35,2017-08-03 19:29:50,2017-08-29 00:00:00
653fb84a9e7359c05777a5332a48a876,f8ccd744c489a7cf8929be838c81c635,delivered,2017-07-21 06:06:25,2017-07-25 03:43:51,2017-07-26 10:32:28,2017-07-31 18:45:37,2017-08-14 00:00:00
388d683431db37774946413cbb22210b,86a37dbd4b61a93b6fb20527263bca1d,delivered,2018-04-01 20:29:54,2018-04-01 20:47:31,2018-04-03 20:03:31,2018-04-05 13:32:22,2018-04-12 00:00:00
7e85dd5c64bfd481355a0662f9f9f777,51fe7d2da662fa7eceff7b97a6c66591,delivered,2018-06-21 20:57:36,2018-06-22 02:58:15,2018-06-25 12:44:00,2018-06-28 13:29:39,2018-07-13 00:00:00
0e7e973a8d82ae12e070d767abed8960,138f87e7c0902d7890876b95dc1a5ef4,delivered,2018-03-31 19:07:33,2018-03-31 19:27:30,2018-04-02 23:56:36,2018-04-04 02:10:56,2018-04-12 00:00:00
34479af2d143031f3a316ed407892b51,8f96972b98cb7bfa22013af482439ba2,delivered,2017-11-23 23:06:02,2017-11-23 23:13:29,2017-11-24 23:42:17,2017-12-06 20:27:02,2017-12-13 00:00:00
b033a34245ae159e80dd599b3c5cb92f,cd9844b06a03c881a223281b601ed8eb,delivered,2017-01-30 19:25:23,2017-01-30 20:33:57,2017-02-09 15:38:02,2017-02-13 10:15:34,2017-03-17 00:00:00
3337a984417a1c95241b5f47acb33720,175bdeec28f72792b7df9bc8b8481bcb,delivered,2018-01-26 09:53:11,2018-01-26 10:19:03,2018-01-26 20:39:06,2018-02-02 22:40:04,2018-02-19 00:00:00
844b8b73a94f61b9ff8dc1e88c081365,cb39dede73ee667f5b58944fab009ff3,delivered,2017-07-17 22:20:47,2017-07-21 10:55:22,2017-07-24 10:56:42,2017-08-01 19:59:29,2017-08-18 00:00:00
5ad82a9fb12ff34f8883ccfaddf3da4f,1715df4e75c7b532c711759cac4d4148,delivered,2017-10-26 06:12:37,2017-10-27 03:07:05,2017-10-30 19:37:44,2017-10-31 19:04:41,2017-11-08 00:00:00
7f64d5e4a277230448eebf7956e29706,2badfd9e28b8f021404cd1af9240f064,delivered,2017-07-26 18:42:37,2017-07-26 18:55:17,2017-07-28 10:53:27,2017-08-04 18:45:34,2017-08-17 00:00:00
eedcf6db339a0b2ce303e615dceaee65,85df45704acdf1ff318576830a282d19,delivered,2018-03-04 22:23:33,2018-03-04 22:35:23,2018-03-07 21:24:59,2018-03-15 23:29:50,2018-03-23 00:00:00
05f5cfec67106e59d6280f62c4792d25,dae09add1fb0749dd2deb3555fb5ff52,delivered,2018-07-26 10:20:44,2018-07-26 10:35:16,2018-07-26 15:31:00,2018-07-30 20:32:15,2018-08-10 00:00:00
9f9451274bc21055d9306c98eb7eb8f8,65b9c8af625c3c4a37af569d46f77136,delivered,2018-03-04 21:57:25,2018-03-04 22:10:30,2018-03-06 22:48:57,2018-04-17 00:37:33,2018-04-06 00:00:00
6e6fe0a4ffa0d2ceb491628d18388697,3ef1961b4655f27d115bbd65b7ae17a5,delivered,2017-06-08 16:39:56,2017-06-08 17:03:52,2017-06-23 13:12:01,2017-07-03 14:47:46,2017-07-12 00:00:00
d1f7b8ef7a59b18de8df95b7b8073a5f,d11670a96c9b879a92a4783a707a20d4,delivered,2017-12-16 10:44:23,2017-12-16 11:50:34,2017-12-20 20:13:27,2018-01-08 15:35:10,2018-01-19 00:00:00
94781b7e571ded2ff6f80434f6fe2a43,4442ce3a2d4bb4bc6c5752a8dfb37806,delivered,2017-09-25 13:55:03,2017-09-25 14:06:10,2017-09-27 18:58:38,2017-10-04 18:58:42,2017-10-20 00:00:00
a5519d2a4e5aaee48134163456803e4c,339978d66c8f8cdd14699e0e0fd67451,delivered,2017-09-25 16:38:15,2017-09-25 17:05:50,2017-09-27 19:58:02,2017-10-05 20:29:56,2017-10-20 00:00:00
e3c64131d3d2295829639be7b74a6533,462edc38c8e3268231131fbce3347b86,delivered,2018-04-01 19:51:11,2018-04-03 05:49:07,2018-04-04 01:44:43,2018-04-16 18:32:21,2018-05-02 00:00:00
56ee0507f806ad1a079e2905d5beff09,9919279bb9d90740dc78c930d5a2596e,delivered,2018-03-05 09:38:00,2018-03-06 04:30:50,2018-03-07 00:10:09,2018-03-17 12:33:32,2018-04-06 00:00:00
ac40627fa08c6c47cdb3648f3e14901a,63e248449dc3f7b75648351e1dc68264,delivered,2017-12-02 12:07:58,2017-12-02 12:20:33,2017-12-04 16:19:53,2017-12-13 21:44:13,2017-12-27 00:00:00
67ec1ff2fc90decdce72e2299a384ee1,50f6c271b53735b0b626548afb4e50c4,delivered,2017-10-14 11:30:47,2017-10-17 04:09:42,2017-10-20 17:05:55,2017-11-13 16:24:55,2017-11-09 00:00:00
87cbf27ac970c7423f11157c2ef6ec26,eeee9d1c48539af62348268fab136e2e,delivered,2018-01-21 18:34:51,2018-01-22 13:56:45,2018-01-26 19:49:25,2018-02-08 12:04:57,2018-02-20 00:00:00
f97038209977e4fcbbbb7ca58e55bc1b,b6fb8befdae4a1e9bfc7eed84dd852a5,delivered,2018-03-21 08:43:59,2018-03-21 09:08:16,2018-03-23 00:28:27,2018-03-31 15:36:48,2018-04-09 00:00:00
b46846b45a07d12a5553a67d4320ba61,bdf43d2af85fb8be05435a7b551f005d,delivered,2018-07-17 15:30:50,2018-07-17 15:41:36,2018-07-19 12:52:00,2018-07-24 17:03:41,2018-08-01 00:00:00
42aaabf39b810fa0a3390fe791dbb880,11259004e69dac0f64c28698b2e702d3,delivered,2017-03-17 14:22:50,2017-03-17 14:22:50,2017-03-22 10:20:38,2017-03-31 11:47:39,2017-04-07 00:00:00
11752bcab98894b1c72fac988ed11392,e4e8e3c54c6e50b494ddb7f274907659,delivered,2018-02-06 18:30:17,2018-02-06 18:55:36,2018-02-09 23:09:40,2018-03-10 18:21:09,2018-03-01 00:00:00
c6b9d35e4e9ddeeeeb374acaf98dbf2b,4fe6e159f06434ef5ddae50ff1fa6533,delivered,2017-09-27 22:01:24,2017-09-27 22:14:24,2017-09-28 16:42:43,2017-10-10 22:28:22,2017-10-27 00:00:00
adc9f082768884dcb46b8b3d26851ca0,cae68961658812a8ad198ed27fb51200,delivered,2017-08-17 12:51:48,2017-08-17 15:50:14,2017-08-21 18:08:10,2017-08-22 22:21:40,2017-09-01 00:00:00
1f6ddbae00fc6acbc0457caa5fd89ad1,a86f4da27da046cfe243ffb26f3ccfa4,delivered,2017-09-05 09:41:49,2017-09-06 09:45:42,2017-09-08 20:42:12,2017-09-15 20:07:41,2017-09-22 00:00:00
bc250fb00c3c49af75ff964a4d987d6f,e7d86daf277ff8cbd05acaf2de72df59,delivered,2018-08-02 17:14:40,2018-08-02 17:30:23,2018-08-03 16:12:00,2018-08-07 18:36:48,2018-08-09 00:00:00
ff67a8af06a0fd9a0493480efccf9bda,3f2453371a3c5ba06c3f468aeecb5c70,delivered,2017-09-13 10:45:29,2017-09-13 11:35:16,2017-09-14 18:59:33,2017-09-25 21:59:41,2017-10-05 00:00:00
21a8afe0ed14ff28046585ae724b5410,18743a6eeaa18eea441a526f714e022f,delivered,2018-03-11 15:50:03,2018-03-13 04:40:30,2018-03-13 19:56:35,2018-03-19 11:48:45,2018-04-12 00:00:00
f19b9413f2deb98fbb76c8f57ca52a95,89f8ae16624249b47abccb7729c5d287,delivered,2017-07-30 16:32:41,2017-07-30 16:45:12,2017-07-31 22:17:53,2017-08-03 20:27:28,2017-09-01 00:00:00
114b220ff080617e99d21cb8549b7433,f3b31ef24fd2dee8c429445b06376351,delivered,2018-06-29 20:26:56,2018-06-29 20:50:14,2018-07-03 07:18:00,2018-07-06 20:27:00,2018-07-19 00:00:00
1508d47584249ae1045eb47cf1653ded,b0aaac25cac80dcf398faeb698c0dd27,delivered,2017-10-19 13:52:01,2017-10-19 14:07:38,2017-10-19 20:25:31,2017-10-25 21:47:27,2017-11-07 00:00:00
f1d6313ed30c82ba1523aad41c60685e,94cebf039d51a5f2a69abc82dd162a00,delivered,2017-06-19 19:20:51,2017-06-19 19:30:18,2017-06-20 15:30:39,2017-06-26 16:36:28,2017-07-14 00:00:00
8279b5df6e66fb0dfddfc8a4cd10471b,762bf1c1701f2aa392bc47c82ef8ba2c,delivered,2018-03-28 00:12:02,2018-03-29 03:28:59,2018-04-03 01:56:36,2018-04-17 11:32:59,2018-04-16 00:00:00
08fb5d31021fb887ce4ab33b8cdb804e,6ed30ec7af7258861705f6c7bf352ed2,delivered,2018-08-16 01:53:48,2018-08-16 02:05:11,2018-08-16 14:52:00,2018-08-28 20:58:31,2018-09-10 00:00:00
5e0140671ad91ce830fb2b33a3210d1b,8c045d0442a9354cfc68a056c51a817b,delivered,2017-09-20 08:59:00,2017-09-20 09:15:14,2017-09-20 18:44:52,2017-10-19 22:47:35,2017-10-16 00:00:00
c20889d460a5439e1529017fc9a867da,93ecffc5232c696502c0835ea9ac8bb1,delivered,2018-01-19 13:54:38,2018-01-19 14:16:21,2018-01-25 19:56:51,2018-01-29 21:25:06,2018-02-09 00:00:00
0e053aa097eda67e25b3934ef3eca8a8,fe531acf72493b23de85684db23e8b31,delivered,2018-08-02 12:07:19,2018-08-02 13:10:25,2018-08-03 15:09:00,2018-08-17 21:08:32,2018-08-22 00:00:00
67528c4b8b629d9cbb51da492c6a9ec4,c7b11b637c5fc27c489e16d1fe801af4,delivered,2018-07-22 13:01:27,2018-07-23 11:31:25,2018-07-24 15:56:00,2018-07-26 23:12:36,2018-07-31 00:00:00
2b80bbe860a78a5c399ce50fd730c376,2d3af39a7671478e882a9e390007f6c0,delivered,2018-01-31 12:39:32,2018-01-31 13:46:59,2018-02-09 00:49:08,2018-03-03 18:39:04,2018-02-23 00:00:00
4962467df8bbf58b2f212f805a473446,6417d1fd8cb80c2e0bf434e9a283bb1e,delivered,2017-07-16 17:07:18,2017-07-18 06:15:24,2017-07-27 17:59:44,2017-07-28 19:33:57,2017-08-03 00:00:00
54b7ba0e3a2e8a0f9f68011432a52575,dd9a99a98bd9d0fb502fefdd2b6eed39,delivered,2018-01-15 18:58:23,2018-01-15 19:09:51,2018-01-18 18:13:19,2018-02-03 16:33:12,2018-02-06 00:00:00
2dabb10146331fc98c0322801df870d7,d829dcbbc1ddabd3a91c20b64e2ce5d8,delivered,2017-08-24 09:48:12,2017-08-24 10:04:31,2017-08-28 21:05:18,2017-08-30 15:14:39,2017-09-06 00:00:00
ba75b10a16e530cca75088408909b325,fe7374607781a49ec88f4f6e274f5ee5,delivered,2017-12-02 15:06:45,2017-12-02 15:17:21,2017-12-04 20:42:19,2017-12-18 19:43:49,2017-12-28 00:00:00
83d5a4507ca3b740b2e4642220ebd8d2,d29fcbfaa31416c295e90f4734baf5e9,delivered,2017-03-01 19:01:12,2017-03-02 03:41:43,2017-03-03 13:51:30,2017-03-20 08:42:03,2017-03-28 00:00:00
444928c349bed18bd960cf50ac772e7c,9e78b597f0130477ef444251e93b5298,delivered,2017-12-11 08:42:59,2017-12-11 08:50:28,2017-12-12 18:32:10,2017-12-19 16:23:33,2018-01-04 00:00:00
a3780280bea9cf5034c0d8834b206fde,6038a8e8039d115a4ceaccaf98160d07,delivered,2017-12-20 23:56:36,2017-12-21 00:10:46,2017-12-22 20:33:08,2018-01-09 16:44:29,2018-01-18 00:00:00
c97b6271a445cec849420383547b34da,02b83a1a2a215c7f7629c8fe41a7cad5,delivered,2018-08-08 20:21:07,2018-08-08 20:35:22,2018-08-09 13:22:00,2018-08-13 15:57:55,2018-08-16 00:00:00
7fefe32e6b0c87d855993ac5dc8dd951,5ccef752edd45fef7a1585a62a3c0a20,delivered,2018-08-01 22:06:49,2018-08-01 22:15:24,2018-08-03 16:11:00,2018-08-11 05:16:39,2018-08-14 00:00:00
3f2502be2cb245c8c7ca170ddf39465b,f6f66dd6fa586fba39dc2484d0ab4947,delivered,2018-03-27 11:23:09,2018-03-27 11:35:14,2018-03-27 21:59:58,2018-04-20 19:17:33,2018-04-24 00:00:00
ac046246a304e47bb50a9c923430aa55,6c8f5fc2f614c15dd249aa01a28958b0,delivered,2018-08-07 22:40:08,2018-08-07 22:50:21,2018-08-10 12:49:00,2018-08-16 19:26:57,2018-08-29 00:00:00
de55aaef46848b1f0c47093ba2430a27,3f1ec723909aee2fdf8c1cc065479fb3,delivered,2017-03-27 11:53:57,2017-03-27 12:14:50,2017-03-28 14:14:55,2017-03-31 10:27:08,2017-04-13 00:00:00
f05061f4489d31233011621bd07caaf6,c23fb1930af84487049b7d29429d618e,delivered,2017-11-12 19:24:09,2017-11-12 19:30:49,2017-11-14 21:42:13,2017-11-18 11:18:57,2017-12-01 00:00:00
c11a22a599df12f33da9a25948a605ca,37bcb1035c6a4b6d713e03801dc3bbe1,delivered,2018-06-12 22:35:03,2018-06-12 22:59:48,2018-06-13 12:37:00,2018-06-15 18:03:52,2018-06-21 00:00:00
17716d2598d1d7f7ed16fa9f05ab2f61,adab95e6495905a75cb6945011a6417f,delivered,2018-06-01 22:05:28,2018-06-02 19:50:27,2018-06-04 13:44:00,2018-06-18 15:23:01,2018-07-13 00:00:00
816d5d441d23818493578fb1db0a22ad,1ad00acd47366f0fad9b5258e2ef8a36,delivered,2017-06-06 18:20:09,2017-06-07 02:50:19,2017-06-07 11:41:50,2017-06-12 16:52:42,2017-06-28 00:00:00
2e612a3508e4bce75344e6bfb68f28e0,06deea7d56068efd37c65f8daff0e03b,delivered,2018-02-11 21:38:24,2018-02-11 21:50:27,2018-02-14 15:56:50,2018-02-22 20:33:28,2018-03-07 00:00:00
e5100188966a71404b1ac65f51487cb4,cad3adb2a6965a5e1180a68ee254e2cf,delivered,2018-06-18 21:12:18,2018-06-18 21:35:36,2018-06-19 13:34:00,2018-06-22 15:21:39,2018-07-05 00:00:00
cf8ba6c5f0ac149f8e8f55217c47e967,6bae2a5db6ca78c2225e213a63d4af9b,delivered,2018-05-16 13:40:17,2018-05-17 08:36:27,2018-05-17 14:25:00,2018-05-21 15:10:52,2018-05-30 00:00:00
53e7de93de0f500168f10be4d3ca4577,f230350626bdd370da5065ca995a4947,delivered,2018-05-11 12:09:09,2018-05-11 12:30:53,2018-05-16 14:12:00,2018-05-25 19:18:29,2018-06-04 00:00:00
aee4a272cfe5c5e7d83360d9ad2206e7,1c0c100dbd7780831a70ab4e78c5a584,delivered,2018-01-16 12:07:53,2018-01-16 12:19:21,2018-01-16 21:38:57,2018-01-19 20:03:21,2018-02-06 00:00:00
84f58fa486ce5cc8fcc701d211e80749,b785d2314d0f934135d9fd1725230f6b,delivered,2018-07-16 14:13:14,2018-07-17 04:15:18,2018-07-17 14:16:00,2018-07-30 15:02:45,2018-08-09 00:00:00
8ef90bbfd83a3525620bc52b758b655d,704458c6514db60176c4eb59bae24d30,delivered,2017-11-28 13:43:30,2017-11-28 13:55:27,2017-11-29 23:28:37,2017-12-15 19:21:50,2017-12-21 00:00:00
80e3ea9d65b89f8cbaa3d1f08f5dbd17,f47a3e021a077696be3337820048edf2,delivered,2018-06-06 20:40:15,2018-06-06 20:52:26,2018-06-13 15:11:00,2018-06-19 21:50:42,2018-07-26 00:00:00
b49998737b7359ebe1b64b0b7ffb20f6,d46d7edbddcff60db4428ed88fd33dfc,delivered,2017-01-20 16:27:25,2017-01-20 16:41:55,2017-01-23 11:06:31,2017-01-26 16:24:02,2017-03-01 00:00:00
d412e855fc7d9c1019d9fcec73c0f7c6,203204fa07c4ebfad4d5c75079f32453,delivered,2017-09-21 14:00:30,2017-09-21 22:10:21,2017-10-02 15:45:44,2017-10-11 18:23:29,2017-10-23 00:00:00
e67f76501c34f4adb5587ee50a6474c6,25216db0abfeac5dbfc9de3cecb2019b,delivered,2017-08-23 17:52:51,2017-08-23 18:06:53,2017-08-25 20:42:51,2017-09-11 22:26:30,2017-09-27 00:00:00
a54dca1918f3c9eaa16ac953a5d8c9ba,7d503fdcb60c50cbd8159964b13654c3,delivered,2018-03-15 10:36:18,2018-03-15 10:50:28,2018-03-16 22:36:23,2018-04-03 20:18:35,2018-04-03 00:00:00
d37320918ed46f4cd29a218da930fb0c,697b3df5be3d381b8b8116e35c51fb97,delivered,2017-11-24 20:24:12,2017-11-24 23:32:34,2017-11-29 18:53:52,2017-12-02 10:53:22,2017-12-08 00:00:00
eed22f145a76fd4bb9224e927213dd25,de32fa9a83d181f71df655e44364be0e,delivered,2017-11-23 13:49:32,2017-11-25 03:33:50,2017-11-28 14:47:02,2017-11-30 15:45:11,2017-12-13 00:00:00
e269b2472c0546324acf4d09dd7acfab,27780d964b286faa7931ef6bccb5f123,delivered,2017-11-24 19:52:48,2017-11-24 22:59:39,2017-11-27 21:02:31,2017-12-21 15:55:27,2017-12-19 00:00:00
152c657cdbdb6b803884cb4f691d17e9,153de0dfaa218eb8a6ffcc4bd5cd0f65,delivered,2018-07-14 17:06:20,2018-07-14 17:30:15,2018-07-16 14:56:00,2018-07-24 19:49:54,2018-08-08 00:00:00
c8de7faa920cdcbe41252449a3fd36c0,8f5777a90b7294397d8f7c2c8e95157a,unavailable,2017-07-06 16:18:36,2017-07-06 16:30:28,,,2017-07-19 00:00:00
fc8fa04a6621b92f945b8d0224feac74,17902228ca51ded3c5b9f6dbdef80d6d,delivered,2017-09-18 12:46:24,2017-09-18 13:04:18,2017-09-19 13:38:35,2017-09-20 18:42:24,2017-10-02 00:00:00
4bad794236d71eada0390ce3edb591fc,8072452f5e9108b02a0e8a57961ddcfc,delivered,2017-09-14 22:05:38,2017-09-14 22:24:15,2017-09-21 21:34:14,2017-09-22 16:08:53,2017-09-26 00:00:00
db450aca52c200c9c1c1d9cf4dff0338,bcd2820a37f09b7f79e08aa37a72374d,delivered,2018-01-29 08:32:41,2018-01-29 09:21:25,2018-01-30 11:48:55,2018-02-08 19:52:26,2018-03-12 00:00:00
68b3cbc68e4cd1fe19bec35f1d3bb7ee,1a814d4c8923ef3a0e978777f00b717c,delivered,2018-03-10 00:42:20,2018-03-10 01:21:04,2018-03-12 21:05:34,2018-03-28 18:13:06,2018-03-29 00:00:00
ab7c89dc1bf4a1ead9d6ec1ec8968a84,dd1b84a7286eb4524d52af4256c0ba24,delivered,2018-06-08 12:09:39,2018-06-08 12:36:39,2018-06-12 14:10:00,,2018-06-26 00:00:00
b6ab72d17de0a5c4bdf888f55c9acb4b,ec201fc4260520724e8ed826a03bfbf9,delivered,2018-01-30 23:59:17,2018-01-31 01:04:42,2018-02-08 12:08:32,2018-02-15 17:36:08,2018-02-22 00:00:00
75e7e33e52d884da90b436ae1da13be5,0127d98d4a7e205081ddac271d6b8e52,delivered,2018-01-07 22:26:40,2018-01-07 22:33:33,2018-01-10 17:48:51,2018-01-15 16:58:47,2018-01-24 00:00:00
e6e3ea418f0f343e88a3dc62eaf24699,01c77b0f81a1e64cc8de4f736226f7a1,delivered,2018-03-12 21:31:18,2018-03-14 02:48:54,2018-03-14 20:47:24,2018-03-16 21:40:44,2018-03-22 00:00:00
0518657f142278ad13d645c6b5b0a669,544b2f3a716fad7a3a4fa19ec23b409d,delivered,2017-10-20 12:57:34,2017-10-23 08:49:13,2017-10-23 22:21:56,2017-10-31 15:36:54,2017-11-14 00:00:00
cce2ceb2a8ee779a15975a90e6063cab,e6fca8fbc9c7096c3c1d4a464a74fe89,delivered,2017-03-19 10:58:02,2017-03-19 10:58:02,2017-03-20 11:20:08,2017-04-11 09:36:34,2017-04-17 00:00:00
2695c625c0969a576dfa8a6888fd04cd,9ed9389154097d9d798fef8d7e8354c6,delivered,2018-05-07 09:51:10,2018-05-07 17:17:17,2018-05-08 12:08:00,2018-05-23 18:54:49,2018-05-29 00:00:00
48fbeebc9d59b8f5b8c06d87af9626f2,20fed89d4e154ab11be0d7dc8550a980,delivered,2018-06-14 17:32:44,2018-06-14 17:58:02,2018-06-15 10:29:00,2018-06-19 17:26:34,2018-06-26 00:00:00
9f33a39fe21aa7e49c58d5c16da393a0,6bbda3b9328f07ebded997016a198c4c,delivered,2017-04-02 18:36:20,2017-04-02 18:45:21,2017-04-03 13:47:32,2017-04-07 14:33:06,2017-04-27 00:00:00
23169ab372b70385fcc9668d29aad84a,c46769e0da8615cdd59fe67f853ebd85,delivered,2017-03-28 15:57:03,2017-03-28 17:50:10,2017-03-29 15:17:23,2017-04-12 07:29:43,2017-04-19 00:00:00
d5b7a3030feb818d49d955a32425d329,62189b05812bf34dc2aefcb4119080b8,delivered,2018-03-29 17:40:36,2018-03-29 17:55:32,2018-04-04 16:42:29,2018-04-15 15:25:45,2018-04-20 00:00:00
2829feee3f2a5c865f84cf4efb8df48d,8974c83d17dba1c212c98adb6ea6eadb,delivered,2018-05-04 17:17:11,2018-05-04 17:33:49,2018-05-07 08:37:00,2018-05-15 19:33:01,2018-05-30 00:00:00
85feadc22f532c19478ba1b613a1f40a,d42f9f5f246e48d21bbde0765ca3640a,delivered,2018-01-17 18:54:36,2018-01-17 19:10:35,2018-01-19 15:44:18,2018-02-21 00:39:10,2018-02-14 00:00:00
8b8db8c79ea533bc4bfb2b5c854f552d,e1f6a4d95e763c60aa9c56b6abe2d6e8,delivered,2017-12-09 12:48:56,2017-12-09 13:30:47,2017-12-12 17:39:10,2018-01-11 21:25:26,2018-01-16 00:00:00
79c697a71c6bfb37a4c83d238e695404,d02dd1853ff4c18315adcae9b9340446,delivered,2018-06-15 19:19:38,2018-06-15 19:42:29,2018-06-18 09:49:00,2018-06-22 21:21:55,2018-07-16 00:00:00
97190f1266ff922bc8bab1fde79fbec0,5b7312052e4b59e6ca49d9d81216f832,delivered,2018-02-14 17:44:50,2018-02-14 17:55:33,2018-02-15 18:28:54,2018-02-23 18:35:14,2018-03-12 00:00:00
92cac19c19596022d13902b2908896ac,0e428c743cae9f960517faed86fe7a0e,delivered,2018-02-05 17:32:12,2018-02-05 17:50:06,2018-02-06 21:03:38,2018-02-17 13:07:22,2018-03-06 00:00:00
30912e56cd416bbcbd9d3282e643c27e,333a913545093913245d9bef9d363d4d,delivered,2018-07-26 13:19:41,2018-07-27 04:05:20,2018-07-27 14:31:00,2018-07-30 18:08:56,2018-08-10 00:00:00
61877f26b314bbf4aef8f12f4cf0ed7e,82c039fbaec6d8e716dac79611cd8a1c,delivered,2017-10-05 15:13:49,2017-10-05 15:28:20,2017-11-11 13:38:41,2017-11-17 17:06:25,2017-11-23 00:00:00
df906ca18e91f3bf9c6f0c2a41d54a94,c8573b163fe4f9b3dff6464c927dcac8,delivered,2018-04-08 13:07:27,2018-04-08 13:30:17,2018-04-11 17:52:41,2018-04-18 23:36:56,2018-04-25 00:00:00
3521cc9e135966413d4c3eb1a212e19a,bef97440218f17f5f6a75807e2bd7793,delivered,2017-11-14 17:38:37,2017-11-14 17:50:29,2017-11-17 17:11:37,2017-11-25 11:53:09,2017-12-19 00:00:00
d263c89354a73314488491185858af42,6d3e9ccd146cea260421e9a7bae2e63a,delivered,2016-10-10 04:49:29,2016-10-11 05:03:06,2016-10-15 05:03:07,2016-10-18 06:03:07,2016-11-30 00:00:00
d63ca971879bcbc2bc28cb2b4a8d1c52,927f0faa2744e1cdf9e41f695584615a,delivered,2017-10-27 17:42:13,2017-10-31 04:15:26,2017-11-01 19:37:47,2017-11-07 18:38:41,2017-11-17 00:00:00
bf5df6110fa6b9de1ed64e327a25396d,e16dbb19dc066509f763fe7850956959,delivered,2017-12-30 20:08:42,2017-12-30 20:40:19,2018-01-04 12:47:57,2018-01-30 19:05:52,2018-02-05 00:00:00
c39256279451486ab6eed803a7c5b094,c0c28584291e1c711bb2028a4c85b7d7,delivered,2018-03-16 19:19:07,2018-03-16 19:30:30,2018-03-22 18:56:51,2018-03-28 18:16:44,2018-04-04 00:00:00
9cb00de5b638536df59a274ce43e811d,cb2c4b5c307d9317df0ef548f4ced7cb,delivered,2018-03-25 23:49:29,2018-03-26 23:47:07,2018-03-27 18:57:38,2018-04-20 19:18:35,2018-04-16 00:00:00
74500bfc015eccf3d38f95558177b21b,483efcf2fb031d5a75cca49aab77de4a,delivered,2017-06-08 13:41:02,2017-06-08 14:03:25,2017-06-12 16:32:33,2017-07-05 16:21:38,2017-07-07 00:00:00
110ac0768c3e3a78e2937b1cb1ea3395,770d7945efb2aa13cbcf28eb7a353def,delivered,2017-06-09 08:49:04,2017-06-09 09:05:16,2017-06-09 10:29:26,2017-06-14 14:46:53,2017-07-04 00:00:00
67d760ec323d2c9f0292ec4cdafc676e,d9b82559f506833a5b2c6399d157059c,delivered,2017-10-23 19:56:29,2017-10-23 20:14:23,2017-10-24 20:04:54,2017-11-09 22:18:58,2017-11-14 00:00:00
62005c92ae50253cbafc90c07cf33d2e,10fa88a7b6a80c8361f3d4d83b6d384c,delivered,2018-08-21 16:53:34,2018-08-21 17:08:59,2018-08-23 13:06:00,2018-08-24 17:51:00,2018-08-30 00:00:00
40bf40ed29a5bbdb73aaeb5eb134168f,2cb7447e1f39e0226cb412707cf38a09,delivered,2018-07-13 12:13:23,2018-07-14 11:25:10,2018-07-17 14:16:00,2018-07-24 22:04:52,2018-08-17 00:00:00
959736e06ddf68235a3bd98b1bf8edba,20b9fa6e5c3b0221bc22277024f4a1fe,delivered,2018-03-04 17:48:58,2018-03-04 18:28:04,2018-03-06 00:14:16,2018-03-17 13:58:47,2018-04-05 00:00:00
69aea24ee3243d0535ea6e03789bb5fc,cda108ca8623c898ad5cbedfe9f6fc88,delivered,2018-06-15 12:46:02,2018-06-15 13:26:43,2018-06-18 15:52:00,2018-07-03 07:52:06,2018-07-25 00:00:00
5fbf3a364c57e553f502c5ee2a388da1,81c1b162b444c41613ad9285e92d6beb,delivered,2017-08-10 11:49:36,2017-08-11 12:04:07,2017-08-11 18:52:18,2017-08-22 18:54:05,2017-09-01 00:00:00
922aeb0ac07d644471698222684ea285,6a3392d49966d00c8547fc17d85c2490,delivered,2018-07-24 22:15:53,2018-07-24 22:30:10,2018-07-31 12:40:00,2018-08-06 12:19:57,2018-08-10 00:00:00
0c92ac263657a43f18927cc6392e3816,1acfa2218cb27d4f3d8a50e94d01b7d6,delivered,2017-05-30 16:14:58,2017-05-30 16:25:17,2017-06-02 13:09:03,2017-06-06 11:49:51,2017-06-22 00:00:00
45b8bb0bfeacbf5aebe4c3f5cbcd2b06,0734e8ed607954bb0d89e1d9435cec68,delivered,2017-03-13 23:46:04,2017-03-13 23:46:04,2017-03-14 10:22:22,2017-03-16 10:34:23,2017-04-03 00:00:00
dd1bd072c709a5e654fd047560eba5aa,71b5cbb958bd657c21d085a0d8d93ed4,delivered,2017-08-22 22:37:13,2017-08-22 23:06:54,2017-08-24 16:13:40,2017-08-28 22:19:08,2017-09-15 00:00:00
da19f73a444dea9507b737d32d8eef61,7f26acabc0de284841a6faaf0c1c0d6e,delivered,2018-01-02 10:58:31,2018-01-02 11:11:06,2018-01-02 19:47:16,2018-01-11 21:20:00,2018-01-30 00:00:00
fdaf0fd938efa36f6b32471ef6b7e63f,0d96a1fb32c4c68e63245cbdbe523457,delivered,2017-03-28 18:37:40,2017-03-30 02:15:24,2017-03-30 16:25:25,2017-04-05 16:07:35,2017-04-19 00:00:00
de7160c97baceae5b576f3266f6b5752,96d41aa0f34b498afb810a4e4a583e8f,delivered,2018-07-22 23:58:52,2018-07-23 12:31:44,2018-07-23 13:36:00,2018-08-01 19:03:45,2018-08-13 00:00:00
058350ebe1e9c9b426d1331b4b6063d1,91ad3f8e690ac01a441bee801929b0fd,delivered,2017-03-15 05:44:17,2017-03-15 05:44:17,2017-03-15 11:29:50,2017-03-30 12:54:09,2017-04-07 00:00:00
0343fa2096b6d04743321f9b9f62c1e0,24a982bba67ae6828be5c20e4b24dbf7,delivered,2018-08-22 09:43:46,2018-08-22 09:55:13,2018-08-23 12:53:00,2018-08-24 22:18:35,2018-09-05 00:00:00
4b99a000045d86380d5b014642fbc499,a6d0826873e7fd69267d460a167a51e9,delivered,2018-06-29 12:41:16,2018-06-29 12:50:17,2018-07-03 14:56:00,2018-07-13 16:58:35,2018-08-06 00:00:00
aa9807c58e870fca0fbe582723264ed8,07a0f2cfb244ec5172ac0fbec747a6f2,delivered,2018-04-13 10:30:29,2018-04-13 10:50:19,2018-04-18 20:16:32,2018-04-27 19:32:29,2018-05-11 00:00:00
3081ddf6e7c6afa4e4124e7882486fcd,3a6cd46a9e28dace3c4f72bec2b7b2fd,delivered,2017-05-31 11:38:50,2017-06-01 11:45:18,2017-06-07 12:36:24,2017-06-22 15:07:44,2017-07-06 00:00:00
beff38e75b4e29421672a5a3a531bf28,a574e0d61e058f387df22f819b98c931,delivered,2018-01-29 15:46:48,2018-01-29 16:10:48,2018-01-31 19:48:34,2018-02-09 19:39:01,2018-03-02 00:00:00
bb3b61a129aba9eeb10bb81a4770f3b1,e986427e3d822269e0b7e998d86cf267,delivered,2017-09-08 13:37:07,2017-09-08 13:50:16,2017-09-08 19:52:05,2017-09-15 22:36:27,2017-10-02 00:00:00
da28a815dd7996590e84c9e51dec1ff4,0400b2f1a68d9a8cae29fe11727ceebe,delivered,2018-07-23 15:00:02,2018-07-23 16:20:18,2018-07-24 13:44:00,2018-07-27 16:21:08,2018-08-06 00:00:00
e1bf61ad2edc26abb98c7d7f4a8dc47c,06befe7433b2a159c7fe6d032bd9363d,delivered,2018-04-20 18:43:13,2018-04-24 19:07:41,2018-04-24 17:05:09,2018-05-03 19:32:53,2018-05-21 00:00:00
417b5687161450887ef2e6b283c15c32,1475f4faed88140845d11c61adb65a0e,delivered,2017-11-18 23:03:56,2017-11-18 23:25:59,2017-11-21 21:42:13,2017-12-08 12:27:16,2017-12-21 00:00:00
40237bfdaa849b45bb6dc75be63c3abf,238936b5700a697c2b7de970c54b21c8,delivered,2018-02-23 15:17:38,2018-02-23 15:31:45,2018-02-26 18:52:22,2018-04-03 21:22:39,2018-03-15 00:00:00
bdbcb0e21f0d85538d17911900b26610,f886bab03373ae225f6a7d25e7ec14a9,delivered,2018-07-19 21:09:30,2018-07-19 21:23:11,2018-07-30 14:19:00,2018-08-02 20:46:56,2018-08-09 00:00:00
668ae620ba2e85139d3707ad58062d4d,9d93a559f49450a3918a61465196ed8e,delivered,2018-03-13 15:03:38,2018-03-13 15:40:38,2018-03-14 20:34:54,2018-03-26 22:19:32,2018-03-29 00:00:00
dc87bada73c00ce3e2e2c2b985c9c647,9f8a7c7f427769d962c96e719c332bef,delivered,2018-04-13 09:53:32,2018-04-13 10:11:20,2018-04-16 22:58:59,2018-04-20 16:58:39,2018-05-08 00:00:00
06a9ff8c19b2d371a45c48568283929b,e878e62b47d38518219dc965e4fc7281,delivered,2018-02-05 11:19:38,2018-02-05 11:35:57,2018-02-08 19:03:43,2018-02-15 17:50:56,2018-03-06 00:00:00
69bc60eaf6ebaa60161426acc2dc5fb4,0b47866f6acf641f66da758074842c0c,delivered,2018-02-24 22:03:42,2018-02-24 22:15:30,2018-02-27 18:05:28,2018-03-16 19:43:36,2018-03-16 00:00:00
fd7303a4968ffb3832a0bc5fca2d2b6a,91b3ab92e7279abc4955341318de42f2,delivered,2017-05-21 09:23:01,2017-05-21 09:43:07,2017-05-24 15:39:52,2017-05-29 11:59:31,2017-06-09 00:00:00
1783899eca92b0bb639951f0a8909018,fdea9d678bf2979af34b835a4349b904,delivered,2018-01-18 16:37:53,2018-01-20 09:08:46,2018-01-22 20:13:39,2018-02-07 11:59:03,2018-02-22 00:00:00
3b0d3aa4a3663e2dfe9db5717d70d5a9,d473db85c392fee4f94c300cf4ddc792,delivered,2018-01-14 20:08:00,2018-01-14 20:15:30,2018-01-20 11:23:15,2018-01-24 20:26:39,2018-01-30 00:00:00
0944dd6401b58739dc030557fb149b25,4bbeac9d9a22f0628ba712b90862df28,delivered,2017-09-14 15:57:44,2017-09-14 16:10:17,2017-09-15 21:14:38,2017-09-19 20:21:43,2017-10-05 00:00:00
7a485479dbdf94502e471dbd3329a4e4,07193e2fc8e6b8a63e6c080a3cff4d89,delivered,2018-08-10 17:09:27,2018-08-10 17:25:14,2018-08-21 14:07:00,2018-08-27 22:06:31,2018-09-04 00:00:00
df30286452a2054192bfb48c75e6287b,e6403361fe0deb95faaf78dbe2b37d09,delivered,2018-02-25 13:32:19,2018-02-27 03:31:00,2018-03-05 22:59:59,2018-03-29 16:32:04,2018-03-23 00:00:00
3443b7575b141322b9be5ea9ba71188c,5c192d3f1d7b6f2f982c8e01aa350847,delivered,2018-02-25 18:36:15,2018-02-27 04:31:05,2018-02-27 16:41:44,2018-03-05 18:56:40,2018-03-16 00:00:00
7147bfba27147cf06600e5a1577d3a4b,c9208241068995082892e349a3c93140,delivered,2018-02-27 13:23:37,2018-02-27 14:00:26,2018-03-01 14:05:05,2018-03-14 01:51:43,2018-03-19 00:00:00
5a91aca4cab56a1119249a6ab5d41318,e1c828a8bb2e4d96ea7ab8542865f103,delivered,2018-06-14 19:28:13,2018-06-15 02:36:58,2018-06-15 13:05:00,2018-06-28 15:34:52,2018-07-19 00:00:00
82bce245b1c9148f8d19a55b9ff70644,388025bec8128ff20ec1a316ed4dcf02,delivered,2017-04-20 17:15:46,2017-04-21 05:15:56,2017-04-24 09:34:13,2017-05-10 09:17:55,2017-05-12 00:00:00
9d7737b250ca12ae1e89ef38f2e5d213,ca17d4fd424a130fa7a57e5465939eb1,delivered,2017-02-07 08:25:08,2017-02-07 08:35:20,2017-02-13 16:16:59,2017-02-16 16:53:50,2017-03-14 00:00:00
49f879aa078787ff9ca5e831515407b9,70ac12541e9e59f1da7a858304c02a50,delivered,2017-08-25 12:10:41,2017-08-26 02:15:50,2017-08-29 16:06:22,2017-09-11 11:53:23,2017-09-21 00:00:00
b986ced186e623c3fa979ee09cb4d300,7d8c3a90378f108950bc1f34e987df90,delivered,2018-07-12 15:27:32,2018-07-12 15:45:46,2018-07-23 15:59:00,2018-08-01 00:42:00,2018-08-10 00:00:00
8040ee89b88d6ea587b51b55dbfb4dc5,a577945519cf174d409718b07514767b,delivered,2017-08-05 09:52:20,2017-08-05 10:05:25,2017-08-07 19:34:58,2017-08-14 20:17:24,2017-08-29 00:00:00
c35c0040e09990a95e79c617fafe8c10,3d32aac5bce2d5bde5b0645ef8b319bc,delivered,2017-07-13 19:40:00,2017-07-13 19:50:20,2017-07-19 15:05:49,2017-07-26 01:36:42,2017-08-10 00:00:00
10870ce1b8fbb2c59df2c544b74d1b54,da2ccdc414de2205d98e7772a2fc37c1,delivered,2017-07-07 22:25:06,2017-07-07 22:43:20,2017-07-11 16:29:58,2017-07-22 12:29:27,2017-08-01 00:00:00
647c2286962851bb7b82d2238a2af37e,8d26289d2fae953a89034bab3efdf657,delivered,2017-07-29 11:56:37,2017-07-29 12:10:13,2017-07-31 20:12:25,2017-08-04 20:22:32,2017-08-18 00:00:00
05bf7a31e9d3eecf93db6a8e4508ed8a,17effd274d2fba6bd4b91ac477f63991,delivered,2018-03-02 13:11:03,2018-03-02 13:29:52,2018-03-02 23:27:56,2018-03-13 01:52:47,2018-03-22 00:00:00
31b82ff746d73aeab9bc070c10156273,a5e9bf539b43985bf77dc7c57783c639,shipped,2018-05-09 15:28:19,2018-05-09 15:51:25,2018-05-10 12:07:00,,2018-05-17 00:00:00
5fefa018b496e8145dfd56ae7320e222,c2612bb60a3070e0645ae554b00cb690,delivered,2017-11-13 19:14:59,2017-11-13 19:31:02,2017-11-16 17:19:43,2017-11-21 23:10:48,2017-11-27 00:00:00
d8e266265b5aa8df57f13a4fe58ee38f,b2939ba60688ad38a646e5ad35052707,delivered,2018-02-11 15:10:19,2018-02-11 15:27:26,2018-02-26 10:45:10,2018-03-08 17:33:42,2018-03-14 00:00:00
874ebca0220c7586ef0eaf166bb83ea5,b28a014f45c0c421660918418a592cb7,delivered,2017-11-11 23:20:20,2017-11-11 23:30:38,2017-11-21 14:38:47,2017-12-09 17:42:27,2017-12-01 00:00:00
1e613bb0c5a8b4b9a311d131c2564731,a8a9eb2da818e0762d118ed75a228e0f,delivered,2017-11-19 12:13:56,2017-11-19 12:27:59,2017-11-20 21:34:44,2017-11-23 21:33:55,2017-12-11 00:00:00
a144aa25d9d14f25ee9f3ec4118e5517,9353974c6d727e3739a8370ff655a774,unavailable,2017-11-06 17:36:36,2017-11-07 03:31:02,,,2017-11-24 00:00:00
7b9e7ccb0670a2b422f9cc382a87f86d,a4cb414bd1f91cefa16426dcd559af69,delivered,2018-05-11 01:59:58,2018-05-15 03:35:13,2018-05-17 14:43:00,2018-05-29 18:24:42,2018-06-01 00:00:00
44bfe9e18e3f1f25344d2bf7243bf2f1,e07a6553644addb188f2aeaa5f273348,delivered,2018-02-23 18:53:29,2018-02-23 19:08:07,2018-02-26 23:27:05,2018-03-01 16:43:44,2018-03-09 00:00:00
5d79b555805a2c67a647b4f2ed28891c,d9e37b93fff8ef5386bfbb36695cc072,delivered,2017-09-26 12:25:18,2017-09-26 13:49:26,2017-09-27 18:33:37,2017-10-19 21:22:32,2017-11-13 00:00:00
5feed08e8f66735ba71592e68d15a602,ba26119ebc275d7342f7f7a400c0cfd8,delivered,2017-10-29 15:23:08,2017-10-29 15:35:09,2017-10-31 15:43:33,2017-11-03 14:32:30,2017-11-17 00:00:00
02624f7cd7272b3e027320023dbdc99b,5cc48607521a18de6b6e2eeaace14501,delivered,2017-10-10 09:37:51,2017-10-12 02:31:56,2017-10-18 21:52:10,2017-10-25 17:44:06,2017-11-17 00:00:00
0aa1d9509ae8e0c76c03ad7ba91dc81a,2b25f2ba843e1bae62f28c7f43211a06,delivered,2017-05-12 07:59:02,2017-05-12 08:40:05,2017-05-18 14:30:57,2017-05-25 16:17:53,2017-06-14 00:00:00
0f32b97a3ceaa816f0ffa6af3ca4e0d6,a6b4224286518410d6a29b2b05d821b1,delivered,2017-11-20 16:14:24,2017-11-22 11:26:31,2017-11-22 21:42:56,2017-11-28 00:42:49,2017-12-04 00:00:00
621ab070c6e1491f81eb9a8a8ccb0ea9,d8a76a94468f01bfbbe028908b633981,delivered,2017-08-29 11:10:18,2017-08-31 02:35:44,2017-09-05 12:15:44,2017-09-08 20:36:27,2017-09-20 00:00:00
f2a150c813c1eb96fd1883c1ed8fd9e5,e624987b8f8a9424f614771d13698100,delivered,2018-06-19 10:14:30,2018-06-19 10:37:37,2018-06-19 10:14:00,2018-06-27 17:04:42,2018-07-24 00:00:00
199b954f78aa6406855014a9a935ef5a,1c76fe8aee9a8e6c4e431c68db930c38,delivered,2018-02-05 15:51:27,2018-02-05 16:11:01,2018-02-08 15:54:46,2018-02-22 02:12:52,2018-03-06 00:00:00
273f82958d907705dde15be4062c6888,a15b58ce82f163a86621d29cad826745,delivered,2017-08-28 22:47:17,2017-08-28 22:55:21,2017-08-30 12:17:05,2017-09-06 20:51:54,2017-09-25 00:00:00
f1faa948ad7764d64dff89bdcd2b88fa,efe6b975ad6b24a56b1bfeab0ae12fd1,shipped,2018-03-21 22:02:42,2018-03-21 22:15:53,2018-03-22 20:46:42,,2018-04-11 00:00:00
f845f1fe6a0c9e32eb740bdcc4da2aac,a54c7810d4a0a3563f11fb6ce6acf771,delivered,2017-08-10 19:52:54,2017-08-10 20:05:37,2017-08-14 10:43:07,2017-08-17 19:32:50,2017-08-30 00:00:00
4064b7bda3dcdab5dc717705f524d3bd,85118baea7f7e7f2d94d59128d2e70a8,delivered,2018-05-16 01:42:10,2018-05-16 01:55:12,2018-05-16 14:35:00,2018-05-21 16:46:43,2018-06-05 00:00:00
0c87dd1621990a460672f431810cb35c,d89b1257a6d34bbbbb9d3741fd88c3b2,delivered,2018-06-07 11:29:13,2018-06-07 11:58:30,2018-06-08 11:00:00,2018-06-19 14:59:41,2018-06-29 00:00:00
6bc8a792b7a78b27d3036a8d23b0ad38,fe01d69c1c9046eed7b45b06a443562a,delivered,2018-03-21 14:43:23,2018-03-21 14:50:40,2018-03-22 18:56:55,2018-04-13 16:35:30,2018-04-17 00:00:00
9c867ee818c84d2be46a83abbfb13004,360fe62c01314738c3a169f57bf3a638,delivered,2018-01-14 12:19:00,2018-01-14 12:29:21,2018-01-16 20:59:05,2018-01-24 23:47:10,2018-02-07 00:00:00
24e48a0c9fc1cfb4bf9ccfd3dfd7c984,97b5f2f6aafce8ce852721e5458caa49,delivered,2017-06-30 20:42:51,2017-06-30 20:55:17,2017-07-03 09:47:46,2017-07-10 15:35:33,2017-08-01 00:00:00
92f77906d8fcaa454fff43e1882deb01,d642380f5e4eb7812449e5598a625005,delivered,2018-01-03 15:58:43,2018-01-03 16:11:29,2018-01-05 19:23:08,2018-01-23 22:56:52,2018-01-29 00:00:00
64a484ba398186acb5cc014f8c5d1de9,661b6da6cba54a43ea809f16c419ea24,delivered,2018-01-03 10:48:57,2018-01-03 10:58:19,2018-01-05 01:00:04,2018-01-08 15:57:54,2018-01-29 00:00:00
0c350088bd84d6620d87abdd2b1e09ca,f2339ae279065c55abadea96d38178d0,delivered,2018-03-24 17:42:49,2018-03-24 17:55:31,2018-03-27 17:42:46,2018-04-12 00:03:25,2018-04-17 00:00:00
b43a195dd28616394e0209e0499adcb9,47166d26162214b0b8d361f2583cac81,delivered,2018-07-14 20:10:43,2018-07-17 04:32:06,2018-07-17 14:28:00,2018-07-24 21:26:40,2018-08-01 00:00:00
3843764d4f30d3653388f1b55c3a9ac5,6f47bf761ea5cbc060f0ac4b4fce666e,delivered,2018-07-03 11:40:00,2018-07-05 16:09:12,2018-07-03 15:47:00,2018-07-06 12:14:57,2018-07-25 00:00:00
f63534bddbd95cda0a1f281a1994a1ef,57abf224cb31e916d2e8f86fca92e631,delivered,2017-03-14 02:01:32,2017-03-14 02:01:32,2017-03-15 14:26:18,2017-03-20 14:22:00,2017-04-17 00:00:00
8c7743df5e89b7178ace0e9b7afe5208,1bd0d28ea82c44fcd1acdb41b4f464ea,delivered,2018-08-09 20:10:29,2018-08-09 20:25:12,2018-08-16 14:21:00,2018-08-22 22:22:33,2018-08-28 00:00:00
62473d4e38d5bc1cbe9ba89c2e552183,48b154cb685be74cf08890dadbfca98e,delivered,2018-08-22 14:18:49,2018-08-23 02:55:29,2018-08-23 15:12:00,2018-08-30 22:58:55,2018-09-17 00:00:00
2c1a2f921c5be4edef5b3cc5f8e79477,edd297f09df0a4096fd1162bdc7327a8,delivered,2018-03-23 07:33:27,2018-03-23 07:50:28,2018-03-23 22:09:45,2018-04-10 21:42:49,2018-04-16 00:00:00
c36b4feac86d66f1ad82c82c388f187e,cbe9f8fd52e2a3803cc739bb06a17e18,delivered,2017-04-05 10:13:32,2017-04-05 10:23:21,2017-04-06 08:44:22,2017-04-12 14:05:48,2017-04-28 00:00:00
32efd401773730f7d0d1c5ae2b841465,2f9b8619efb59affa0046e1c0d708c96,delivered,2018-06-29 17:34:17,2018-06-29 18:30:37,2018-07-03 06:05:00,2018-07-04 17:08:55,2018-07-18 00:00:00
816a46a1473af18688a832b10acf062b,bfd67443b57d0bf7c809e99ce4ebf132,delivered,2017-12-10 13:30:00,2017-12-10 13:37:33,2017-12-11 19:28:47,2017-12-13 15:09:00,2017-12-28 00:00:00
620e41d66853f928215b41c1700a9936,8272edd527850ce932066354691eaeee,delivered,2018-05-07 17:29:05,2018-05-07 18:10:43,2018-05-11 13:55:00,2018-05-18 18:08:57,2018-05-23 00:00:00
e80668d1356f3b4f4c77cbdb452adb7b,193067f31282f22e08758beef998c9b0,delivered,2017-10-24 12:56:06,2017-10-24 13:07:26,2017-10-26 20:52:50,2017-11-01 20:35:52,2017-11-14 00:00:00
615774e695ab140dcb5e1c0aeb15b9cc,f8260ac0cb6df254a4c7ec7dd62a3aaa,delivered,2018-02-26 09:32:34,2018-02-26 09:50:13,2018-03-09 22:21:16,2018-03-16 14:41:05,2018-03-28 00:00:00
0af28d87520565eb3b57c9b2abe1a2cc,0a209a88c2e3dc2981c79ad85c558059,delivered,2017-10-05 19:23:16,2017-10-05 20:28:06,2017-10-06 17:15:17,2017-10-17 20:58:01,2017-11-06 00:00:00
62b2ed9f26108431f257836ea0139fd2,e0c1d85e27b4f7327c1e7ea449afe602,delivered,2017-05-22 18:07:53,2017-05-22 18:22:43,2017-05-26 12:53:32,2017-05-30 10:47:06,2017-06-20 00:00:00
0d1bbf582326272fa550ed829bd2e1d4,0ef9b2f2eb46a3d1193b12676de597a3,delivered,2017-01-31 17:33:09,2017-01-31 17:45:17,2017-02-01 02:07:35,2017-02-09 12:42:20,2017-03-10 00:00:00
fd6a51f9eb40dd4bca270db2bd18aae4,45d0f33f9a4e1688ceefd7a8fc7d54d9,delivered,2018-03-08 17:10:52,2018-03-08 17:30:32,2018-03-09 19:32:00,2018-03-20 20:38:45,2018-03-29 00:00:00
ecd6c4b673e81e3ba899f65b2135ce70,aff59e4810efb674d1efc783f003a25e,delivered,2017-08-17 19:49:28,2017-08-17 20:25:21,2017-08-22 15:55:19,2017-08-25 19:02:45,2017-08-30 00:00:00
c05002c71f007c6a4056ca538113e991,f0192b8500e66726ff809a70709bcfbd,delivered,2017-05-28 21:45:01,2017-05-28 21:55:09,2017-05-29 12:18:36,2017-06-12 12:06:34,2017-06-29 00:00:00
86e6162676905a8c6ad0bcbd7df8debe,9846fec8bc074e976b741b9d766afded,delivered,2017-07-16 09:15:31,2017-07-16 09:25:08,2017-07-18 16:10:50,2017-07-31 13:35:52,2017-08-11 00:00:00
953924bfb9b567973c9f02020eb17eab,55c46824828ced3be243bdac63ab61b3,delivered,2018-05-13 21:46:24,2018-05-13 22:13:44,2018-05-15 14:27:00,2018-06-07 19:56:31,2018-06-08 00:00:00
1f3a59c2916b7d2ec5fb039cc15ea18e,5889225db49e6bd4c1280c55dacd8b75,delivered,2018-05-07 18:56:55,2018-05-07 19:15:25,2018-05-08 16:25:00,2018-05-09 16:54:36,2018-05-18 00:00:00
65a05062e11f3e5121cd0e0723bf765d,2799fe5cb33f25c1336f9c810f5bab84,delivered,2018-05-28 18:25:10,2018-05-28 18:50:07,2018-06-06 15:01:00,2018-06-08 19:53:43,2018-06-20 00:00:00
c62a1e40bd0ccc29edbef8925947bb37,39b59b462888c0b541d1550612718ea0,delivered,2017-12-20 19:03:32,2017-12-20 19:15:24,2017-12-21 21:37:23,2018-01-10 15:39:14,2018-01-26 00:00:00
42a64eac09d0a6be5a307753093d45e8,d8690d5619753ee8295c1a1f602d9fc0,delivered,2017-10-25 08:53:51,2017-10-25 09:06:11,2017-10-25 17:02:45,2017-10-26 19:05:14,2017-11-07 00:00:00
23e9f8ff4531eef8fbeb21efcf4ca260,194db5a5d58e5c923d6c2ef8c41e1234,delivered,2017-12-09 10:52:15,2017-12-09 12:54:52,2017-12-11 18:54:21,2017-12-18 15:12:21,2018-01-08 00:00:00
629e289bf8013a1e9dcb5fc8cb9b377b,bfe6959e788d3b3bc146aa98f45ddb6c,delivered,2018-06-15 15:13:15,2018-06-15 15:37:43,2018-06-18 14:41:00,2018-06-19 19:42:36,2018-06-28 00:00:00
63252822ecaf7648b1528bf6b64fd25d,333f3b8ed28ed6e0f9d3b4ecd7f5bfc7,delivered,2017-02-23 10:58:44,2017-02-23 11:33:50,2017-02-24 07:56:37,2017-03-07 11:58:13,2017-03-28 00:00:00
1222dd8e203987d55f99c5552d41746e,b4d9bdccef2f565308b2564514eba827,delivered,2017-09-11 15:36:42,2017-09-11 15:50:53,2017-09-25 12:23:57,2017-10-03 18:51:27,2017-10-09 00:00:00
bc3fdb57bf20b2ce17d66ab9750415ba,c95b27f706ec07cd720330a9116df8b9,delivered,2018-05-16 18:32:58,2018-05-18 00:37:21,2018-05-18 14:57:00,2018-06-01 18:02:18,2018-06-07 00:00:00
5daf14428a3c29d9dd22f97b7d5b3230,1809b56e12fc169272b817677c509ddf,delivered,2018-01-21 20:33:38,2018-01-22 13:58:45,2018-01-23 21:04:13,2018-03-09 18:12:49,2018-02-22 00:00:00
1b2eb899988cdcc0c604910e20a76c5f,f1ac767c61a06ae554888bf690ef0b94,delivered,2018-05-24 22:54:31,2018-05-26 02:32:38,2018-05-30 12:47:00,2018-06-06 18:49:50,2018-06-21 00:00:00
a0c1ac2d2b7ee099ba14b612a76b6187,03c546b7602c2844a20de363905be285,delivered,2017-09-02 09:17:19,2017-09-02 09:30:14,2017-09-05 20:56:50,2017-09-08 18:33:12,2017-09-26 00:00:00
31daefda0897759a2dee9729dd9e057e,f968b0bf97f533e582ecd3c84a266ba5,delivered,2018-05-15 12:41:15,2018-05-15 12:55:23,2018-05-16 14:10:00,2018-06-08 20:58:46,2018-06-14 00:00:00
d5ca15179b0ee9c4d3720776ad896416,5e34ec818bbecc4dbcd66d703eda98ac,delivered,2018-07-20 17:08:16,2018-07-20 17:24:26,2018-07-23 15:06:00,2018-07-24 15:22:07,2018-07-31 00:00:00
8cf0f8036fecc83aff5f07f4b5a4db55,500d19ce7db9f10540bb6a251379cc6f,delivered,2018-04-16 20:33:44,2018-04-17 14:11:30,2018-04-18 21:50:55,2018-05-08 00:27:34,2018-05-16 00:00:00
4759dc5cd30f8e283de04872dd5446cd,8c8ebb03344906d2201f54daafd859cf,delivered,2018-06-01 13:43:43,2018-06-01 13:55:15,2018-06-01 14:42:00,2018-06-20 12:35:24,2018-07-19 00:00:00
2d801e3f807fc361a71d5ff6da62b2fe,f2850bb56cf2cfc489501ff4671bdbc5,delivered,2017-12-20 23:39:30,2017-12-20 23:50:23,2017-12-27 19:17:34,2017-12-28 21:10:05,2018-01-15 00:00:00
628c4dc07e38c6a4309d58e8a42e2f27,90006c9239e7ad344dfc506766bd4a9d,delivered,2017-12-24 15:40:09,2017-12-24 15:49:35,2017-12-26 18:12:52,2017-12-29 17:30:15,2018-01-22 00:00:00
3a635b5f9d8d66a95086d273fdf4b9af,85aef466e2b060295cda720078676318,delivered,2018-07-28 13:12:26,2018-07-31 04:05:40,2018-08-01 12:23:00,2018-08-07 14:04:08,2018-08-21 00:00:00
c40180549a3a3bdff8f27b84bfff14ba,ad3997ef798ba2f1726554913d36bd87,delivered,2018-02-22 13:24:10,2018-02-22 13:35:27,2018-02-23 18:27:42,2018-03-26 22:55:39,2018-03-21 00:00:00
a3c299fda1b92fa41de80b43ecc70ddd,ab72b4d341557427246cd29f153d583b,delivered,2018-08-13 12:33:44,2018-08-13 12:45:09,2018-08-13 17:57:00,2018-08-16 18:18:48,2018-08-22 00:00:00
86b6e717cea86f8854d74e5b1df23e95,a048712aa4a206a8338d91a7092a488e,delivered,2018-02-17 01:25:43,2018-02-17 02:07:49,2018-02-19 21:33:24,2018-02-23 19:21:52,2018-03-13 00:00:00
6d6f16813fbb3448a034fc242a2603c6,50a2bbfdc15bf77a19b7e096c8eadbcb,delivered,2017-11-16 12:12:12,2017-11-17 13:55:26,2017-11-21 19:37:23,2017-12-05 18:13:06,2017-12-07 00:00:00
138f041df3644d9ad82f50c67b7bb304,c46b80a1d5e25ac1e32520e9b70ded53,delivered,2018-07-16 18:39:09,2018-07-17 18:35:11,2018-07-20 14:55:00,2018-07-26 18:58:41,2018-08-03 00:00:00
d98fa029a1d4f7a477678c66f0a5d780,a62e891e73a1412941a1ec16d02e1bf6,delivered,2018-04-17 15:07:31,2018-04-18 15:11:25,2018-04-20 02:26:40,2018-04-25 17:28:22,2018-05-10 00:00:00
f69fdefb076eab898275116d3af13742,0763c0d40237127124928fd4bfbcb690,delivered,2017-11-24 19:14:06,2017-11-24 22:39:31,2017-11-29 20:36:28,2017-12-01 15:22:23,2017-12-08 00:00:00
5d284e172fe3bafba10f2c60e3ea2047,79bf49fff32de9cb236d31bcffa1d6ef,delivered,2018-07-31 14:55:13,2018-07-31 15:44:37,2018-08-01 13:49:00,2018-08-09 18:58:48,2018-08-14 00:00:00
0f8ea8bf70adb55dcc5f8501984138ca,8b43cf398f49439f18c5aeefd19a8855,delivered,2018-02-08 13:21:51,2018-02-08 13:30:36,2018-02-09 21:18:58,2018-02-14 21:26:08,2018-02-26 00:00:00
45fb3f449f9ca45f89ba2d2b062e495b,4427125d8551590623a0e4dbbb2e25ff,delivered,2018-02-07 21:15:58,2018-02-07 22:00:27,2018-02-08 23:49:11,2018-02-09 13:58:39,2018-03-20 00:00:00
65a56537a4b967ab349287b7c0229c07,831f008be56b77027cedf97fb3ee5d7f,delivered,2018-03-13 21:57:34,2018-03-13 22:10:58,2018-03-15 00:56:31,2018-03-23 23:13:02,2018-03-29 00:00:00
16311a0494e6db86617bc4486d9f1e9e,236b6c73651af91335ddfd6d34f6422c,delivered,2018-04-11 12:04:25,2018-04-11 12:15:26,2018-04-12 14:42:56,2018-04-13 15:14:26,2018-04-27 00:00:00
7898dee2ff48e01ffb2b651e56d8b504,2e8e0bf9b784fb7069b6705ec26b0c87,delivered,2018-03-21 17:43:41,2018-03-21 18:09:23,2018-03-23 12:05:27,2018-04-23 19:46:43,2018-04-11 00:00:00
0650ef96422834cca0cc7799efbf6307,8e0193c71b2b59a05148996de6841d58,delivered,2017-02-04 12:46:02,2017-02-04 13:10:31,2017-02-06 14:15:22,2017-02-14 07:57:37,2017-03-07 00:00:00
d1a22a39de10a881fa47a509a1a9073b,8a3083e3f5500b50d6f4f3003604df87,delivered,2017-11-24 17:16:46,2017-11-24 20:53:47,2017-11-27 16:15:46,2017-12-06 22:48:41,2017-12-15 00:00:00
2ee6a55f531c6d9e507e1b4c7bb0156c,a94a18b754523b6845747ab60c906ece,delivered,2018-05-01 15:38:48,2018-05-01 15:53:50,2018-05-03 13:59:00,2018-05-09 18:59:42,2018-05-22 00:00:00
eaaee645b1c3232e02feea76ef993a9e,a02c3848a807fdc92f85e7f72225e1f9,delivered,2017-05-10 18:13:04,2017-05-12 02:50:30,2017-05-16 16:54:29,2017-05-22 14:37:51,2017-05-30 00:00:00
dad4408fb39e21cd4dd146ccf6c9d621,116d853f173cfe18e5c38d3cf786c278,delivered,2018-06-17 16:30:46,2018-06-17 16:59:50,2018-06-20 12:52:00,2018-06-29 00:32:45,2018-07-18 00:00:00
2ea63ebcda77acab196880c1dfb295d1,09d0dde3c6bfdc1a27a4ce32c54b6599,delivered,2017-06-09 18:52:57,2017-06-09 19:05:16,2017-06-12 15:53:29,2017-06-21 17:59:25,2017-07-14 00:00:00
270f5a5025de7523edbc65d690647f33,44c1de7065467e83835227adbd8af943,delivered,2017-10-18 15:59:04,2017-10-19 10:14:11,2017-10-20 18:57:44,2017-10-26 20:32:25,2017-11-17 00:00:00
8e500747ed0fbfd6b89bb11955b3ccbf,8dad9347d1a281ed85a300a7be9d0647,delivered,2017-05-17 12:49:38,2017-05-17 13:11:12,2017-05-18 08:26:53,2017-05-26 07:22:09,2017-05-30 00:00:00
4d1d3523aeda82887c2875955783ba2f,6d1c28c90a63f277029f47c7db8eddd3,delivered,2017-06-26 17:58:41,2017-06-26 18:10:16,2017-06-27 15:18:18,2017-07-06 13:56:55,2017-07-26 00:00:00
1feae53afbeb20695102145770b6037a,dc353d9edb5d35503fae9521399340c8,delivered,2017-12-19 18:48:27,2017-12-20 17:12:27,2017-12-21 11:03:39,2017-12-26 15:04:13,2018-01-08 00:00:00
1924c6aa8ef1e715f7593d5b36bc596f,05551733f29422ff885d0a28f4f04186,delivered,2018-08-07 10:11:48,2018-08-07 10:24:48,2018-08-08 11:11:00,2018-08-16 11:12:47,2018-08-29 00:00:00
459aa8ae0e09ae140ba9f75c1f429524,da7d957a36ea44a3b6dc9531d2e83148,delivered,2017-04-08 19:33:26,2017-04-11 04:02:03,2017-04-11 14:28:46,2017-04-19 11:18:33,2017-05-08 00:00:00
5546e31c47b50234b9ac599f2f8c0061,b7edcefe737a2bc9a92eaf9feb81fb93,delivered,2018-08-08 15:42:36,2018-08-08 15:55:12,2018-08-09 12:34:00,2018-08-15 18:56:39,2018-08-23 00:00:00
3900b88a922f66bc0aecfeb3807bec9d,ebbc53d51a9de79be500ef4db64237c0,delivered,2017-06-04 12:05:34,2017-06-04 13:02:02,2017-06-06 16:05:10,2017-06-16 09:08:03,2017-06-28 00:00:00
d9e98b1f6961932f22bf340d0153bbad,b7e6d605ef6d68ee56ae32f44ba064e9,delivered,2017-10-04 13:25:22,2017-10-04 13:35:21,2017-10-06 19:38:57,2017-10-17 18:10:50,2017-11-08 00:00:00
96cc8c42014ddb42a775da9a45ae3f76,a996449b1a83201ba86b95b20cfed295,delivered,2018-07-16 20:34:58,2018-07-16 20:45:18,2018-07-17 14:23:00,2018-07-24 18:28:50,2018-08-03 00:00:00
5c7ffa6a8321eb05f96b3f941cf874e5,138c289139c20975e732feabd97f3983,delivered,2018-04-04 10:22:35,2018-04-06 03:15:31,2018-04-10 20:28:24,2018-04-26 01:42:38,2018-04-24 00:00:00
731f1b5ebfacba1715ccc2efb20d50b0,a60e479a3fc936109dc7eec87f4bcfd6,delivered,2018-04-04 14:44:22,2018-04-04 14:55:25,2018-04-05 01:22:12,2018-04-14 16:28:38,2018-04-26 00:00:00
f536792a13716fb94028f1c59984763c,e1e145e1a407187a0057f9008aad829f,delivered,2018-03-20 20:41:40,2018-03-20 20:50:43,2018-03-23 19:57:40,2018-04-09 21:04:27,2018-04-16 00:00:00
d51e56e6a1d66d3b91bf2334a386cd69,4e9f7c472ba693814a2f590db355c0c6,delivered,2018-08-12 21:03:49,2018-08-12 21:15:14,2018-08-23 15:41:00,2018-08-27 13:37:51,2018-09-04 00:00:00
c99763ba8bcad2845131b6e9d2f203fc,781fa4901df881dd232d4c813b933cf1,delivered,2017-08-27 17:51:48,2017-08-27 18:04:34,2017-09-06 21:25:50,2017-09-18 19:57:42,2017-09-19 00:00:00
411753995b9d6dde2c840f9b96ad946a,dbf9a1c59cf0d00800719b3c51ca2e45,delivered,2017-10-13 21:25:29,2017-10-13 21:35:18,2017-10-18 18:02:41,2017-10-20 18:53:05,2017-10-25 00:00:00
9b8f6a6ca0b17d35ff480e9a2ad8b7ed,1e271efc20f4dcb7df3d3a8908c0b3eb,delivered,2017-04-22 22:21:10,2017-04-22 22:35:11,2017-04-25 13:47:40,2017-05-03 09:57:59,2017-05-15 00:00:00
b45e33527c11959b80ea6d7c471a34cf,b0bb9bbd58b0d9380fcfda42355e4089,delivered,2018-06-26 13:21:07,2018-06-26 13:37:27,2018-06-26 15:03:00,2018-07-02 15:56:51,2018-07-27 00:00:00
9656510a0f73952b9c305fe0bd264056,92567b8407d1f85946cda3732c6f9e40,delivered,2017-02-05 18:57:32,2017-02-07 17:30:10,2017-02-08 11:42:21,2017-02-15 08:07:38,2017-03-03 00:00:00
4abc7b5330425bcf9c2f7f48151a88c0,d1568f1104d2015dc70bdf7d9ab88dd2,delivered,2018-07-31 21:05:49,2018-07-31 21:40:18,2018-08-01 16:00:00,2018-08-07 23:56:48,2018-08-17 00:00:00
6ef48857a65c0db78e1cd9e0accbd55b,54946c90d1f2903802bcbf8c5d161782,delivered,2017-05-24 15:26:48,2017-05-25 02:35:11,2017-05-29 09:58:04,2017-06-02 18:12:58,2017-06-20 00:00:00
ed17f0572bc6ccdacbb220b282a6387c,456bc15b6d6ff358f65574b05e443459,delivered,2017-08-02 14:08:19,2017-08-04 02:15:17,2017-08-08 18:53:48,2017-08-18 08:53:42,2017-09-01 00:00:00
dbd8e1a6d62bae210e6a42ed8bcf8d39,dd9a54bea0eff3f69bc420353f20b52b,delivered,2018-06-13 22:51:45,2018-06-13 23:18:38,2018-06-14 10:22:00,2018-06-18 14:54:43,2018-07-20 00:00:00
ab46b23c27822b224f0e2fcca0f25e63,d06fde36eadfb52477c545e5922b1c9a,delivered,2018-01-10 21:12:16,2018-01-10 21:29:03,2018-01-26 20:53:17,2018-02-06 18:24:51,2018-03-06 00:00:00
45f538a7067ec91ebf71a1bc95a63be4,5996053930f57df892c5c73d6d2ef325,delivered,2017-10-22 19:54:34,2017-10-22 20:07:14,2017-10-24 21:36:06,2017-10-31 22:51:41,2017-11-10 00:00:00
5a8a4dc28b16fb90469ad749f9535773,c0c8b8bb055100a0cc08dcc04d847ac9,canceled,2018-03-13 10:58:09,2018-03-14 03:08:35,,,2018-03-23 00:00:00
c45e4de164ec4d68c64e752d6728e249,76dc9e33e0c0f5abda10293f94c86423,delivered,2018-03-20 12:35:01,2018-03-22 02:49:53,2018-03-26 23:09:07,2018-04-05 17:18:40,2018-04-18 00:00:00
47b4bf81340558dae3b914a280e01e9b,6c89a3dc26d1005e439d707eebeacc85,delivered,2018-08-14 08:02:03,2018-08-15 08:15:16,2018-08-15 13:55:00,2018-08-20 14:24:48,2018-08-24 00:00:00
dc82732094ba2671604e8a318714bb78,42d7c7a6251635276d0018efeaa9f7b2,delivered,2017-11-29 13:54:04,2017-11-29 14:29:36,2017-12-04 20:38:47,2017-12-14 00:18:56,2017-12-20 00:00:00
4d2711a0db9f671c10f8ce62aeb438bb,1dfc184018e7629962a4a1ddcda18be4,delivered,2018-08-21 18:19:10,2018-08-21 18:32:26,2018-08-22 12:53:00,2018-08-27 14:38:48,2018-09-21 00:00:00
8705d42adbcd3182c575cdf862302836,81b3290979f53b17749b77be9fc82279,delivered,2018-06-28 09:14:43,2018-06-28 09:31:36,2018-06-28 13:58:00,2018-07-02 14:39:35,2018-07-25 00:00:00
e20a706ac55f135718368acf3c333dc4,a5d154657615af89c19f5d280eaef844,delivered,2018-08-05 22:22:38,2018-08-05 22:35:17,2018-08-07 13:07:00,2018-08-14 19:32:54,2018-08-28 00:00:00
2002ea16e75277eaa0b5d78632048540,de0aef172ea9ed32450b0269c90e26b6,delivered,2017-07-22 22:19:02,2017-07-22 22:30:10,2017-07-28 18:17:44,2017-07-31 12:33:06,2017-08-04 00:00:00
6e2da070f43077174091a78e68313684,d54215e9d0698a25e80048a37fe10f9f,delivered,2018-07-30 10:11:36,2018-07-30 18:31:02,2018-07-31 15:54:00,2018-08-03 16:46:35,2018-08-08 00:00:00
032de52b21013e176ee997c8f210dd66,dd810dd0a6c0af12c6450f51f139a2bf,delivered,2017-12-07 09:32:16,2017-12-08 02:54:15,2017-12-13 00:27:01,2017-12-22 21:35:23,2018-01-11 00:00:00
4a99025f5af0af1eb1b6602980ae4a82,494135b0bd5233d349196e0df60d2211,delivered,2018-07-29 17:14:51,2018-07-29 17:30:12,2018-07-30 11:13:00,2018-08-02 18:32:35,2018-08-10 00:00:00
4bb6e6f5af26e1f5951d934386615406,f962bd6ee98fa707c3e2eb532bab37b0,delivered,2018-06-28 11:08:58,2018-06-28 11:31:07,2018-06-28 11:57:00,2018-07-09 16:02:28,2018-07-31 00:00:00
d54bea5ba90238aa83323565749538a1,10e925f935d8bfe0a9edf39378996fd7,delivered,2018-04-22 17:45:57,2018-04-24 18:33:58,2018-04-24 17:16:31,2018-05-12 18:20:56,2018-05-23 00:00:00
17c9362cdf27556b1765d93729c3beb2,efb45eecb70bb27f975a210586d2c726,delivered,2017-05-11 14:37:06,2017-05-11 14:45:15,2017-05-12 12:47:53,2017-05-26 10:37:57,2017-06-05 00:00:00
1fc1b67424adbd232ce0356571679bfd,a6aa237d1c215f52284dafb8886e839b,delivered,2018-01-02 20:13:01,2018-01-02 20:32:06,2018-01-03 21:12:59,2018-01-09 03:28:44,2018-01-31 00:00:00
387c2c33e495538e94878a500bf8e6d5,27f7d35941527e3ab4db13c6fe2a5e77,delivered,2017-04-22 21:11:50,2017-04-22 21:25:07,2017-04-27 05:43:02,2017-05-09 09:07:41,2017-05-29 00:00:00
7678a9ec36abfc35527725816936da8e,e8f66ba37c741a51f2b840dab001bcef,delivered,2018-03-03 19:36:34,2018-03-03 19:50:48,2018-03-06 01:24:52,2018-04-11 19:19:18,2018-04-06 00:00:00
5d17efea0be94cdb2964031a1eab75dc,7e531f641ecdf9f963183853812cfb59,delivered,2017-03-13 10:57:14,2017-03-13 10:57:14,2017-03-20 02:47:41,2017-04-05 12:03:38,2017-04-07 00:00:00
50dca56efe42d2213549482d6a885d6f,6c5beb24690ae5ae0ebec981a59f6aa2,delivered,2017-10-17 20:27:04,2017-10-19 03:15:19,2017-10-19 14:29:13,2017-11-09 18:17:23,2017-11-09 00:00:00
f52770381c11ff33137e243fc4e3a7af,eae76d09c9a029b49fc5643c30664ab0,invoiced,2018-01-15 17:37:28,2018-01-17 03:34:27,,,2018-02-06 00:00:00
742aea07dd8f1cc25098f44089301a0c,4b475c967c016e2a337fe9e1f803c195,delivered,2018-03-21 19:36:38,2018-03-21 19:47:59,2018-03-23 12:17:28,2018-03-28 16:48:35,2018-04-03 00:00:00
575fd25dc6bc7604b6a64f9d8fdb1cd3,a346f988c7f391f919345ab9926fbbc8,delivered,2018-01-24 19:11:34,2018-01-24 19:18:20,2018-01-25 18:33:23,2018-02-02 18:28:47,2018-02-21 00:00:00
1f58529a06e9f7c89e20ca450f51a5d3,10da8310d728c3b3b31b9e58e89db53c,delivered,2018-04-14 20:13:35,2018-04-14 20:32:26,2018-04-16 23:42:22,2018-05-02 14:08:55,2018-05-11 00:00:00
0ad9d4e4f4c9746b59ddb9c18d30d241,34a015971bd8681dda63a6ac74d6c825,delivered,2018-08-02 15:30:52,2018-08-02 15:43:53,2018-08-03 11:20:00,2018-08-14 20:56:36,2018-09-05 00:00:00
ffe4972089425f7752aad086a7fdce28,bb22cafe10da65775931fd4dfcc38328,delivered,2017-08-23 14:30:58,2017-08-23 14:55:18,2017-08-24 16:48:27,2017-08-30 17:39:10,2017-09-15 00:00:00
36534fe142509f207606ad15c006b7dd,cbccfa131f9417b13c43c21429910022,delivered,2018-08-13 00:00:57,2018-08-13 00:10:37,2018-08-13 15:30:00,2018-08-15 21:57:39,2018-08-17 00:00:00
3024eda1729b9daf946125ec8c271a91,df6697e2f4abe368dcd220afddef5746,delivered,2018-06-02 10:17:29,2018-06-02 10:31:01,2018-06-04 11:18:00,2018-06-16 01:17:38,2018-07-24 00:00:00
d1ea55f7318ed68dab3622af81e15141,7882d91898341a59ddd07cc20b613d40,delivered,2017-08-26 19:57:52,2017-08-26 20:10:20,2017-08-28 18:10:57,2017-08-31 14:32:17,2017-09-20 00:00:00
dc2b85f0ddea6ef19805bc5d4d599c53,a99420ee8768911f91f34b70236ce3be,delivered,2018-06-10 17:39:08,2018-06-10 19:12:22,2018-06-11 16:17:00,2018-06-21 00:18:35,2018-06-28 00:00:00
d25eb73c856b09c77cd7dd09d9a488c2,200edb1c132c2738f191a50202241f35,delivered,2018-07-15 10:02:37,2018-07-15 10:10:15,2018-07-18 15:27:00,2018-07-24 22:28:40,2018-08-17 00:00:00
9d241238f3827aced623154ace551dd9,7b8602bfd7410fdbd226bd6834947b3e,delivered,2018-03-08 19:46:59,2018-03-10 03:48:52,2018-03-12 23:27:24,2018-03-15 16:37:50,2018-03-21 00:00:00
bddbca2d48a961d74fe81de8febf9a73,0c90e2e49b87f3b84262ad7f6f7b11af,delivered,2018-03-22 09:15:32,2018-03-22 09:30:34,2018-03-22 19:41:48,2018-03-27 18:09:02,2018-04-16 00:00:00
20edc82cf5400ce95e1afacc25798b31,28c37425f1127d887d7337f284080a0f,delivered,2018-06-27 16:09:12,2018-06-27 16:29:30,2018-07-03 19:26:00,,2018-07-19 00:00:00
d1373152bf63d51168f41cbeba3663a8,b7337a831378a57196f7e83fce090948,delivered,2018-02-12 18:49:58,2018-02-12 19:08:34,2018-02-15 19:42:48,2018-03-05 17:05:23,2018-03-13 00:00:00
c711d7f26c4563f427379e7ed3bfdc51,1adf1bdaabeefd1a481a848c62b455af,delivered,2018-03-17 11:07:24,2018-03-17 11:28:43,2018-03-24 15:57:30,2018-05-11 21:34:22,2018-04-18 00:00:00
971255ac71ca5ab5eccc94b177e081c5,974809ed2f12441c5c99e5ab636c2af4,delivered,2018-05-07 18:56:36,2018-05-08 18:55:20,2018-05-10 21:03:00,2018-05-14 17:58:39,2018-05-29 00:00:00
1b151132de254c39a49f595684c80b41,749d30cbf1b9bd281f3a8be978f6b8a8,delivered,2017-10-26 18:51:09,2017-10-26 19:07:09,2017-10-27 20:40:12,2017-11-14 00:54:36,2017-11-30 00:00:00
b5628337dad9ae1f38266f0e22fdae4a,5092c34f9cd47ca0d9113d39cc513940,shipped,2018-04-10 22:02:11,2018-04-10 22:11:12,2018-04-12 20:22:39,,2018-05-09 00:00:00
332e264249f30a888b81bffd7a84e03c,7cc8aa1b58755e7d169084d0778f362d,delivered,2017-10-07 21:41:11,2017-10-10 03:49:20,2017-10-10 22:07:04,2017-10-27 21:21:57,2017-11-13 00:00:00
5971f2b65e9c6f58aca350ec6674905d,415b99f305c529eff05251b2b4fb0baf,delivered,2018-07-13 12:52:40,2018-07-13 13:05:17,2018-07-16 14:33:00,2018-07-23 19:22:27,2018-08-09 00:00:00
b0247f256d2486d4cb5f3bf93dd84eb4,30c6c7a5f5570eea755284d1775568b8,delivered,2018-05-27 16:42:04,2018-05-29 03:14:46,2018-06-08 10:24:00,2018-06-20 13:28:42,2018-07-26 00:00:00
5c48604208ff2a0458a13f33a4c7ef1e,1ec4d570acab4c499a5b92cb5d2f8967,delivered,2018-03-15 18:35:33,2018-03-16 18:30:39,2018-03-19 23:04:59,2018-03-26 23:26:34,2018-04-09 00:00:00
041bceeb0d1b95b5079ffb1ba84a779d,38ac160055eedc7c75233b488b5dd50b,delivered,2017-08-29 13:03:47,2017-08-29 13:15:12,2017-09-04 20:47:00,2017-09-13 18:00:05,2017-09-25 00:00:00
9dd1d19c4558ecb8601dd0305c30cec0,50f2efb2a5ba41f1b0c67ddb1daf86eb,delivered,2017-10-07 19:27:08,2017-10-07 19:50:03,2017-10-09 18:52:56,2017-10-17 21:08:04,2017-11-08 00:00:00
79e843f791612177a6bb9f948f96f904,a27d37b50d5647c132898b4fbb6782e9,delivered,2018-06-18 15:34:13,2018-06-18 16:40:26,2018-06-19 14:45:00,2018-06-20 19:24:25,2018-07-03 00:00:00
96e080e0b5e48d6beb4a7faeb056f5ac,2f7928483e82e3e5c79c091d974985d5,delivered,2018-06-18 22:57:51,2018-06-18 23:16:40,2018-06-20 14:42:00,2018-06-25 19:06:12,2018-07-12 00:00:00
771ee386b001f06208a7419e4fc1bbd7,206c0fcc717333d169ff95933fb47341,delivered,2017-06-23 13:11:27,2017-06-23 13:25:19,2017-06-26 17:33:37,2017-07-03 15:59:46,2017-07-17 00:00:00
1265cc7a9988226b4abf1885582ceade,81158f4b6c7e435523e87b28358dd55f,delivered,2018-08-06 17:01:24,2018-08-06 17:30:17,2018-08-10 12:34:00,2018-08-13 15:47:40,2018-08-13 00:00:00
2dc82d1bd19ac194b91db9b17adc5a62,aeb39899f743c5f0c51f233e3ed21b0e,delivered,2018-08-17 22:06:01,2018-08-17 22:29:57,2018-08-20 14:24:00,2018-08-24 16:19:44,2018-09-05 00:00:00
4dd4745f66dc08de8b825edf6155ce4b,9ea7875477b41433fd8e2f65a65a1d1f,delivered,2018-04-16 16:27:46,2018-04-16 16:53:31,2018-04-17 21:16:53,2018-04-23 20:06:51,2018-05-23 00:00:00
33862e8df33c7f4ce5d1c0142de3cf0e,1327ce0ab1e8ef67113da7aa01967f7b,delivered,2017-11-30 18:21:00,2017-11-30 18:38:08,2017-12-01 21:38:54,2017-12-05 20:57:05,2017-12-18 00:00:00
f829f185f0ec92a117ee3d8c9e9ed19b,12658d23a028a4fd61c6ed1baddf98ad,delivered,2018-04-06 13:51:26,2018-04-06 14:10:22,2018-04-07 01:27:44,2018-04-09 16:32:55,2018-04-18 00:00:00
d0e7875fcf8fa009f5295ad397fc7e18,4f7834e68e8b7f9054cc188ffc8c14c8,delivered,2018-07-19 17:46:37,2018-07-19 17:55:21,2018-07-20 13:01:00,2018-07-25 17:06:38,2018-08-03 00:00:00
f637db9f107a517712822ef3c44024aa,301636c99160f8491897102bc9314600,delivered,2018-03-16 16:24:35,2018-03-17 16:31:08,2018-03-19 23:58:34,2018-04-24 20:02:56,2018-04-09 00:00:00
7cdb98b018309556c5994e4a200213c0,371800d440c7ea96d8757c42728e0032,delivered,2018-08-05 16:07:17,2018-08-07 04:44:39,2018-08-07 10:34:00,2018-08-13 11:38:28,2018-08-20 00:00:00
b0687213cf67e3c3aa0fc89237bc79b6,add3e04b6e35f4df7b08f92e0b7acc71,delivered,2018-03-28 21:34:14,2018-03-28 21:50:14,2018-04-03 20:54:27,2018-04-06 22:08:58,2018-04-16 00:00:00
561cdd2accb4b96049e2f85972d8bffe,6ed3ba51865085a8de8bb730cefc8a32,delivered,2018-06-06 13:36:53,2018-06-06 13:53:52,2018-06-07 13:49:00,2018-06-25 19:29:45,2018-07-20 00:00:00
7b8ef69133bb95128e53e14329bdb03a,a347b5c92e4dfc932d041067f2f48fce,delivered,2017-12-19 20:48:05,2017-12-19 21:53:12,2018-01-05 16:49:01,2018-01-10 18:04:25,2018-01-26 00:00:00
89a7352733b3aeb0fc18bb034b52cc5d,7d82a13709e99b26885a188cf59d88cf,delivered,2018-07-17 17:39:51,2018-07-17 17:50:16,2018-07-18 15:54:00,2018-07-23 18:21:27,2018-07-31 00:00:00
4781da20482e1cd01049b1f299ead78a,23333f60bd6f1f3cdcd1f22524eb6721,delivered,2018-03-17 15:55:15,2018-03-17 16:09:04,2018-03-19 15:26:35,2018-03-29 21:26:37,2018-04-12 00:00:00
60762802b48bb6d256d55b013d115013,01be2c0c2d55c597b5ec011e26e4b0d1,delivered,2016-10-04 14:49:13,2016-10-06 16:03:34,2016-10-30 10:04:46,2016-10-31 23:13:42,2016-11-24 00:00:00
ba7da6649755130f12897371beb31272,3eae46e74d4780110d20fae4a9194b9d,delivered,2018-08-21 12:45:51,2018-08-21 13:10:45,2018-08-22 12:47:00,2018-08-28 18:18:43,2018-09-17 00:00:00
46ab3e1c2c3eed0ed5bd72930759d25e,a2f9ee83cc551cd380ebf53a01e7893b,delivered,2017-10-02 13:34:45,2017-10-02 13:49:48,2017-10-06 18:29:12,2017-10-18 13:23:13,2017-10-24 00:00:00
42653d5c4df9e26fb929a370f55ee092,92c1b9d98949d77bf4d5b5f8f039bc94,delivered,2017-08-15 13:13:27,2017-08-15 13:45:14,2017-08-16 13:26:49,2017-08-23 19:06:51,2017-09-14 00:00:00
dbaaa77999c0f5d953d543efe0f080f9,3e7b5d210ff52504781d20a8d6cf38f0,delivered,2017-07-18 18:15:12,2017-07-18 18:25:19,2017-07-19 17:41:59,2017-07-24 21:57:29,2017-08-07 00:00:00
4dfe2ddcd2de2e45fd88e8c6bae55901,4682711611a149a9f288e05f7093a526,delivered,2018-01-05 10:07:57,2018-01-05 10:16:26,2018-01-05 19:37:33,2018-01-10 21:49:22,2018-01-23 00:00:00
f3d6f3b9a369c62beee0dcee5584f442,14637e4d4896ccbebeaf2a02b0e2a851,delivered,2017-12-12 21:57:58,2017-12-12 22:10:56,2017-12-13 21:07:45,2017-12-27 18:27:12,2018-01-08 00:00:00
09c74db044dfe6e7f2a6b6a6750f36cd,1fc9edfa5157a14833804b4ffeba2c2f,delivered,2017-04-09 19:53:32,2017-04-09 20:05:44,2017-04-10 08:52:00,2017-04-13 12:18:07,2017-05-02 00:00:00
b2a075b61f56f754745f60eeca7c0f63,cb8142639e986f3ffda553fea7e60b3b,delivered,2018-06-21 09:56:56,2018-06-23 02:20:39,2018-06-25 10:50:00,2018-07-04 21:38:47,2018-07-20 00:00:00
ba8a2682e4b170d1b0f4f3507c2dddc5,4399de73b8c8afafb0134d5ccd8ff1b8,delivered,2018-02-06 13:09:15,2018-02-07 12:10:46,2018-02-08 17:49:00,2018-02-14 16:55:47,2018-02-22 00:00:00
759d3dd8671b3c60e168fbcef417a033,37c0ecd9010b98888a02504c69abfc50,delivered,2017-09-05 14:31:21,2017-09-05 14:43:55,2017-09-06 20:57:46,2017-09-08 19:16:44,2017-09-18 00:00:00
30fb13279028a5d1ebc47f8ace9b041f,8b36301602029ac8f28e6f14a682c089,delivered,2018-02-03 19:49:00,2018-02-04 19:49:25,2018-02-05 19:53:20,2018-02-22 14:59:18,2018-03-08 00:00:00
caeae132e3ebfb4af85f98f054c37ef6,9333ef63edca89e95e7c016f1c70633c,delivered,2018-08-07 01:54:50,2018-08-08 03:10:31,2018-08-10 12:30:00,2018-08-11 15:50:51,2018-08-10 00:00:00
722e7452a1ac677a58f6ad6ed2a94420,e6562b43e71911e95374c2eea157c11e,delivered,2017-11-24 14:46:52,2017-11-26 15:54:37,2017-12-05 02:53:20,2017-12-14 00:57:41,2017-12-15 00:00:00
2d8929b98f4be1f692ab7d61afb727e7,ca68daf43755062d6b719a1b36f92eb0,delivered,2018-04-11 20:13:43,2018-04-13 13:15:08,2018-04-30 18:51:00,2018-05-12 11:24:42,2018-05-24 00:00:00
9c6091fbefbb76532f8a51939765c532,b95d2f9bbd4c67ae66f0205e049bdd47,delivered,2018-04-06 11:07:05,2018-04-06 11:29:02,2018-04-10 19:12:19,2018-04-30 21:03:29,2018-05-09 00:00:00
99ceb37bf4c899aa443147118a509e3a,8e54b5b1e4935a0aed2ac2bad2b0995c,delivered,2018-01-17 19:46:16,2018-01-17 19:53:21,2018-01-18 20:52:30,2018-01-29 15:52:49,2018-02-07 00:00:00
2e9d2850537d9e6975149a266b9ecf69,398634ab2ca4bee203cd25ea737a49a8,delivered,2018-07-30 21:07:34,2018-07-30 21:24:32,2018-08-06 14:22:00,2018-08-09 02:26:34,2018-08-06 00:00:00
ed4a172213a7200e76de6bc76fc586d9,1a35275f8244f3615499d22380d98c61,delivered,2017-08-16 08:52:19,2017-08-16 09:15:13,2017-08-16 16:29:04,2017-08-18 19:52:29,2017-08-29 00:00:00
47c3ce4efeeff5eae692f5d31ef009e3,cfc5c8672fd109e453982d27a4678e62,delivered,2017-07-02 19:07:13,2017-07-04 04:05:23,2017-07-05 14:09:42,2017-07-14 16:37:57,2017-08-03 00:00:00
e0c8a0e62ecd027577c1cfdb38c8f1ee,c77d0b043f408944f858efe328a82738,delivered,2017-07-14 10:38:34,2017-07-14 10:50:25,2017-07-17 14:49:53,2017-07-26 13:33:10,2017-08-09 00:00:00
0e8f4c0385a96b68bd717e0e2ceb6898,9567b213dce8ca5f537da23f29cc2de4,delivered,2018-04-09 16:22:45,2018-04-09 16:35:27,2018-04-10 23:48:25,2018-04-16 22:36:30,2018-05-11 00:00:00
eba72fc69b4d8bb6893e635895a7bbf5,138eb7784345a6df16c545bbadcdc9c4,delivered,2018-05-10 09:06:10,2018-05-10 09:15:16,2018-05-11 09:23:00,2018-05-24 17:57:28,2018-06-01 00:00:00
26a488b0eb7d46fb424069b683e98d9c,6001d6a937026758eac868ce5ed16148,delivered,2017-12-08 12:12:23,2017-12-08 12:32:21,2017-12-14 18:14:31,2017-12-18 21:18:15,2017-12-27 00:00:00
3ea37e479ca4fb57227d43b806c98174,4ec9fdf2038cbe32c118593bb6ad7d16,delivered,2017-06-09 12:11:58,2017-06-09 13:05:41,2017-06-09 14:37:40,2017-06-14 14:15:57,2017-07-03 00:00:00
f1dd11aa9f95d84fd072504f9e6e2f11,a7f8e23edfe4f626606aa4ea905ae93b,delivered,2017-05-04 08:25:50,2017-05-06 02:22:46,2017-05-10 16:59:55,2017-05-22 13:58:01,2017-05-26 00:00:00
b645d720bd6caa9606b492b81c3f537b,5e78f8af6f430ad990614cd6a8c882d3,delivered,2018-01-26 17:46:58,2018-01-26 18:31:26,2018-01-31 19:41:22,2018-02-15 19:05:20,2018-02-19 00:00:00
370d5b41dfcdc96d0edb780967153d4e,ed7e76c66f7fc999b2529782eaf34b02,delivered,2018-08-03 07:02:12,2018-08-04 04:10:38,2018-08-06 17:19:00,2018-08-15 17:58:35,2018-08-17 00:00:00
fc54a67aa2c88278d6475185217dc47d,efc8da928ca055916a38bf09425cae3d,delivered,2018-04-30 09:56:54,2018-05-01 05:32:23,2018-05-03 14:18:00,2018-05-08 20:12:13,2018-05-22 00:00:00
21577126c19bf11a0b91592e5844ba78,1eebfdb7083031b40f727fb71f6cd5b2,delivered,2018-03-16 00:14:19,2018-03-16 17:28:45,2018-03-19 18:26:48,2018-03-29 16:04:48,2018-05-11 00:00:00
e1f72316055b5f5da7834780f994d6c7,85e495405c453c08537f1eaf6aa7fa5d,delivered,2017-11-22 21:20:30,2017-11-24 03:11:53,2017-11-24 16:04:49,2017-11-30 01:18:56,2017-12-04 00:00:00
a65123674e1b3ffde2fff9af8c009f30,4f5e4ae2ccce7e66aeeae545bf12fd41,delivered,2018-01-07 21:45:04,2018-01-07 21:57:23,2018-01-09 22:44:45,2018-01-30 20:51:42,2018-02-07 00:00:00
9b9993961d216f751b2b4cf2c85e1e85,e7c0ba41633ed69bf435337a8efc0c7e,delivered,2017-06-08 20:16:48,2017-06-08 20:25:14,2017-06-12 17:02:58,2017-06-19 19:16:37,2017-07-14 00:00:00
a01cc79e3afbac4a52ce1d528080e438,f71daf549aff62ad50e839ea1086d9a1,delivered,2017-01-11 10:24:36,2017-01-12 02:45:44,2017-01-16 09:53:31,2017-01-18 11:56:05,2017-02-07 00:00:00
eb54651b02b959e50ba4adaabeedfe80,234f9b7bd7eba28c42e8e8a09c98ea31,delivered,2017-12-05 11:20:24,2017-12-05 11:31:32,2017-12-05 20:13:38,2017-12-16 14:23:53,2018-01-08 00:00:00
42d0d6be3900c1f50190096f216695b1,bd17260667bf9ba6fc98095baadc4d8c,delivered,2018-01-04 12:03:36,2018-01-04 12:31:39,2018-01-11 22:52:59,2018-01-15 15:24:44,2018-01-22 00:00:00
76c4c846aae2dae9e87dfa492c3f5259,8c193b870f6af1254fdbf4bffed544a3,delivered,2018-08-06 14:01:56,2018-08-06 14:10:22,2018-08-06 15:43:00,2018-08-16 16:59:42,2018-08-31 00:00:00
581e3fa3023c8c6a8a485e6f8e52ce2d,b66312c857384ed1832f8095699dcd67,delivered,2017-11-06 17:37:07,2017-11-08 03:50:21,2017-11-09 21:18:33,2017-11-16 20:44:49,2017-11-24 00:00:00
6dac04f41aba0a18ba91cbe9779267c7,45b7888aec363575f56da95b698c465a,delivered,2018-01-30 08:20:41,2018-02-01 02:56:10,2018-02-01 22:29:51,2018-02-19 20:44:16,2018-02-22 00:00:00
97f3a84e96f9e837dae9f7e2f4570afe,74081feb88afbf611f4bb95713970ca2,delivered,2017-04-04 00:49:06,2017-04-04 01:05:25,2017-04-06 14:24:08,2017-04-17 15:05:44,2017-05-10 00:00:00
421b4ffa3b5162cfda443317c902f866,312f2600c780ef11495b2747d324451c,delivered,2018-04-21 08:51:36,2018-04-24 19:20:41,2018-04-24 19:38:50,2018-04-27 20:37:38,2018-05-16 00:00:00
615cc334a44e9fdc646ece2bd6de2c26,b5d86378a4bb9da33e1b66f4100ec9dd,delivered,2018-04-22 13:54:12,2018-04-24 19:09:30,2018-04-26 14:46:00,2018-04-27 23:40:51,2018-05-09 00:00:00
11052b4dd49ca81b1e7c63d562759b40,db8eb2e67c2b59f49a009213a8190ce5,delivered,2018-06-11 15:24:25,2018-06-11 15:39:24,2018-06-13 11:34:00,2018-06-15 22:17:41,2018-06-25 00:00:00
9e3239dcd0d89b2b4e9315e93f265c84,94fa5fb873b594639bd9eb8ebb2bbe8a,delivered,2018-04-16 10:16:00,2018-04-16 10:32:41,2018-04-18 18:56:45,2018-05-03 09:46:56,2018-05-15 00:00:00
506fad0fc79d02f8f890d91eeb9fddf5,0dc9cad43f5f7fc790046796d674f017,delivered,2018-01-15 20:01:51,2018-01-17 03:39:29,2018-01-17 19:59:15,2018-01-18 16:18:54,2018-01-31 00:00:00
345f3128d7ec2b4fe1b30bef9c24ac82,1da1ddb93496c573aa47b5c21d5107f1,delivered,2018-08-20 14:15:55,2018-08-20 16:15:32,2018-08-23 14:25:00,2018-08-28 16:42:07,2018-08-31 00:00:00
3ac745c240dae78ad2e1b9e191e92143,b3f3105461c1fbbfa2643be0e7ef3359,delivered,2018-01-18 15:08:15,2018-01-19 14:59:26,2018-01-23 01:25:07,2018-01-31 14:41:55,2018-02-14 00:00:00
c50a61769f40b372bbbd80499c805d9a,3e26a4bb735d6ca03379a86274ed9229,delivered,2018-07-05 11:49:09,2018-07-06 02:55:13,2018-07-11 14:12:00,2018-07-12 19:37:49,2018-07-19 00:00:00
9bc38db4ef1d6f4fd1844e03b30b843e,edb1c5c35746b4a1d65ad8a98fa84570,delivered,2017-12-04 13:44:44,2017-12-04 16:47:31,2017-12-06 20:57:30,2017-12-08 23:34:16,2017-12-21 00:00:00
8ebbdbcc79e51da16021583a29f2ee21,3975ac6ad466b998b9ed73750192cbbc,delivered,2018-02-15 10:14:59,2018-02-15 10:27:32,2018-02-15 21:38:05,2018-03-15 00:24:35,2018-03-12 00:00:00
bdf2232a3cc316d1649fc8faabec0f21,015895fd0bf723100a64b0ead7c69cd6,delivered,2017-12-04 14:07:18,2017-12-04 16:49:00,2017-12-11 13:28:35,2017-12-14 00:33:16,2017-12-20 00:00:00
ffe3153dcf1c03911848f64ed557764b,9e73c9ebfd2c3c58898f89e7d0409ea4,delivered,2017-04-10 18:36:47,2017-04-11 03:55:09,2017-04-13 07:56:06,2017-04-20 06:42:41,2017-05-08 00:00:00
0fb2bd6c42efa12c5f32ee37e5f9fd34,832a01736d438b4fec97d9c2b098274c,delivered,2018-01-26 15:01:14,2018-01-26 15:15:05,2018-01-29 17:28:29,2018-02-03 12:51:30,2018-02-19 00:00:00
adb00f908ea2044d0001f86671d882af,1c99df5830f7838be17f9760bd3d2bc5,delivered,2017-10-21 20:08:52,2017-10-21 20:25:48,2017-10-24 13:44:44,2017-10-25 19:53:15,2017-11-06 00:00:00
2565582c3ffde36251dbe19595831796,8b880ab73383ab5b2d89b1433cc10883,delivered,2017-07-16 18:21:08,2017-07-16 18:30:15,2017-07-21 11:13:40,2017-07-28 17:59:04,2017-08-08 00:00:00
c1f39bb1d57f413cc9d3086d546b3866,2f20e98344b75554e78a681c992cb5d3,delivered,2017-09-12 00:22:40,2017-09-12 14:30:32,2017-09-14 14:03:57,2017-09-19 19:38:47,2017-09-28 00:00:00
49d10d709e14496d0d1d8d6cb556d2f3,996cc20f492fe7046b8562c4526f345f,delivered,2018-06-26 18:49:53,2018-06-26 19:18:25,2018-06-28 14:05:00,2018-07-03 16:12:58,2018-07-23 00:00:00
4a1c879db7056f078a037fdf72b6d0fc,d34411df392e5437e4582b81f9ecb90d,unavailable,2018-07-10 19:11:10,2018-07-12 03:26:18,,,2018-07-26 00:00:00
59dccb56096ce22662c9a3f2f2312f39,4f478a1b6fdf3b0ea05cba4ca2aa473b,delivered,2018-01-23 15:02:57,2018-01-25 02:57:54,2018-01-25 23:58:27,2018-02-03 00:16:10,2018-02-15 00:00:00
83ac7baaa477085adfafa311103efaf5,2d90e35c08e9844be3e33d7be88d5d7b,delivered,2017-06-20 18:52:33,2017-06-20 19:03:46,2017-06-23 12:04:21,2017-06-26 14:42:10,2017-07-03 00:00:00
7d5ba597429574dce3200b4b20686641,b8c060a4856dc6ff0c09194202aeca51,delivered,2018-06-17 20:40:48,2018-06-18 20:36:55,2018-06-19 15:20:00,2018-06-22 21:06:40,2018-07-16 00:00:00
0c7ccdb239bd524a31dc66094fa59626,b08eed69a3c73eee40d52bed298482ef,delivered,2017-11-23 15:11:45,2017-11-25 05:10:57,2017-11-27 21:19:03,2017-12-04 22:15:03,2017-12-15 00:00:00
7cdaa17ad10c7724ac707e1a2fd3a3ae,df27b2625974afb5aea8a397df992f86,delivered,2018-03-21 13:45:45,2018-03-21 14:11:50,2018-03-21 23:07:39,2018-03-22 14:58:59,2018-04-04 00:00:00
cd7d5eba4ca59e359249279469aa4f7a,d4d6b4b9d85471149150ceda6dee1501,delivered,2017-03-27 14:59:54,2017-03-29 02:10:41,2017-03-29 15:37:38,2017-04-06 09:13:28,2017-04-26 00:00:00
993b2e3062c079f457a10aa536f9ca31,8bd5c421d45d6bd586c368f79a30cd2c,delivered,2017-11-11 17:39:53,2017-11-11 17:50:51,2017-11-16 12:18:40,2017-11-23 22:15:51,2017-12-04 00:00:00
b83fe0e59b384422cac91db5d32e1835,fe084cbada53a9db32d37961c2b1ac01,delivered,2018-06-03 20:49:34,2018-06-03 21:11:28,2018-06-08 14:34:00,2018-06-10 15:18:49,2018-07-03 00:00:00
b87f0af53388149e08ee91a0b00816a0,fb2723ec0f0d66b08daab79d416b1765,delivered,2017-12-25 00:08:10,2017-12-27 04:09:48,2017-12-27 21:59:21,2017-12-29 18:37:00,2018-01-22 00:00:00
44978a07c53273143a18ff837c2dd68d,0440345aa3f318c95691cd2345894071,delivered,2018-04-18 00:52:43,2018-04-19 00:50:24,2018-04-19 18:35:29,2018-04-27 01:06:47,2018-05-11 00:00:00
f92af4956f690ebc9200d25029ce7c06,132f29096d4013afb1d1b8e1a91e0ec0,delivered,2018-05-13 16:39:19,2018-05-13 16:53:43,2018-05-14 12:59:00,2018-05-17 13:07:38,2018-06-06 00:00:00
cf8565a85deb141e6113476f67622a70,80acb3276f8c1309c044141f104f85b9,delivered,2018-04-27 12:59:22,2018-04-27 13:40:51,2018-04-27 13:47:00,2018-05-04 21:24:55,2018-06-07 00:00:00
52d737a419e3d5424beb6b55abd83bcb,a0b2aa76be2d444889ea8544f1ce13c3,delivered,2018-05-21 16:08:32,2018-05-23 02:15:40,2018-05-23 13:46:00,2018-06-06 22:47:44,2018-06-08 00:00:00
86f409689bcc6848577f53fcfa1154eb,7e3ab6709f035a498a17cb5a9e9e0b93,delivered,2018-04-29 17:29:45,2018-04-29 17:50:12,2018-04-30 14:14:00,2018-05-10 21:18:52,2018-05-21 00:00:00
00143d0f86d6fbd9f9b38ab440ac16f5,2e45292979b9b2700ea09560eeb0f803,delivered,2017-10-16 15:29:43,2017-10-16 16:07:52,2017-10-16 23:04:43,2017-10-27 18:43:56,2017-11-06 00:00:00
36b7b9c89099230dbecdcde16e84c1cd,03e454af33e93cda33e1b22175ab8361,delivered,2018-03-27 18:22:21,2018-03-27 18:35:18,2018-03-28 21:51:52,2018-04-03 14:51:18,2018-04-27 00:00:00
8adafb3466daa5395694d3a906ff9d40,b7919647bde69acc948baa47823d6c75,delivered,2017-01-25 15:47:27,2017-01-25 16:02:29,2017-02-07 08:09:23,2017-02-14 14:03:35,2017-03-23 00:00:00
f1fbc76b5a7cfbf5170cba46cbc93c24,756443b83aba78cf471a583a9a712f22,delivered,2018-04-03 10:38:15,2018-04-04 03:10:17,2018-04-10 20:03:21,2018-05-03 21:02:44,2018-04-19 00:00:00
966d900084ff48f38516ba0a9bd50cfe,42b41007d8b9166d15d2b8898e23e52d,delivered,2017-12-04 09:15:59,2017-12-05 10:30:56,2017-12-04 23:28:03,2017-12-15 00:53:24,2017-12-29 00:00:00
a6ec65788794fad0fbd2e2839c73fff3,7bea077aae57157afa56bacc3852f1f7,delivered,2018-08-18 11:46:20,2018-08-18 12:10:30,2018-08-21 12:36:00,2018-08-27 22:18:31,2018-09-10 00:00:00
9c3a601d7089e5ecff0515e743748165,4a2dd9d4f4e3b6f3f69b5ed6804e6741,delivered,2017-08-25 08:54:14,2017-08-25 09:05:12,2017-08-25 19:00:17,2017-09-05 14:34:23,2017-09-22 00:00:00
2e95926835baa8ca4f74e2602a69a84e,86461f32d75c88adf526de69438d0a9f,delivered,2017-04-26 14:03:27,2017-04-27 14:02:39,2017-05-02 08:11:05,2017-05-17 16:43:05,2017-05-22 00:00:00
385183082e6bcd8f81769fe274d3654a,aa072112a00df3b18830253b7fd1f47f,delivered,2018-04-04 08:46:50,2018-04-04 09:09:51,2018-04-04 19:14:41,2018-04-05 20:39:44,2018-04-16 00:00:00
cf774fe62d37125e7b9638ef68f872b6,686fa334d4d911e9ad2ab7322363815b,delivered,2017-12-24 13:19:17,2017-12-27 07:27:54,2017-12-27 18:26:55,2018-01-15 16:06:54,2018-01-30 00:00:00
44ce6def1c74186615c88a02d09abcb2,7d32094fa9c3a39dc91a3947cbef7a13,delivered,2018-02-12 17:16:09,2018-02-14 10:27:11,2018-02-14 20:04:11,2018-03-12 22:51:13,2018-03-07 00:00:00
17a4db677e57484f24eb68217b8de4c1,6391b6b3125ec6fbe82bf0e2d616337f,canceled,2017-11-10 14:03:51,2017-11-11 02:55:43,,,2017-12-05 00:00:00
27cd2ebe0ab4174836a87975c23fa80f,40a91c7d480f3dfa350005175ab8cd86,delivered,2017-05-26 12:16:29,2017-05-26 13:03:57,2017-05-30 07:36:31,2017-05-31 12:28:54,2017-06-08 00:00:00
39176f8e4a96aef60a2f8df4431ae834,2e64e5e8249adfb083002ba9557ad24a,delivered,2018-05-10 13:03:41,2018-05-10 13:35:44,2018-05-11 15:13:00,2018-05-18 18:22:07,2018-06-06 00:00:00
91db217544d0eac98354b11f2f35abcb,c421c11493ae12b2aa0d0e455f015299,delivered,2018-04-29 22:10:21,2018-05-01 05:43:49,2018-05-04 13:17:00,2018-05-14 22:35:00,2018-05-22 00:00:00
37a8e5d9b2e5863960037179b26da448,a53d0a93c43728928e650fa9594d5f61,delivered,2017-03-06 16:08:25,2017-03-06 16:22:52,2017-03-08 13:03:26,2017-03-15 10:53:51,2017-03-30 00:00:00
76a49c5fef54cb6ca3491709fbb1690e,308e6d942164441583fd42189b7c87f0,delivered,2018-04-02 11:41:45,2018-04-02 12:55:40,2018-04-03 17:18:24,2018-04-20 12:18:36,2018-04-24 00:00:00
f4c47c5163aecbdc7ce04fa55857b332,a75907958158e25506f50ad5fcd605c0,delivered,2017-09-30 16:32:28,2017-09-30 16:49:35,2017-10-02 18:18:09,2017-10-09 19:52:51,2017-10-26 00:00:00
848ab881c02107858764faed825d804b,45210550b0f00e247f82f8ed5b08bf4d,delivered,2018-03-20 20:37:45,2018-03-20 20:50:43,2018-03-23 17:14:34,2018-04-19 00:56:34,2018-04-09 00:00:00
b31c6094960eb242c3513d619998cb6d,bb51ca7550fb2d6d3c9013fcacbca5b2,delivered,2017-06-17 22:38:23,2017-06-17 22:50:08,2017-06-19 21:14:59,2017-07-10 17:44:56,2017-07-12 00:00:00
ee24a4c9f2a2d7aa315838be51c92fd2,cdd80b2081f42efba588cac314068473,delivered,2018-05-11 17:14:26,2018-05-11 18:06:57,2018-05-14 13:01:00,2018-05-23 14:48:57,2018-06-06 00:00:00
a030d3d4fe79a482fd66cb2205cdd0df,2eff76851dab3f65075beafd2f4defad,delivered,2018-06-02 13:48:50,2018-06-05 04:15:10,2018-06-05 15:51:00,2018-06-06 22:18:51,2018-06-28 00:00:00
47c1158d35b8d9f0453d5f2ddbbcb3b0,b0c33e271d5098a6280aeaecf3e48639,delivered,2018-07-20 12:18:44,2018-07-24 11:31:40,2018-07-26 11:02:00,2018-07-31 14:50:57,2018-08-14 00:00:00
5701526ccd29e0cb831e1324aa60b867,28cc138d10aaf11f6ea6c7503a23e8a0,delivered,2017-12-09 00:12:30,2017-12-09 01:02:05,2017-12-20 01:27:03,2017-12-22 17:49:11,2018-01-08 00:00:00
1a4fe7b4e0810e3c234a4e39775b6d53,d927fb1a7573ee0227e2546f5b2ac302,delivered,2017-12-12 20:55:09,2017-12-12 21:11:34,2017-12-14 14:45:03,2017-12-26 19:17:58,2018-01-12 00:00:00
5e52347cf930a594b49921ee25d22742,9745530bf7ae3bd09df91feac9b7b827,delivered,2018-02-27 18:40:51,2018-02-28 18:35:31,2018-03-01 20:17:03,2018-03-27 01:48:22,2018-03-19 00:00:00
23878b3366bb97c4877f944c685fc546,8ee18779cf374be7b2bebc957901b9cd,delivered,2018-08-23 10:23:31,2018-08-24 10:16:49,2018-08-24 15:08:00,2018-08-29 18:21:11,2018-08-31 00:00:00
a9fff775c01f5c2af9b79817fab57cd3,ffb145238917df668b2d40bf9532e6c8,delivered,2018-06-29 06:53:08,2018-06-29 07:10:17,2018-06-29 16:00:00,2018-07-04 16:18:57,2018-07-19 00:00:00
3ca18df2135c0a2602ea7d0e9bf8cb03,6b414ea1698537945c2070bb0869405f,delivered,2018-05-01 16:53:21,2018-05-01 17:12:54,2018-05-02 19:34:00,2018-05-03 19:26:49,2018-05-17 00:00:00
e7edc87c7e9b1ae5ef04110fba7debf1,8610df3f298a416963e7a02438d11e61,delivered,2018-04-20 12:34:10,2018-04-24 19:05:57,2018-04-25 11:43:00,2018-05-03 18:42:24,2018-05-24 00:00:00
96a2ebaf09ce36a4370b97e9fd0d5a85,a7874da00f871ce4c4110dd1f66b9c2f,delivered,2017-06-16 21:09:41,2017-06-16 21:23:06,2017-06-20 12:22:34,2017-06-21 18:12:37,2017-07-03 00:00:00
382a503d9d9928675c03cb26ea99b262,a71c238a73216055be790a966f67ab94,delivered,2017-08-06 19:40:37,2017-08-06 19:55:06,2017-08-07 19:53:57,2017-08-11 13:49:50,2017-08-25 00:00:00
aefe90553e50779cfa353170674e9d0f,9703b7581528b85f8a8ab7bff039eea0,delivered,2018-01-24 10:49:57,2018-01-24 10:59:31,2018-01-29 18:32:36,2018-03-27 00:12:37,2018-02-22 00:00:00
b87287b5e32f2ab2319f41ce30055288,ea73910567eb37591907c52330458a3b,delivered,2017-10-26 10:34:02,2017-10-26 10:49:21,2017-10-27 13:59:29,2017-11-03 21:07:44,2017-11-23 00:00:00
cac1850fae99ea24a8186fad4db365bb,c36cae233a8ba856a4892d8a869822c5,delivered,2018-05-13 08:23:22,2018-05-13 08:35:11,2018-05-14 14:23:00,2018-05-17 19:15:32,2018-05-24 00:00:00
3a5f9959785e2cc88b4618dec84a5834,4aee9f8027afb09c8490b3d91f3421d7,delivered,2017-02-14 15:31:29,2017-02-14 15:45:20,2017-02-15 10:40:32,2017-02-23 16:43:57,2017-03-21 00:00:00
2f0d70560615459213d3ea85549554a6,28df59294c71a63c40ff8ab5f97d2d84,delivered,2018-02-04 18:56:06,2018-02-04 19:10:28,2018-02-06 20:07:24,2018-02-07 18:45:51,2018-02-21 00:00:00
b33c9bb2caa1d2b9f219b70f6dba7dce,891adb1fb4da5da2b8b8c367bf9801d1,delivered,2018-08-26 23:45:45,2018-08-28 03:45:15,2018-08-28 14:30:00,2018-08-30 22:04:58,2018-09-17 00:00:00
db70f8a5634ca9a20586be3dec6ad653,b41621582a61faa80d6607700ea04330,delivered,2018-08-04 01:57:54,2018-08-04 02:10:08,2018-08-10 11:38:00,2018-08-13 15:21:22,2018-08-10 00:00:00
b3d71a2000f053668c1baac73b5fe4d7,331433a5f105c6ecb2be21818b8c142a,delivered,2018-07-17 00:32:45,2018-07-19 02:45:21,2018-07-19 13:41:00,2018-08-03 15:08:52,2018-08-03 00:00:00
b883943a11a0c834424c7bf9bfea8b88,c87d39f3ccad9f7fc9bf4d82465d4103,delivered,2018-02-14 15:21:05,2018-02-15 11:30:34,2018-02-23 01:19:00,2018-03-09 01:48:22,2018-03-07 00:00:00
15847be2cbb3423e9344e53b040ef2a6,38658a45235ad07f51a84607654e53f1,delivered,2018-01-13 00:21:59,2018-01-13 00:58:27,2018-01-15 23:51:49,2018-02-01 01:53:10,2018-02-09 00:00:00
7258f5b1cf840900c133d9f7192b7a84,9d394287cc0e0045079b25d2df4adf87,delivered,2018-07-09 11:48:34,2018-07-09 12:05:04,2018-07-13 11:18:00,2018-07-14 14:08:55,2018-07-26 00:00:00
d84ce4acc4a19690d7a7b6f5df4d3023,df617ecf75e122f5982420b0495cae50,delivered,2017-07-13 15:52:11,2017-07-13 16:04:46,2017-07-19 18:27:38,2017-07-27 15:36:44,2017-08-02 00:00:00
3304f260a9b2d280ac64521d3e911dec,9ab6829ab5b95881413d99af140fdf08,delivered,2018-01-22 15:45:49,2018-01-22 16:18:06,2018-01-24 00:56:31,2018-02-02 17:41:43,2018-02-21 00:00:00
693f8bb47e6135ecad76616fa2596a05,ba7bd8c251c6e523206a75d970a5cc18,delivered,2018-08-08 19:48:41,2018-08-08 20:05:03,2018-08-10 15:07:00,2018-08-20 18:32:24,2018-08-29 00:00:00
df49de84ab3bc9177615784feba35c12,5b40ee158c068bf21a34d6d5103e2e1d,delivered,2017-10-20 17:13:33,2017-10-20 17:28:19,2017-10-23 17:41:33,2017-11-08 22:03:13,2017-11-16 00:00:00
f2b00200fa3b427fee60eb4fa811720b,fefe47950f42fddc66afdf7315a36dae,delivered,2018-05-24 16:43:06,2018-05-26 02:18:40,2018-05-28 15:55:00,2018-06-07 17:44:58,2018-07-03 00:00:00
d470b00bc3d705453cd02a793aaddb07,0b66eb99b1af5a704c8bb97390d2ea76,delivered,2017-07-21 02:13:24,2017-07-21 02:22:47,2017-07-24 10:43:58,2017-07-29 10:55:35,2017-08-15 00:00:00
8048d654b51cffc429b4e7121a23f7c8,2edc05853c8ca0fd4f85b9e13da17c30,delivered,2018-06-22 16:18:40,2018-06-23 15:15:59,2018-06-26 14:51:00,2018-06-29 18:18:32,2018-07-18 00:00:00
0f2feb76d52c8e1be73daf8769a393e8,c849d0ca6e024f4f72ea8eace58ee21d,delivered,2018-01-18 22:28:13,2018-01-18 22:39:20,2018-01-19 21:51:49,2018-01-25 17:35:22,2018-02-19 00:00:00
a0d3f54307b8ea12232f5036ed0346ce,3c61d153a0c28055d1a1b539c70108d0,delivered,2017-06-18 21:32:41,2017-06-19 21:25:16,2017-06-20 09:03:04,2017-06-26 15:16:57,2017-07-11 00:00:00
bb7d0e5b853f82d1aac9d4f51ec59500,aa3feb1d75f1019a22cc8a83c06c1c63,delivered,2017-11-25 10:03:01,2017-11-25 10:14:54,2017-12-01 01:09:15,2017-12-23 16:48:54,2017-12-19 00:00:00
8782135cf0f7ffe6fb80bf501a37ecd2,42be87b086b08d5fffa3c5eaa479c660,delivered,2017-03-12 19:22:42,2017-03-12 19:22:42,2017-03-15 14:37:51,2017-03-17 06:58:52,2017-04-04 00:00:00
cfe2129968372224ea392ad47c0d5b02,0599f126a96e82b600270dca9776effb,delivered,2018-01-08 09:56:46,2018-01-08 10:09:24,2018-01-12 21:14:03,2018-01-22 22:58:10,2018-04-09 00:00:00
2a9d70160f5851dffc39e01a5486fb62,bf06992fd27d8a0a950104151b8ca61e,delivered,2017-02-07 09:07:17,2017-02-07 09:23:11,2017-02-10 12:09:13,2017-02-14 13:49:03,2017-03-14 00:00:00
ca843d205ec288c96c0133bc678c44e8,0456002a0c954678f3a3151b18ad4a05,delivered,2017-11-10 09:13:39,2017-11-10 09:30:22,2017-11-14 22:53:56,2017-12-09 00:26:50,2017-12-05 00:00:00
f1c86b9191896bcf9077ec22b6248153,994be0a2320e85a0c2416351bd93026a,delivered,2018-03-29 20:32:06,2018-03-29 20:47:26,2018-04-02 19:42:29,2018-04-11 15:58:33,2018-05-02 00:00:00
6fd39a1adde54d0a5e6fe5ddc6c8784a,4e364c106217fcf45f21a4db793866bb,delivered,2018-04-01 19:57:10,2018-04-02 21:28:58,2018-04-13 01:51:10,2018-04-19 16:04:20,2018-04-27 00:00:00
d170580dfcd364efdb0c94f51bac0fc3,7d0a76e4b14a9ca33d51eb09db9f92cd,delivered,2017-02-05 13:18:01,2017-02-05 13:30:16,2017-02-07 13:28:10,2017-02-14 11:41:42,2017-03-15 00:00:00
1aeb6136411ab7da012863ac27055dcf,afdbdd6ec103b8d9549f8ec395ed5671,delivered,2017-08-15 11:19:24,2017-08-15 11:45:20,2017-08-17 17:58:21,2017-08-25 23:42:22,2017-09-04 00:00:00
316d34d7998d35ca148e02a9a5611307,c57a20841f0336a275242ccdd9325c79,delivered,2017-11-29 18:11:38,2017-11-29 18:37:12,2017-12-01 00:08:52,2017-12-02 12:23:10,2017-12-13 00:00:00
e44ab38a09c7c1c8491ba831c5527914,98f2de76457ee90e5d8b763c25c734de,delivered,2018-02-28 10:21:31,2018-02-28 10:35:42,2018-03-02 17:51:52,2018-03-13 19:23:46,2018-03-23 00:00:00
475daaf912c5d6077ae695875f9e02dd,af19987afaab941ddba949ef09e2b393,delivered,2017-09-02 14:17:54,2017-09-05 04:44:23,2017-09-11 17:06:55,2017-09-18 18:35:11,2017-10-09 00:00:00
fde8ba9ac93d634f0221d048bae1dcf3,8e8100cecf5d8edee177276a3006d02a,delivered,2018-02-21 23:12:46,2018-02-22 23:28:23,2018-02-23 19:04:41,2018-02-26 15:03:42,2018-03-07 00:00:00
ab6d00347b9055691972ac20f00df77b,cb1f700f682e3a51b2d8cd55d577f3fb,delivered,2018-07-04 11:11:58,2018-07-05 16:32:56,2018-07-04 14:08:00,2018-07-06 15:34:33,2018-07-23 00:00:00
024a74550cdbd36c0fe3955fc9e2bcf0,5837b288ad076175ff451a905d6153f9,delivered,2018-08-09 08:10:23,2018-08-09 08:50:19,2018-08-14 14:42:00,2018-08-15 18:28:43,2018-08-14 00:00:00
f13f5fdf45611c82c2e37a20c065ddd1,20256d1b88643a4f8efaae9213d04da5,delivered,2017-07-10 21:41:19,2017-07-10 21:55:24,2017-07-11 18:24:36,2017-07-25 20:47:47,2017-08-09 00:00:00
43e13541e43361e50ca0f4f18e4a4863,5f063b22160f5b66dd74ab507d230169,delivered,2017-12-07 19:47:54,2017-12-07 19:59:32,2017-12-08 22:48:44,2018-01-10 22:43:48,2018-01-12 00:00:00
0b4129a3415a486e4965d618f9b5debf,c8dcc1767867cf118c0aa5f86519d14e,delivered,2017-11-26 12:59:04,2017-11-26 13:14:39,2017-11-29 22:46:49,2017-12-11 18:39:37,2017-12-22 00:00:00
c8e75378d45ac6daae73b7ff2d236798,ff99ec31eacd560b39d8ac9bc9b3e79d,delivered,2018-07-04 16:57:26,2018-07-05 16:10:05,2018-07-05 14:58:00,2018-07-06 15:22:02,2018-07-17 00:00:00
5e9539c329818fcbcf5579c92a58501d,f4f702d7ea3e215274437e0df02de452,delivered,2018-01-02 18:55:31,2018-01-02 19:09:07,2018-01-03 17:17:39,2018-01-04 18:16:56,2018-01-18 00:00:00
8ef9db017c57bd5bf1ee83358817d049,49bf065bf2bf468bb3f9e47c29a522e7,delivered,2018-02-05 15:34:17,2018-02-07 02:52:32,2018-02-14 21:23:34,2018-02-16 20:42:57,2018-02-21 00:00:00
f67e17b84d5d476bc5478e79ed177a3d,8de96756639d09772d2f364c7c81c32c,delivered,2018-08-07 10:20:26,2018-08-09 03:50:16,2018-08-09 14:18:00,2018-08-10 17:48:31,2018-08-20 00:00:00
9349a2d01c73ceff09422b184cf0ec61,becd99e96b08ae2bca207c431703956f,delivered,2017-04-20 23:09:14,2017-04-20 23:22:00,2017-04-25 10:49:15,2017-05-02 17:56:36,2017-05-19 00:00:00
82984749eb983f9f558a003b3fc693f7,17f4da960385fc28aabff33e739e314b,delivered,2017-08-28 22:40:14,2017-08-30 02:11:01,2017-08-31 15:35:07,2017-09-11 18:54:51,2017-09-20 00:00:00
d1a26dc0c31e929049044b86a868c08e,dacffceb81b6e8ccdc3c7f25a8c20cea,delivered,2018-02-14 13:26:11,2018-02-14 13:47:32,2018-02-15 23:09:24,2018-02-26 18:28:50,2018-03-06 00:00:00
cc798828f930d073a9b9592d56bd167c,c4f1520e30ecacaf4625b73784fa4c92,delivered,2018-01-18 16:03:36,2018-01-18 16:16:54,2018-01-19 23:42:04,2018-01-30 09:41:12,2018-02-08 00:00:00
32163a3da27e868cf12730227576ff1b,235dc25ef3e9ce5f942681ad165b673d,delivered,2017-02-03 19:23:59,2017-02-03 20:00:34,2017-02-14 15:57:25,2017-02-17 09:38:41,2017-03-10 00:00:00
c5d4823acfd714b139d9a100c0234122,c469d5b6ae3c2c61e9936a9ec05f21dc,delivered,2017-08-05 12:33:44,2017-08-05 12:50:14,2017-08-09 20:53:56,2017-08-15 14:05:33,2017-08-25 00:00:00
a52c52c656d3b3ef3ec72fcdc13c714f,e6775a7638f68355e3cf369f3e1e11f0,delivered,2018-04-20 07:59:18,2018-04-24 17:08:47,2018-04-23 18:51:59,2018-05-02 14:03:14,2018-05-18 00:00:00
c9a9cfcae27293ffcf7a40ce1e34f18f,c769ff428ee9e379ae96258f9dafa4d6,delivered,2018-08-01 15:41:11,2018-08-01 17:30:41,2018-08-03 15:12:00,2018-08-07 18:41:36,2018-08-17 00:00:00
0ac83eb5438f811c9d825c0a059a0f28,2c7fd840b20f1551c8a151f86349f19a,delivered,2018-02-19 19:54:43,2018-02-21 06:10:28,2018-02-21 19:26:40,2018-03-20 17:21:47,2018-03-20 00:00:00
c8fe12f276a71635e2f929eac9d2d21e,e7a1ded8a16fdf3a7676b01a71d55b78,delivered,2017-09-22 11:57:46,2017-09-22 12:10:16,2017-09-28 15:27:57,2017-10-05 20:05:24,2017-11-21 00:00:00
9b573950822247289cc283b3e30f19d8,b025998376e02b75dae7d887315d5da8,delivered,2017-11-24 21:04:24,2017-11-24 23:54:54,2017-11-27 15:57:06,2017-12-11 19:47:06,2017-12-27 00:00:00
f4acccb08d320d53aaec17225c6c7198,240c865a9f8ce153b1a4a0a3aed150b9,delivered,2017-07-14 22:42:19,2017-07-14 22:50:18,2017-07-17 18:04:00,2017-08-01 16:05:58,2017-08-17 00:00:00
da95f8b22acd8e17362c16bf0eb86714,e5ebeccac97f5d1d0580b471b47a8843,delivered,2018-05-09 00:44:03,2018-05-11 11:09:02,2018-05-15 12:36:00,2018-05-28 12:34:48,2018-06-01 00:00:00
3c21823fb08a6a2ff770877efffb1c1a,6471522ef0977f7402fcc46ae568c083,delivered,2018-02-08 21:58:29,2018-02-08 22:10:34,2018-02-14 22:43:46,2018-02-18 15:48:56,2018-03-02 00:00:00
ddea5624735479277afba6faccdcc28c,91c97d87d9a42187329e6ff6816a8251,delivered,2017-07-15 08:16:18,2017-07-15 08:30:18,2017-07-17 19:22:07,2017-07-21 22:43:31,2017-08-08 00:00:00
a8b7b51948bf9deabad95734d8470c5f,b933dffd7bce914ecf44a45630277fdb,delivered,2018-01-03 14:32:04,2018-01-04 05:11:07,2018-01-04 22:20:07,2018-01-23 19:51:52,2018-02-01 00:00:00
ce5f998d724ed1ac61c890e33b24a33f,56f1622201c6d8b17b1bc57367841538,delivered,2017-11-28 01:16:27,2017-11-28 01:36:27,2017-11-29 18:54:49,2017-12-02 18:04:15,2017-12-18 00:00:00
220f16b082fb12df459a193b4bbf9dbf,31db7b9f58e06664aeb89a82f52240b8,delivered,2017-03-22 14:09:46,2017-03-22 14:09:46,2017-03-24 11:36:27,2017-03-31 11:12:55,2017-04-12 00:00:00
0664199560952a51d76e1ccdadbd2cb7,1e248ce64cdbfc9d30332ff380eef1ab,delivered,2017-03-20 17:52:09,2017-03-20 17:52:09,2017-03-23 15:59:55,2017-03-28 11:43:22,2017-04-07 00:00:00
6b75c3e52a1fb04bd0b4f1975febc486,e8bfce998bdf363fe7a15422b17c1597,delivered,2018-05-09 17:04:10,2018-05-09 17:35:59,2018-05-11 14:40:00,2018-05-14 13:49:03,2018-05-17 00:00:00
0ed70666bb64b5c2ba83b2a6dc37f032,3b10a8f8297080ec4f0600315eab4ec8,delivered,2018-03-28 22:34:38,2018-03-28 22:50:14,2018-03-29 18:22:15,2018-04-05 14:58:34,2018-04-24 00:00:00
ecd832254262868776a1381df4b0be02,c1fbbf8f9118712100b9c5695924b523,delivered,2018-04-25 18:27:43,2018-04-25 18:35:23,2018-05-07 13:37:00,2018-05-12 16:13:45,2018-05-29 00:00:00
c78b46b9e5371e47b97a2bb7eb4740a3,c4661023cc14f8b203bb388f6d486f3e,delivered,2017-12-24 17:14:46,2017-12-24 17:29:00,2017-12-26 22:17:00,2018-01-04 00:42:28,2018-01-15 00:00:00
438f4256ef380bc7d658773ed817a480,eeb659c845cfa9bc6b50556e53e9269e,delivered,2017-09-30 15:27:55,2017-09-30 15:50:36,2017-10-05 20:32:47,2017-10-07 15:52:03,2017-10-18 00:00:00
63d8235747e25f4b65895e91ff64d778,001b4e9b73aa98a6276b241bfd496822,delivered,2018-04-07 02:12:51,2018-04-07 02:27:24,2018-04-09 20:12:48,2018-04-20 21:04:28,2018-04-30 00:00:00
efbb2bc2e3c82743c650b6bc29a722bb,654f7f79950acb5222c49c6bc56dff1a,delivered,2017-02-17 09:06:20,2017-02-17 09:15:16,2017-02-17 11:20:55,2017-02-24 10:49:53,2017-04-07 00:00:00
c32264206a3adeaf75964372f602b40a,54e1a362d386863805db2b1cef80cdd6,delivered,2017-11-24 10:52:28,2017-11-24 12:32:25,2017-11-28 20:15:10,2017-11-29 16:36:58,2017-12-11 00:00:00
ba9e135697c2fbf721ea10bb6d7c0d17,524b931bb2666da2d665da0984cafcb3,delivered,2018-03-07 17:26:45,2018-03-07 17:50:13,2018-03-12 23:43:29,2018-03-21 18:56:52,2018-03-27 00:00:00
ed0621902f725df643367f63deec991a,12c12ffae8f42f1ced8772ca1c708d51,delivered,2018-03-06 08:28:29,2018-03-06 08:40:30,2018-03-07 17:54:10,2018-03-09 20:12:48,2018-03-22 00:00:00
d032dd122bc93c30a420b6ee101c7f69,95a33b9e31d7f366c9e8be44c7f402e2,delivered,2018-01-16 21:24:31,2018-01-17 09:30:54,2018-01-22 14:17:25,2018-02-05 12:53:24,2018-02-16 00:00:00
edcf1e1eeb52381be9388c90152be52d,ce2172509c4149d65212484eb761bc37,delivered,2018-08-21 11:29:05,2018-08-21 11:50:47,2018-08-21 15:37:00,2018-08-24 13:06:25,2018-09-06 00:00:00
5935b70a1cae39b66d05db3bcfa4a144,5ec74474854dde59f02205d0bd68abc1,delivered,2018-04-05 08:41:21,2018-04-05 08:55:20,2018-04-05 19:08:49,2018-04-07 17:22:40,2018-04-27 00:00:00
241b1a5ff1d152dc47bf2093ea154edf,a61cee7568322910d8954f49f6c1760b,invoiced,2017-07-27 11:53:08,2017-07-27 12:05:52,,,2017-08-18 00:00:00
b44d797bd9259818b8e3655230d25879,50191e063f53eaf358386bc6158fb737,shipped,2017-07-15 11:44:50,2017-07-15 12:03:43,2017-07-17 20:57:43,,2017-07-28 00:00:00
a0d5b8474423ddf55228373b81a46272,3f7d26944f7f68bd2ac23b5e8b500ab0,delivered,2018-01-11 16:51:17,2018-01-12 02:38:34,2018-01-15 17:24:13,2018-01-22 21:18:33,2018-02-07 00:00:00
92c5e555afe0fddf3e8e4ae6baf2fe68,c7e376aa9ce54b73baa1125944387490,delivered,2018-01-08 11:27:48,2018-01-09 07:19:12,2018-01-10 12:21:56,2018-01-18 13:17:13,2018-02-05 00:00:00
5dcfd31ce05e7696a4c635cc256a0364,59acf093c0d83e9d731710cc54fd6d92,delivered,2018-06-08 07:07:29,2018-06-08 07:15:09,2018-06-11 14:53:00,2018-06-13 13:56:43,2018-06-28 00:00:00
ac2a626df847783c310f77108af182ea,d8276321745dbeb7bd88721af2a181f3,delivered,2017-12-19 11:39:15,2017-12-21 02:11:02,2017-12-21 16:49:31,2017-12-28 21:42:41,2018-01-08 00:00:00
57c431e8bf97cbdd79ba45fe58ea98d2,c95af629d419727820b19bc2c4ab4829,delivered,2017-11-12 12:24:08,2017-11-12 12:35:20,2017-11-14 00:03:32,2017-11-21 18:28:42,2017-12-11 00:00:00
ec5cf2317f5141a62836da8e71586eb6,b2a3e9c6ec5d99f79eafc475de3db30a,delivered,2018-03-15 18:00:21,2018-03-15 18:15:29,2018-03-17 16:31:47,2018-03-26 22:26:34,2018-04-06 00:00:00
36ddc5f19d31a8d744d01bbbd1d11321,0c899011c2b518fac4cf807a57f4fd7f,delivered,2017-04-10 11:58:16,2017-04-11 03:55:16,2017-04-12 16:17:39,2017-04-20 09:33:14,2017-05-11 00:00:00
ae97799b02696e7937ea854ed542d015,48d9269e44b63f369a6eeb4024456cfd,delivered,2017-03-02 16:12:33,2017-03-02 16:25:10,2017-03-03 09:20:47,2017-03-14 11:08:56,2017-04-03 00:00:00
469abd917ae82adddc931bca94bfdf84,a2ee2b8e443d009d5198a5fcb673cab3,delivered,2018-04-17 16:10:41,2018-04-17 16:30:38,2018-04-18 22:16:24,2018-04-25 22:32:36,2018-05-10 00:00:00
141e9339279b23d1c38a8512d0e9ba7f,8dc4c1ba3c81aa79d96e459b5e8a8b66,delivered,2017-08-01 14:50:48,2017-08-01 15:05:12,2017-08-03 17:21:32,2017-08-08 23:15:32,2017-08-23 00:00:00
e1621bf755f6bd6cd7a8969768f6b2d6,bfe4d7c78180365eaa59b57902ba2e0a,delivered,2017-09-24 20:04:04,2017-09-24 20:15:13,2017-09-25 19:51:38,2017-10-06 22:53:58,2017-10-24 00:00:00
6f028ccb7d612af251aa442a1fb8b5d0,3a0a5fd64eaf4a5c0e60300434ec496e,shipped,2018-08-05 07:21:56,2018-08-05 07:35:08,2018-08-06 13:21:00,,2018-08-09 00:00:00
a968bece60cce24072b4a3a5175c454c,a5d55a74f380d575e1b4c4e4ccd8b42d,delivered,2017-11-08 10:47:47,2017-11-09 05:31:34,2017-11-09 21:58:43,2017-11-23 19:57:29,2017-12-08 00:00:00
63d924357f70228a8bb5713b68d3b656,57dbb262002b4a7448accfbb36ed2d0a,delivered,2018-01-26 08:50:44,2018-01-30 05:31:38,2018-01-30 19:12:36,2018-02-16 15:55:27,2018-02-22 00:00:00
a1f360ba8499a15b557819850f54b9c4,2ebf0ca919e99131163a94511008fe93,delivered,2018-06-22 14:05:32,2018-06-23 02:20:10,2018-06-25 12:58:00,2018-06-26 19:04:40,2018-07-05 00:00:00
5ec4ec0bb9c63325c2a003b014c9b7b5,cb63d833eec3ba3f144b12d4881f2f4a,delivered,2017-12-15 22:30:10,2017-12-15 22:39:40,2017-12-19 22:26:46,2018-01-08 20:29:14,2018-01-18 00:00:00
3cba7817e430400056f23107daafd6a9,14c584eec1ab0ec9dabee7741f6c075e,delivered,2017-11-26 18:59:14,2017-11-26 19:12:31,2017-11-27 17:44:27,2017-12-05 17:54:59,2017-12-29 00:00:00
c7820995dbe03c41044d23a03179a74e,689575ded4fb7b7c264f327f0c64aa9d,delivered,2018-05-08 20:39:52,2018-05-09 10:31:43,2018-05-09 14:06:00,2018-05-14 21:16:51,2018-05-16 00:00:00
4cf65f650cc60791bfb99bbaa418faf9,8ee208e4a8579fc7bf74b535c4bb3aeb,delivered,2018-07-09 18:29:51,2018-07-11 03:50:18,2018-07-16 15:15:00,2018-08-24 11:28:33,2018-07-25 00:00:00
5fb801bbd0a3376799e6d3a508f845db,4bb0b800e2bafd5b1df51ea1e45e780b,delivered,2017-03-24 10:53:14,2017-03-25 15:42:24,2017-03-28 13:03:15,2017-04-07 11:52:39,2017-04-18 00:00:00
744dddb0362cbcb141adaed27f19cb3a,08c07e9a2ca88f8c94694bd4972a4eed,delivered,2017-03-08 19:30:26,2017-03-08 19:30:26,2017-03-10 10:48:01,2017-03-18 09:21:56,2017-04-18 00:00:00
eba24b2dcc75d6fb248e917715a425d5,74203cd183d2faf3deb5629c6846362b,delivered,2017-05-06 21:17:01,2017-05-06 21:25:16,2017-05-09 08:16:40,2017-05-10 11:28:14,2017-05-19 00:00:00
0818699476819463109688475b808343,53e644c7c57416bdaf0409e656ee8b0a,delivered,2018-06-01 09:57:51,2018-06-02 09:51:38,2018-06-04 13:47:00,2018-06-09 18:11:08,2018-07-04 00:00:00
171f303505168e746c3ba9dc70a1c1f3,f9913bc021d14fc9e5a96b3508284589,delivered,2017-05-16 17:50:16,2017-05-16 18:02:30,2017-05-17 14:38:28,2017-05-23 16:53:32,2017-06-08 00:00:00
ed159f7220fe49164a43fbf4fe3a15d1,425793dac84f3a20dede5cd61cb46d4f,delivered,2018-08-07 21:14:53,2018-08-09 04:05:17,2018-08-09 13:32:00,2018-08-10 13:54:50,2018-08-29 00:00:00
9fe9c3069432a6611954d1e0d51d6873,c706d40d9c1e703d6c5f5342129f04d0,delivered,2018-06-27 20:40:42,2018-06-29 02:35:12,2018-06-29 13:46:00,2018-07-04 16:45:57,2018-07-20 00:00:00
c9c0bd3b9db92cebece12e761bb8454c,e26479d04765d65d6a871173f38ff5a9,delivered,2017-09-12 08:37:51,2017-09-12 08:50:22,2017-09-13 13:12:27,2017-09-19 17:37:14,2017-10-04 00:00:00
0231f6b89e5798ff6c0dfb1e18a94da9,719f6e6129a784bbc01b1267fe488547,delivered,2018-08-04 12:35:23,2018-08-04 12:50:19,2018-08-16 11:49:00,2018-08-17 17:43:45,2018-08-22 00:00:00
be69ded8b4b06a199c55fa74d7de978e,64ec93bbc386d22c3f10849c7352d319,delivered,2018-02-14 20:38:44,2018-02-14 20:55:48,2018-02-15 22:51:57,2018-02-16 22:22:01,2018-03-01 00:00:00
3c23f03a52f26c926ec48ffa9bdd82f1,6b4181b03448813620a39cf169871ab4,delivered,2017-05-31 16:51:41,2017-06-01 03:50:19,2017-06-02 11:15:49,2017-06-16 15:17:49,2017-06-21 00:00:00
2f8eea85236019981baf4408c9123ff2,24f3558831b27d94b5f6c95a35cf8464,delivered,2018-07-31 19:33:33,2018-07-31 20:23:53,2018-08-02 15:43:00,2018-08-06 19:09:34,2018-08-21 00:00:00
9f9df59d8852ad5630e576aa48249c26,a24c81f5fecf3ffa0229b20a87ff1166,delivered,2017-07-14 21:24:26,2017-07-14 21:35:10,2017-07-17 18:49:56,2017-07-21 19:33:35,2017-08-07 00:00:00
b0e61103ba1dee7e3c3c31f68e62a3fb,ba3865460d9232b12cea42b9b2fc1380,delivered,2018-08-21 12:35:46,2018-08-21 12:50:22,2018-08-21 15:12:00,2018-08-28 15:18:42,2018-09-11 00:00:00
4cf7b60ee5bf3891424ddb434b261cd5,3b6fe3d556f810c109eb9987775e8aec,delivered,2017-07-05 17:44:29,2017-07-05 18:03:38,2017-07-06 18:24:42,2017-07-19 19:56:51,2017-08-04 00:00:00
3fc2e32bfc88b2bf0e9d7437503d82dd,1ba1881ebdbdef7f2d119f63a4aa602c,delivered,2018-07-17 14:31:34,2018-07-17 14:45:25,2018-07-18 15:04:00,2018-07-26 19:44:43,2018-08-07 00:00:00
7d666b83ead768ecbc15773ef8ef6c42,f212f27910c574c5835d1fc48eace4a0,delivered,2018-08-09 16:08:44,2018-08-09 17:30:12,2018-08-13 15:54:00,2018-08-16 16:52:22,2018-08-22 00:00:00
141d7ee98d9a50269f84d9a3c5330cba,db7432cb997db7083db6aaea715d3433,delivered,2018-08-28 18:58:13,2018-08-28 19:10:17,2018-08-29 16:31:00,2018-08-30 21:26:27,2018-08-31 00:00:00
2e76a5ef63f6a5a14ad1de12b201dbd2,908dfa9a7f826cac4f898a765ccbcb78,delivered,2018-06-20 15:12:58,2018-06-20 15:40:24,2018-06-21 13:47:00,2018-07-02 20:26:36,2018-07-18 00:00:00
b779a9b1774b12944ab77d39b831f151,15eb80a894d70b00865534fd4bc1103a,delivered,2018-08-19 20:53:28,2018-08-20 13:15:59,2018-08-30 11:43:00,2018-09-04 01:28:45,2018-08-24 00:00:00
d6e3a9f9be1350d1e2bb6e25e8bfd05d,13a9174710a2a98da53a186dd90c0292,delivered,2018-01-15 23:15:26,2018-01-15 23:29:57,2018-01-17 13:24:44,2018-01-18 16:39:04,2018-02-02 00:00:00
1087ede9a334cc652bfecf7e944aad0b,90022669c773334bc88a7f36e5356c5c,delivered,2017-10-16 15:28:12,2017-10-16 16:07:50,2017-10-18 15:51:51,2017-10-27 19:09:43,2017-11-09 00:00:00
641fb0752bf5b5940c376b3a8bb9dc52,f5afca14dfa9dc64251cf2b45c54c363,delivered,2017-12-15 00:06:10,2017-12-15 00:14:55,2017-12-19 01:58:00,2018-01-03 15:09:32,2018-01-16 00:00:00
6c51f58aa6e93a65c7002b68ba2806cd,a09d60347e2da4735fdbe1ddf07eacda,delivered,2018-02-17 21:38:03,2018-02-18 22:26:59,2018-02-21 23:35:35,2018-02-25 16:19:39,2018-03-06 00:00:00
eb6b32a82d2459d0ce7f2089f9eba0f2,55a52a925384404b4e57b82938bf6062,delivered,2018-04-29 21:49:07,2018-05-01 03:15:51,2018-05-03 16:46:00,2018-05-07 18:16:35,2018-05-22 00:00:00
5553543e89ef381e4ff08f6b91b94690,0ac53fe825d1296be3e877493b0ccf4c,delivered,2017-10-12 11:06:28,2017-10-14 18:34:51,2017-10-16 22:07:35,2017-10-30 17:48:36,2017-11-01 00:00:00
4e1bb70e4b6fb08b9ddb86c7ade82354,91453e7ca56963be1899bf47df4be342,delivered,2018-02-07 18:50:34,2018-02-09 10:11:35,2018-02-09 18:28:59,2018-02-22 23:25:19,2018-03-05 00:00:00
be59e03672bb8d48da16e07a0fb660a8,3c17af24cda9bc98674f6d7196cd5af9,delivered,2017-11-23 21:15:06,2017-11-23 21:27:46,2017-11-29 22:31:58,2017-12-11 17:09:00,2017-12-22 00:00:00
6dd1bbd09d930c58640b49ba57069186,043166c34654da038d2d97c57ac27e6a,delivered,2017-11-28 22:10:15,2017-11-30 02:22:05,2017-11-30 21:38:25,2017-12-12 18:54:47,2017-12-18 00:00:00
fe59965bfbf484aee4f2503efbd933d6,96a382945e9f743a47d2597c7802c431,delivered,2017-11-27 11:12:20,2017-11-29 11:10:55,2017-12-05 22:52:49,2017-12-18 14:17:21,2017-12-22 00:00:00
c89639dcbe79b6451bdfa3143a968d57,24dbe914ad144e6daac4d54f3ac38775,delivered,2017-07-25 21:27:30,2017-07-25 21:43:35,2017-07-26 19:13:52,2017-08-03 20:12:39,2017-08-16 00:00:00
27fb2154c341bbc730063b1d16844616,999e3c7a67f519385382c467f76c5393,delivered,2018-05-21 12:45:43,2018-05-22 08:56:50,2018-06-07 14:01:00,2018-06-15 15:12:32,2018-06-21 00:00:00
75441fa4c89fbbba02fa9fdfd5729595,1580b820b625635d138a7995ff9e5ee0,delivered,2018-05-16 07:41:56,2018-05-16 07:56:22,2018-05-17 11:42:00,2018-06-04 17:44:35,2018-06-06 00:00:00
726714fe5c6124b8501feb36c5b89896,baab884348d4ad90d893b3551521aaba,delivered,2017-02-03 23:26:40,2017-02-03 23:41:43,2017-02-07 11:37:59,2017-02-10 08:29:03,2017-03-22 00:00:00
7900eb5f4c656f8e2b69ff8751a09e8a,c1a4c8eba56bf95b78267d837d0d3568,delivered,2018-03-27 11:08:41,2018-03-27 11:27:48,2018-03-28 17:58:50,2018-04-10 23:56:44,2018-04-24 00:00:00
3675f490195ac2070f7f45581da241c9,64e3c3576b1c76841c56d4fec94c5264,delivered,2017-11-22 16:45:16,2017-11-22 16:54:38,2017-11-23 13:14:34,2017-12-05 15:33:45,2017-12-12 00:00:00
3e4c1f31ec362fab325d2bd1201a7c0a,d182581ad52cde827ab2ae703e773452,delivered,2018-04-24 20:25:34,2018-04-25 07:11:00,2018-04-26 12:54:00,2018-05-04 17:03:28,2018-05-24 00:00:00
40a496e18a46349487b125eda0d0c288,91ff3b136fe639257e936a20b549dea0,delivered,2018-04-21 11:59:45,2018-04-24 18:38:56,2018-04-24 22:08:41,2018-05-09 00:11:20,2018-05-22 00:00:00
2fabe3a6fbc1051857b2494418c8339d,85bf7a0363f2c51249df17c5c995a220,delivered,2017-12-30 20:52:39,2017-12-30 21:07:22,2018-01-08 17:05:49,2018-01-11 17:10:03,2018-02-05 00:00:00
b2177e0904af2bc1e3ab8e1eecd2e90e,af813d7cecebcc076139351b95e7d289,delivered,2018-05-14 19:04:06,2018-05-16 02:53:52,2018-05-16 15:29:00,2018-05-21 10:40:50,2018-06-01 00:00:00
cf96b3a15cf1f61c5398ae91f1cbd75f,0eccd889365bd8b8169547bbc25eed73,delivered,2017-10-15 22:18:18,2017-10-16 22:28:19,2017-10-19 12:32:49,2017-10-28 16:32:48,2017-11-07 00:00:00
b77c6d3c0334b27a51f220038f0ef8ac,6b512ff5290c944376228994fdb4a2a8,delivered,2018-07-21 21:32:15,2018-07-21 21:50:15,2018-07-23 14:07:00,2018-07-30 23:37:36,2018-08-14 00:00:00
bf2c58d30170e4cbd5153bacabc31d24,9a2087e92eea09f99ad37c3a9114c18a,delivered,2017-12-12 23:10:20,2017-12-12 23:27:50,2017-12-13 21:04:16,2017-12-14 19:59:37,2018-01-02 00:00:00
31995e0e4e63c77d8f5cf8970cd39a7f,0e7caa9e2f1f16c394daa33a8fecfde7,delivered,2018-06-20 13:21:23,2018-06-20 13:38:33,2018-06-21 13:25:00,2018-06-22 23:42:00,2018-07-03 00:00:00
77e14af3a32e9b3c2eefbf56eac92cc6,a483d29b933f7cdd870da777f32e91b1,delivered,2017-12-14 14:04:18,2017-12-14 14:13:32,2017-12-19 23:27:10,2017-12-28 17:14:18,2018-01-10 00:00:00
fbfd9608b0061e4cc1412e28450a83e8,dd67b422d0754d9cc2bb3f5db51a903b,delivered,2018-08-17 16:57:15,2018-08-17 17:10:20,2018-08-21 12:01:00,2018-08-29 22:24:35,2018-09-11 00:00:00
230412dba3ab35d1a5c8fd1382bc7b49,1030b28d807d5003f132f34e5bf014d8,delivered,2017-12-29 04:22:28,2018-01-03 04:29:27,2018-01-10 00:23:27,2018-01-23 22:14:31,2018-01-29 00:00:00
87a831a955e30fb081a9e79b0c39573e,5ba7661245837f4f897eb201624f550f,delivered,2018-04-05 11:54:25,2018-04-06 03:10:34,2018-04-07 01:04:14,2018-04-12 18:19:29,2018-04-27 00:00:00
543208567174edffa48d4c3262b0343e,f5d02e908f5fe2c6c7f1207989c1b114,delivered,2017-07-03 14:52:37,2017-07-04 03:43:45,2017-07-05 12:04:09,2017-07-10 18:13:53,2017-07-31 00:00:00
815870a80fd96370919e0d7d0d117412,865ee1fb8ad1d078203ed382830c0e07,delivered,2018-08-12 12:22:40,2018-08-12 12:35:15,2018-08-15 12:12:00,2018-08-29 15:31:34,2018-08-30 00:00:00
d15975c69a074c65aecad997cbc6b748,72822883dc4f12b4c4c118e01f1376a1,delivered,2017-04-03 10:11:36,2017-04-04 05:55:35,2017-04-06 15:35:33,2017-04-12 08:49:53,2017-04-24 00:00:00
d884aeded7a463f237549f42945b729c,c329b3a16b13d583e13daa8a840f7193,delivered,2017-05-16 08:28:49,2017-05-16 08:42:18,2017-05-22 14:24:52,2017-05-29 10:19:19,2017-06-07 00:00:00
8104809ce1b8fe36d8228fd0e357ebc0,86cb4f1c3e32aaf6c8dbfb68fb45a0be,delivered,2018-04-15 16:20:40,2018-04-16 15:31:36,2018-04-18 20:52:32,2018-04-27 13:06:48,2018-05-14 00:00:00
7e030f7ce01972bbf5aeeadffe8f930a,83b5f2b720344397153281b6f4021d20,delivered,2017-09-10 09:22:44,2017-09-10 09:35:10,2017-09-11 19:34:41,2017-09-18 19:16:34,2017-10-04 00:00:00
a9e698f2944fc17e406c624bf2ce9067,a26ee55d980bbbb84838b5ed8347f253,delivered,2017-04-04 21:00:40,2017-04-04 21:10:17,2017-04-05 13:34:53,2017-04-11 17:10:33,2017-05-03 00:00:00
2557cef5a78a394bcf4c079121cc3b08,d1fa1ed473950f63eea094761bcbf039,delivered,2018-01-08 17:38:50,2018-01-08 17:49:16,2018-01-09 21:53:20,2018-01-15 11:07:28,2018-02-05 00:00:00
397f4ed009841e83e71435ab9376cc8c,111dcb0d9a9858c0d2b01fffc0b8126d,delivered,2018-07-19 18:32:43,2018-07-19 18:43:09,2018-07-23 06:05:00,2018-07-25 20:48:51,2018-08-20 00:00:00
139f1705692cf6f0ea124350e5ac47de,d482c96cc23e02b643f79768912442c2,delivered,2018-06-01 18:57:37,2018-06-01 19:12:59,2018-06-04 13:43:00,2018-06-05 17:55:02,2018-06-26 00:00:00
6d0da5add693d625079fa8fdf40967d6,c6d834527ef04cefed15fc9bf3bbdb7c,delivered,2017-12-26 14:20:25,2017-12-27 04:07:45,2017-12-27 19:17:01,2018-01-11 00:26:54,2018-01-19 00:00:00
8cb407154874301be08656a7fb09d9d9,5eedff30a379fbcc0851653d18295723,delivered,2017-05-11 18:30:17,2017-05-11 18:43:05,2017-05-19 17:52:04,2017-05-23 14:13:45,2017-05-29 00:00:00
3d7264091d686b71e3250b37f6ea6f07,3d46e2b167c26a577fb12420046629c6,delivered,2018-02-14 19:52:45,2018-02-14 20:27:06,2018-02-15 18:41:19,2018-03-02 15:46:47,2018-03-08 00:00:00
ee5f9143bf6915bc96a42c0034fd46ca,0f5f122c8655a2a18a653ffb083cc15a,delivered,2017-12-12 16:07:26,2017-12-13 02:50:56,2017-12-14 22:35:14,2017-12-15 21:09:25,2018-01-02 00:00:00
3f53ab479c257a4c6c027d24e4a2ffee,03b75b4bb4d5f3145ec04664ddd53183,delivered,2017-12-17 18:25:58,2017-12-17 18:37:28,2017-12-18 19:52:45,2017-12-19 18:07:32,2018-01-05 00:00:00
1b19e11d36f65ac8fb85d361d49096ef,59f92cbd02b5f4515fe50b093dedcb19,delivered,2017-08-26 19:13:14,2017-08-26 19:25:37,2017-08-28 18:04:14,2017-08-30 18:10:23,2017-09-18 00:00:00
7870e4898f865975acb43fb1c282f4d3,b7f9c7a0b694d1e97d28d3406e994d1e,delivered,2017-08-06 17:26:40,2017-08-06 17:42:58,2017-08-07 18:31:53,2017-08-08 21:35:26,2017-08-18 00:00:00
715df31025aff2a2dd08b0d8c92ee63b,2b734aca7ae6ebd9138a4d1879b0d20c,delivered,2018-05-17 10:57:12,2018-05-18 04:36:04,2018-05-23 14:10:00,2018-06-07 16:46:32,2018-06-12 00:00:00
775bebf68a82c7b530c362d8fccb5ccd,7499df3bc3d59387a81ed0d55645de2c,delivered,2017-06-14 23:30:41,2017-06-14 23:42:46,2017-06-19 20:51:51,2017-07-26 18:06:37,2017-07-05 00:00:00
172587311d5d0329ae5a761bf6ae4c80,89652594ba5d76f49163723d82a62097,delivered,2017-11-26 14:25:16,2017-11-26 14:36:30,2017-12-05 20:28:31,2017-12-20 14:53:15,2017-12-19 00:00:00
eb188a175542057d90b3ca5628b7b5a0,1eda56b47988d592fec945da9ee88c56,delivered,2017-02-18 23:26:24,2017-02-19 01:02:43,2017-02-21 07:07:39,2017-02-23 09:23:57,2017-03-21 00:00:00
5dee8eedf4516e7562d1ec0f62833392,d266372ab3c63af5c6503c9315b213e2,delivered,2017-09-24 19:37:48,2017-09-24 19:50:17,2017-09-25 18:41:37,2017-10-01 16:54:49,2017-10-17 00:00:00
6cf30e050336c50f368c34da13c9e6a2,71401d6f3ab1671cd5569779cdb9480d,delivered,2017-05-28 14:55:30,2017-05-29 15:02:40,2017-05-31 12:35:45,2017-06-12 17:22:54,2017-07-05 00:00:00
79b63d1f9cf0257b33b04fbfb0847cba,b755c5f04fe5e214d68445fb210d512a,delivered,2018-03-25 21:30:24,2018-03-25 21:48:33,2018-03-26 21:06:12,2018-03-28 00:04:31,2018-04-06 00:00:00
264deac888717a54971fa3109f6709e3,82bd57d22e9cfed2a29cf955f3c743ac,delivered,2017-11-25 20:24:37,2017-11-25 20:36:26,2017-11-28 22:27:00,2017-12-08 14:33:51,2017-12-19 00:00:00
a159f0d3b012cdad58464eff20f5a4ca,bc9b377eea5541f00aebe8002dfdff15,delivered,2017-04-05 15:48:25,2017-04-07 03:10:28,2017-04-07 09:04:36,2017-04-19 14:49:48,2017-05-03 00:00:00
1777f6d0dafb34a24cffac1c7ad5d618,defb33f2396ced51448688aefdf54dd2,delivered,2017-10-23 21:45:43,2017-10-23 22:06:36,2017-10-24 22:33:32,2017-11-07 22:38:40,2017-11-09 00:00:00
3c3df3dd2afaabb39a53131f9ce98116,e943fd415548e057fd54798f8c6b49fb,unavailable,2018-01-25 14:52:00,2018-01-25 15:09:44,,,2018-02-19 00:00:00
7d1ac7d65c6b5d59a9ac241fa41da57d,dcc13a2d32ff7ec6e1920580280f704c,delivered,2017-06-16 23:17:41,2017-06-16 23:30:10,2017-06-19 11:15:51,2017-06-29 11:06:37,2017-08-02 00:00:00
d7646ffe8fdd9e7d9557f9f7cbf04530,f896e70d84f6db9a56b86a47dd8718f0,delivered,2018-05-04 14:50:37,2018-05-04 15:10:22,2018-05-04 14:48:00,2018-05-08 19:06:42,2018-05-16 00:00:00
56286095ef8730771df8d223978236ed,a3b126a3b563ea3548afd53d78b7807b,delivered,2018-04-19 16:33:33,2018-04-19 17:07:37,2018-04-20 21:04:01,2018-04-27 20:02:50,2018-05-17 00:00:00
3937b5e90887b4a6c5e4102865c4338f,8fe93bf674e747a279720f0f88013776,delivered,2017-05-16 13:39:43,2017-05-16 13:50:15,2017-05-18 12:27:44,2017-05-22 18:04:37,2017-06-02 00:00:00
2db84a082bda455eb1da10727e7ca621,12f0a2db64cb3b8ffbe0a340acb99050,canceled,2018-02-02 15:29:05,2018-02-02 16:00:26,2018-02-06 14:54:44,,2018-02-20 00:00:00
969d3f02f498a3db8037e194ed29cb4c,7c27d90ed9cded084da9e9a54472f983,delivered,2017-10-08 16:48:00,2017-10-08 16:56:30,2017-10-09 19:37:44,2017-10-13 17:14:17,2017-11-01 00:00:00
9955a2f7fc38c1b21be304e49f22e58b,31f3b17dcd0402e09a9e1841d4b6a25f,delivered,2018-06-14 20:06:06,2018-06-14 20:15:40,2018-06-15 14:00:00,2018-06-22 21:28:53,2018-07-04 00:00:00
50a2d9e8f28f577acd594ba29d58eced,cbc57689231f7033b69a4ddbfb2019c0,delivered,2018-05-21 22:40:43,2018-05-22 01:53:38,2018-05-22 11:56:00,2018-06-06 16:08:47,2018-06-14 00:00:00
c4a8083dac0f37da8bdc5db37c89bdcd,178cf970306cdf3e11914807903454f1,delivered,2018-05-19 14:10:17,2018-05-22 08:34:04,2018-05-23 11:56:00,2018-05-25 16:15:39,2018-06-06 00:00:00
e26feee700e28b2867a3e8d6f2b644b3,cdeae9bb83dc9049458f53e9d69251ec,delivered,2017-03-02 18:00:16,2017-03-03 17:55:22,2017-03-09 15:23:31,2017-03-21 05:28:41,2017-03-31 00:00:00
208f186df8ea1fa4fa3d2672752e9788,7d08f025c28db259763efb79171d7fbe,delivered,2017-09-06 11:17:54,2017-09-07 02:44:00,2017-09-12 19:32:18,2017-09-20 20:55:06,2017-09-27 00:00:00
e8a7971efe578b8e5a140c59f190c52b,70b6f7d1c71cb3a1449da5a4fe5a8d02,delivered,2018-08-01 20:07:43,2018-08-02 14:55:13,2018-08-06 07:16:00,2018-08-09 17:27:37,2018-08-24 00:00:00
b52571bcd79c8d0e16272c548228a5a4,cf3772ed0c2c62f2411ec6bafa1be74c,delivered,2017-12-06 10:51:17,2017-12-06 11:14:49,2017-12-11 14:49:21,2017-12-26 20:49:01,2018-01-03 00:00:00
3ba2d0012b1f34bc6ccbc31c4ba69f93,f840f0447008c6176811942645f9a30f,delivered,2017-12-31 10:51:36,2017-12-31 11:07:28,2018-01-02 17:45:59,2018-01-06 17:33:05,2018-02-05 00:00:00
7fece9c7487cb93f6d37df78e2283d07,e34c642add1c46f0904e95997afac775,shipped,2018-04-11 21:29:11,2018-04-12 11:15:25,2018-04-12 22:54:26,,2018-05-10 00:00:00
d379106e33d9ce768889ef816526d215,12cc3483aa642a0bec778f15ed0b2738,delivered,2017-05-02 19:46:30,2017-05-03 15:10:17,2017-05-04 11:19:53,2017-05-17 09:17:39,2017-05-25 00:00:00
089099bac717ea03540251a8c02858b6,7f52f3f969ad5ea4a7b9828b41fe4913,delivered,2018-05-09 20:44:52,2018-05-09 21:15:16,2018-05-11 13:55:00,2018-05-16 19:06:07,2018-05-25 00:00:00
6455e8459efbeeda59bb360229b889ea,644059e43894b09e9d86ee6bd2e9222a,delivered,2017-12-12 11:35:24,2017-12-12 12:26:38,2017-12-13 21:52:30,2017-12-14 20:21:55,2017-12-29 00:00:00
c95f74e4997a96f046a9e40e4d8726de,40c894ae26b148a9c7e3491c99400628,delivered,2017-10-22 12:59:49,2017-10-24 03:49:46,2017-10-25 13:56:43,2017-11-10 21:07:42,2017-11-17 00:00:00
3188b88d4562d627bf472b5a3655237c,f91d5b6a4afce55008c258f1b62d8af9,delivered,2018-08-13 13:17:01,2018-08-13 13:25:15,2018-08-17 11:19:00,2018-08-22 21:42:29,2018-08-31 00:00:00
6ef2a7cbf8c6fb24f0acb656c756a44a,cf51d3ab484330d9c266cd7e83fa37df,delivered,2018-01-02 20:22:59,2018-01-03 10:29:27,2018-01-05 18:49:08,2018-01-11 16:15:45,2018-01-30 00:00:00
7db6028d54d5921d79f3cb2b95e63a73,ed71acb598f20ff831497c147d62abbd,delivered,2018-06-23 17:49:39,2018-06-23 18:18:53,2018-06-26 09:28:00,2018-07-02 16:21:45,2018-07-24 00:00:00
15226cfb3e9f4ad163d09f493688204b,ae78ac4ebb89e08c5e0423bcfa0b9cc2,delivered,2017-04-08 20:40:11,2017-04-10 19:22:18,2017-04-11 10:53:51,2017-04-13 10:36:49,2017-05-02 00:00:00
e13c7d85f07a4e00c383115a154dcc39,88bfbe93f1c2d378de7fb22d588f9661,delivered,2018-05-03 18:19:27,2018-05-03 18:34:19,2018-05-08 13:12:00,2018-05-09 20:31:58,2018-05-16 00:00:00
3be5256ae9320c0c96853f3832dbd122,c0d89db256f87c1b93dbf08ef124a363,delivered,2018-01-22 17:59:40,2018-01-22 18:16:44,2018-01-23 19:07:55,2018-01-31 17:57:49,2018-02-19 00:00:00
83b24047c5441da1ecd3befa7619f125,c745f27eee6290a661b48e70a8d38768,delivered,2018-02-17 10:38:26,2018-02-17 10:50:28,2018-02-19 18:42:50,2018-03-09 21:38:29,2018-03-22 00:00:00
4d2c3fb1909604d5f9474e4675971ef2,2cb0c084ec56c7fc7d6278cdd8787670,delivered,2017-01-29 14:05:53,2017-01-29 14:31:49,2017-02-02 16:10:18,2017-02-15 17:27:46,2017-03-20 00:00:00
036ea72a17833a6fbbcd3e4df8250292,c805f98a53f91cc2794ca2402fde6cd4,delivered,2017-09-05 06:12:11,2017-09-05 06:24:16,2017-09-13 18:53:36,2017-09-25 20:03:20,2017-09-28 00:00:00
4461758febf28f20a599646b502ddbec,f0f34532c0f49c3a349e2fe20758d1d7,delivered,2017-03-29 10:21:02,2017-03-29 10:30:21,2017-03-30 06:32:44,2017-04-12 16:18:03,2017-05-09 00:00:00
2463279edadcaf575a27466ac0030f67,e71aa4d6c1d0e48c39a4394e7d912601,delivered,2018-05-03 20:59:21,2018-05-03 21:11:21,2018-05-04 13:31:00,2018-05-05 12:32:34,2018-05-16 00:00:00
30a897c2be083ba0f419c5b2cc9ca368,00b4054d851ec464f6fb745fab627439,delivered,2018-05-19 17:08:23,2018-05-19 17:38:35,2018-05-21 15:39:00,2018-06-08 19:38:54,2018-06-27 00:00:00
eed14d209dc537c9d99afb938efb2c0e,a0bc70c23b1158a462bfc9415ae8b130,delivered,2018-03-19 22:35:25,2018-03-21 02:49:06,2018-03-21 19:23:32,2018-03-22 21:36:03,2018-03-29 00:00:00
8378137868c479b948c8712cac81f79d,9eb27cd8e9d5d572e11f99ab3f3530bc,delivered,2017-11-19 19:19:21,2017-11-19 19:35:28,2017-11-23 20:59:04,2017-11-30 22:33:26,2017-12-27 00:00:00
a20191650d84d1d59f72139a87207a3b,94c1a60de2eed5c304c731a6ec674387,canceled,2018-01-22 17:10:19,2018-01-22 17:19:21,,,2018-03-14 00:00:00
5d3d6b8740f0b956853ba943e42e2c22,74f0cc1d27884a102efa142ba1f540b3,delivered,2018-04-24 22:52:02,2018-04-24 23:12:31,2018-04-25 15:24:00,2018-04-26 19:29:38,2018-05-11 00:00:00
823543bada3fd3a5ba1f68e7a35fb9eb,a3413efece911dfc80dd67c37ed1fa30,delivered,2018-01-30 13:04:47,2018-01-30 13:15:33,2018-02-02 01:38:46,2018-02-05 16:45:47,2018-02-21 00:00:00
d250f8e317f2d2e56ae505561a800dce,dc6c2fa08420a97bcac582d6cf08742d,delivered,2017-11-06 10:42:55,2017-11-07 07:30:28,2017-11-09 23:12:46,2017-11-16 22:33:11,2017-11-24 00:00:00
483802a1476e667f12dbac40c707809b,9e2652c3469d9367573a7659b60a44a1,delivered,2018-02-03 17:13:26,2018-02-03 17:30:02,2018-02-05 19:22:30,2018-02-19 21:09:11,2018-03-07 00:00:00
35147acb423f303e15d12cfa60292799,1be97ded06a3b15e8bc7d21641c7dcb0,delivered,2018-04-18 18:13:54,2018-04-19 02:31:57,2018-04-19 21:46:47,2018-04-27 21:38:58,2018-05-15 00:00:00
2228de938a229c135ae3bd0bf71a128c,55ee15dd218c486567a23a1418983f90,delivered,2018-04-13 09:43:24,2018-04-14 02:13:45,2018-04-19 22:45:48,2018-04-27 23:25:35,2018-05-14 00:00:00
125b6d6d69726457c31530e0fae8ff38,6761270051135aff470ac0fc970e929e,delivered,2017-12-13 13:50:44,2017-12-14 02:12:33,2017-12-22 18:14:19,2018-01-10 14:17:29,2018-01-23 00:00:00
ead4a4f0272fc900657829676e8d963d,2ffa798151feeb9238e6c60c6facd88b,delivered,2018-06-19 09:58:17,2018-06-19 10:15:46,2018-06-19 15:11:00,2018-06-20 21:12:33,2018-07-03 00:00:00
f6cc5ac0be9196f2fb3db04bace5cd8b,36851607cae18316467f054f11a2e627,shipped,2018-03-05 15:57:07,2018-03-05 16:15:37,2018-03-08 19:17:55,,2018-04-02 00:00:00
faa4ccbf5f173ece3de4cc37664ece62,1988d7220b2bb21edbf4e37e3f635481,shipped,2017-09-08 14:58:43,2017-09-08 15:05:21,2017-09-12 13:35:05,,2017-09-25 00:00:00
28da718adba0d004199488ce3106152a,b1c2b777ab4fcd4947514d99ddd9348a,delivered,2017-12-09 10:39:24,2017-12-09 12:30:13,2017-12-14 22:33:13,2018-01-09 00:37:52,2018-01-15 00:00:00
0bb4c390179e95dbed8944e735b7da62,139cdadccfc90320a5d8599745cd10cf,delivered,2018-07-26 12:41:04,2018-07-26 12:55:26,2018-07-27 14:06:00,2018-08-03 15:08:41,2018-08-14 00:00:00
ecfb623451269ac76a1469faf66dad27,ff03e2ac07d6dd7580a7cc349e3b37a6,delivered,2017-11-21 21:35:39,2017-11-21 21:48:06,2017-11-25 15:06:54,2017-11-30 00:34:09,2017-12-07 00:00:00
4b25b8fa39f9cbf4b728426f6b09b1aa,77a7cf31a977baea81384a16e8ab52b7,delivered,2017-11-23 11:04:31,2017-11-24 03:13:02,2017-11-30 18:53:19,2017-12-13 19:52:41,2017-12-11 00:00:00
1dfe1249fb9a3871f918c37f1e5f68a6,630b53ee81b257e794880292133bf170,delivered,2018-06-24 20:38:56,2018-06-24 20:54:56,2018-06-26 16:43:00,2018-06-28 11:48:31,2018-07-18 00:00:00
3f695ee2567af0b169e482d825ec8e31,03f7c28100418ce57927a01d62a6cdf3,delivered,2017-11-28 16:15:04,2017-11-30 02:21:45,2017-12-08 11:42:37,2018-01-04 22:33:48,2017-12-22 00:00:00
6c962a878a13ebc179759b22586cfae5,90412aa593075b1ec797a9dd70c36881,delivered,2017-06-03 14:56:30,2017-06-03 15:05:12,2017-06-06 10:52:11,2017-06-14 16:38:19,2017-06-28 00:00:00
bb8efe90a4b9dc65b0b365ca7a94db25,4092d16344338702210bcb2373506159,delivered,2018-07-21 22:23:34,2018-07-21 22:35:14,2018-07-24 07:15:00,2018-07-31 18:03:01,2018-08-13 00:00:00
6a0ac163171ef70a5386eae45e6a799e,55b0fd9cdf955584decbf774489ef0be,delivered,2018-05-19 18:09:03,2018-05-20 15:39:09,2018-05-21 16:07:00,2018-06-12 09:22:54,2018-06-05 00:00:00
4089dcf1cbb89bc02b04c143c7dab499,4eb34c6abfced86e2424dc23945875b5,delivered,2018-04-30 14:13:49,2018-04-30 14:32:39,2018-05-02 13:09:00,2018-05-14 18:22:47,2018-05-23 00:00:00
c12ae6679912cd8f6ef682d8d9f1fdd2,d42685f4266e965fe40dbb114869159e,delivered,2017-08-25 14:52:04,2017-08-25 15:05:36,2017-08-29 17:17:08,2017-08-31 19:17:11,2017-09-22 00:00:00
7bc9425754bf6e2275442bcde2337180,039e022bbbf82354bd7ea61f3d2d8339,delivered,2017-06-23 13:10:13,2017-06-23 13:24:20,2017-06-26 13:42:19,2017-07-04 14:47:39,2017-07-17 00:00:00
5322755defeb2e8863500740172a082b,9922420b9b6f5767d8c46ddfe4d3b22b,delivered,2018-07-03 11:14:42,2018-07-05 16:25:46,2018-07-03 14:38:00,2018-07-11 22:26:43,2018-08-03 00:00:00
66fc85fce01ca94d68a669ad2f78c035,b51281d5c8fe567753940498c6508c49,delivered,2018-08-04 11:54:16,2018-08-04 12:05:15,2018-08-07 10:19:00,2018-08-09 22:37:35,2018-08-14 00:00:00
98c78522be2bccf4c3948451a1c463f8,7ab374a2594bb7064ca8a34918267d52,delivered,2017-06-07 16:34:47,2017-06-09 02:50:20,2017-06-09 12:42:47,2017-06-17 11:39:37,2017-06-21 00:00:00
113035b11296fba96615d97215b9e301,c76b3c74f7a361753f9b9cae17614acc,delivered,2018-01-08 14:23:44,2018-01-08 14:35:21,2018-01-12 22:49:02,2018-01-17 19:33:43,2018-01-31 00:00:00
05e8d222c5597784b04c804e183599c7,9ee50c5ffc022a4e663f5d4af3de3d75,delivered,2017-11-22 17:47:12,2017-11-22 18:06:45,2017-11-23 19:03:57,2017-12-07 19:51:40,2017-12-13 00:00:00
43633b4950869ad500817fb5326e1864,69b9d91ba59311c2c23231ae34d2faa5,delivered,2017-07-27 14:02:07,2017-07-27 14:15:12,2017-08-03 17:41:16,2017-08-11 17:53:38,2017-08-30 00:00:00
9841304c5432e46d9cfd508835b743b1,efb0c18b84807aa7fa6b1fb5a4a04134,delivered,2017-11-25 09:39:29,2017-11-25 09:50:57,2017-11-27 11:38:25,2017-12-05 18:09:52,2017-12-19 00:00:00
82e3b58b34d2201715bd1531310615bf,47f19413eda74845406736042c7b746e,delivered,2017-08-14 17:43:27,2017-08-14 18:05:26,2017-08-16 20:03:53,2017-08-21 19:03:35,2017-09-01 00:00:00
225e39ca6a487e0cdd5c97dfc57c92ff,577701d3d24a554e38b47d391b1c418e,delivered,2017-12-16 21:03:22,2017-12-19 17:16:19,2017-12-20 14:15:00,2017-12-22 23:23:30,2018-01-05 00:00:00
a45c1f10d2a3a9e829ea9125e9e17aab,f393da6b32b8d8ab1d9b5914ffe322b9,delivered,2017-04-13 20:46:58,2017-04-13 21:02:16,2017-04-18 14:46:17,2017-05-22 16:16:43,2017-05-17 00:00:00
a15fc4ce7d1b1cd6ec005a2f267758d8,ab2edda563a03f3767a676f16b29f45b,delivered,2018-08-14 14:29:53,2018-08-14 14:44:19,2018-08-15 09:57:00,2018-08-20 13:58:31,2018-08-23 00:00:00
d49a2214238550c6f2fc4e5bfc7d92da,592c3481ee43eea664305aad2558f2b2,delivered,2017-04-29 11:48:05,2017-04-29 12:03:18,2017-05-02 14:57:41,2017-05-05 15:17:57,2017-05-25 00:00:00
8375044308874af1c50719ecaee3786d,8dbd9a596460b3b76fd42b13a7d77382,delivered,2017-12-15 11:44:37,2017-12-19 09:57:27,2017-12-19 19:47:41,2018-01-17 22:12:51,2018-01-10 00:00:00
76c077c302894d52a9cecbb6bc322b24,563e9c2a3c5061cdbdf8cb6f828cd165,delivered,2017-05-02 15:56:35,2017-05-03 11:50:18,2017-05-03 13:22:51,2017-05-08 07:37:51,2017-05-23 00:00:00
4d15fa859019443a04411eea14fe841d,dd54a565c64d6feaf4430f69b4f53bd3,delivered,2018-02-18 19:48:36,2018-02-18 21:20:20,2018-02-28 22:38:49,2018-03-09 21:45:22,2018-03-23 00:00:00
6abc9d4c7489e1be689ad1f068af8c31,0c908dcc7f29807856cfd37265b8c938,delivered,2017-03-21 19:24:14,2017-03-21 19:24:14,2017-03-23 16:57:32,2017-03-24 16:35:56,2017-04-10 00:00:00
771fc969d198bd5102b42e8d8db12364,c78bc72d6f37cf261d7a381fda4bcc82,delivered,2017-11-12 09:22:43,2017-11-12 09:35:28,2017-11-14 21:39:11,2017-11-24 18:11:40,2017-12-12 00:00:00
20da65274d671907282e06147c655ae4,841fe19c631825e29af4e85b602a73b3,delivered,2017-12-02 11:33:35,2017-12-02 11:50:35,2017-12-04 21:09:06,2017-12-14 17:23:54,2017-12-27 00:00:00
416bffd2b6f30043b4c631f9109782f3,fe543dcaf0106197870ae1c21d36076e,delivered,2018-02-20 06:39:52,2018-02-21 00:07:40,2018-02-27 17:22:19,2018-03-10 00:54:34,2018-03-21 00:00:00
4a2098244c1910e8e9e9251e2e5faa2b,a0f2862e615595e77bd1a0ce2c77aea9,delivered,2018-01-03 13:24:00,2018-01-03 13:34:23,2018-01-05 11:49:22,2018-01-09 16:10:41,2018-02-01 00:00:00
947b612f269cbbdaa438d55bb70f1baf,c78c34e7592e3ebcf506ddf2e0d68e5e,delivered,2018-08-07 13:53:07,2018-08-07 14:05:14,2018-08-08 13:19:00,2018-08-15 15:26:46,2018-08-21 00:00:00
dcd05d9cb9629d8ee695cc3f2e030bf0,069b38e2803b8ee0482f95dac627877e,delivered,2017-10-07 22:06:14,2017-10-07 22:25:08,2017-10-10 19:38:36,2017-10-19 17:27:58,2017-11-13 00:00:00
e55e8c9f6f33a8562db1430444f22092,b16cd1296147fe2153a24ae9be382d68,delivered,2018-06-13 11:29:48,2018-06-14 02:17:48,2018-06-19 09:19:00,2018-06-25 16:34:43,2018-07-11 00:00:00
733e4fd44a3ef48272fa3650f48b8734,7accf3d920f47c07f5bfbc88f53f9926,delivered,2018-03-28 21:57:38,2018-03-28 22:10:25,2018-03-29 20:48:47,2018-04-16 21:36:36,2018-04-24 00:00:00
acb56e6695d371a1c50a34c38938277e,29457f76418b2b673b5c36b6aefbb6b5,delivered,2017-11-27 18:04:28,2017-11-27 18:14:20,2017-11-29 00:54:43,2017-12-12 22:37:03,2017-12-15 00:00:00
81134c0da031fc1208ab4376cb3f384a,e36bfd34e63416370982b812ce3a8525,delivered,2018-07-27 06:11:22,2018-07-27 06:25:07,2018-07-27 14:22:00,2018-07-30 18:52:32,2018-08-06 00:00:00
dae97a1f0f8cafc4d646231f0d04fd88,7fb813eebaef144f1a4c38e3c730bd02,delivered,2017-06-06 20:47:46,2017-06-06 21:02:44,2017-06-13 12:08:59,2017-06-19 18:54:27,2017-06-27 00:00:00
40a601b71bfefbc0f6a7566b0d201fad,45fd0f4002588ad41ef11b08ec4cf2ce,delivered,2018-04-17 01:30:10,2018-04-17 01:52:09,2018-04-20 21:43:47,2018-04-27 20:39:01,2018-05-23 00:00:00
f3988a6f6afe000b1617ab4429c5396c,413222dcd7d8078653a8eaa81ba8d96b,unavailable,2017-07-11 04:47:35,2017-07-11 04:55:12,,,2017-08-08 00:00:00
b0e2da4433a10c624a9f71b187e93915,d34d3389bf81798f3e74dc622b038a95,delivered,2017-05-06 21:55:41,2017-05-07 02:10:12,2017-05-11 15:20:11,2017-05-12 12:52:11,2017-05-19 00:00:00
e348340be1b89ce72632697b8fb283ea,e1a63a1f6fba5f944265e83f039868de,delivered,2017-05-29 23:27:34,2017-05-31 06:50:51,2017-05-31 10:43:08,2017-06-01 13:45:57,2017-06-09 00:00:00
ae348c74e571e34c44d0874b21087f71,85182f0b98c07d6648143d62ec4182e6,delivered,2017-09-17 14:12:52,2017-09-17 14:26:50,2017-09-18 21:27:48,2017-09-22 17:23:14,2017-10-04 00:00:00
0eb80d59f694ad72634241a02599f64b,0ad75f229f9238883a44dee88ba6cc1f,delivered,2018-05-02 15:26:33,2018-05-02 16:19:00,2018-05-03 14:33:00,2018-05-08 15:31:51,2018-05-25 00:00:00
6c84c7c7fe25c0f6f1cd09e00e70585d,1cfd4ea45437f523559fd5cd23d8fb8c,delivered,2017-12-27 16:54:24,2017-12-27 17:07:20,2018-01-02 21:47:15,2018-01-10 23:04:23,2018-01-31 00:00:00
1e21edc6c6810b5779fa6685c82a6a89,74d3b928afa7a5a2898679551b835833,delivered,2017-08-11 11:14:32,2017-08-11 11:30:16,2017-08-16 13:57:54,2017-08-28 16:32:48,2017-09-06 00:00:00
85031edc7b58dbec75ff2e24d7365e13,91524308b1a531051d75c3eae41d7594,delivered,2017-03-09 23:56:22,2017-03-09 23:56:22,2017-03-10 10:23:56,2017-03-14 12:53:56,2017-03-29 00:00:00
b1503f3f344c66cf0a3bdc1e2a6e3fcb,698c9575d3f2b6fd6cd368475a5cf865,delivered,2018-01-13 22:30:17,2018-01-13 22:39:24,2018-01-15 15:46:54,2018-01-24 22:44:36,2018-02-09 00:00:00
a2b02026d2b1873d8e01ccfe3f8c62b0,58f2a6ed0fb6042ee5b5e057ab9a9264,delivered,2018-07-18 18:40:34,2018-07-18 18:55:23,2018-07-19 12:50:00,2018-07-23 22:08:31,2018-08-01 00:00:00
d441b72d920571f8ac2d3c847eee6e47,4574799ec02305ad487c70b99ee872de,delivered,2018-06-06 21:47:33,2018-06-06 21:55:22,2018-06-08 14:13:00,2018-06-12 17:52:12,2018-07-16 00:00:00
3fe4dbcdb046a475dbf25463c1ca78bd,e17387227a12c3cac59fc44523d162e5,delivered,2017-08-30 06:22:58,2017-08-30 07:00:08,2017-08-30 20:43:45,2017-09-06 18:42:36,2017-09-26 00:00:00
2d9d63715c81835d6114d3f608fd9f1c,e424f099ba16554747def169a15b2b4f,delivered,2017-08-24 10:00:23,2017-08-24 10:15:17,2017-08-28 19:41:20,2017-08-31 20:47:32,2017-09-21 00:00:00
e0942435c7d11eaa9417d35a47694b1d,c6eca2cce41e4ef53a853e945b382b52,delivered,2017-05-18 10:55:42,2017-05-19 02:35:08,2017-05-19 15:31:03,2017-05-31 10:56:56,2017-06-13 00:00:00
df413df02c32f319cb51828513261aff,502dc9015b331ead5e41cc9b05483634,delivered,2017-10-17 18:12:23,2017-10-17 18:28:19,2017-10-30 20:22:09,2017-11-06 18:09:45,2017-11-16 00:00:00
bcc4d7b9422f45610ec4008b5012e842,16b64f7b6d8c8a1952ca8b8bca2c5a30,delivered,2018-01-02 13:33:04,2018-01-02 14:31:52,2018-01-08 18:05:33,2018-01-17 21:53:13,2018-01-24 00:00:00
f86e20fe6ce750c00d7ed08e8c67384f,c4e463ec59a357f2d138554298afadaa,delivered,2017-09-24 09:30:35,2017-09-24 09:45:32,2017-09-27 17:12:32,2017-10-06 20:18:49,2017-11-03 00:00:00
f2fd76c4a6a18c5be5d960963e114737,0a193a491e9dc580885abc4083f70b05,delivered,2017-09-16 12:32:13,2017-09-18 10:55:41,2017-09-19 15:55:00,2017-09-25 14:09:12,2017-09-28 00:00:00
13fd61236a6baeb00aba9df344275a78,4fbd4b0638090bdcac4bd0a0add76ed5,delivered,2018-02-02 19:46:27,2018-02-02 20:12:06,2018-02-05 19:22:28,2018-02-06 16:48:36,2018-02-20 00:00:00
2d48a0bfbce1c7340ddc2571ed138bd5,41c34c255ad1afe994d16365b81a200b,delivered,2018-05-22 14:02:17,2018-05-22 14:16:45,2018-05-23 14:28:00,2018-06-04 16:03:15,2018-06-13 00:00:00
8e7067b0751f4e22d4e31728a9a8323e,4f7101886e76a0fa9285c654c92ef0c9,delivered,2018-01-23 22:21:53,2018-01-25 02:57:28,2018-01-25 21:38:26,2018-02-07 15:05:20,2018-02-20 00:00:00
3369b9e1711af775c57b7ad52baf8017,2327e8c7d289aab1d3508440c2111cc0,delivered,2017-10-08 10:47:34,2017-10-08 10:56:14,2017-10-17 21:13:58,2017-10-27 19:27:39,2017-11-13 00:00:00
73d68ef344ebda9bf0c80b7e3ed70e45,2aa26f091cbe1ebe446df78de1628f34,delivered,2017-09-07 18:41:13,2017-09-09 04:50:19,2017-09-13 21:22:52,2017-09-19 19:37:46,2017-10-03 00:00:00
57665b3fb0f04270d6b333c9d1f80a61,958e8ad93117fc0cc509a39861a1e7ff,delivered,2018-07-30 11:22:32,2018-07-31 07:30:51,2018-07-31 15:51:00,2018-08-06 22:41:59,2018-08-17 00:00:00
eb54462c208a5481d2af421ca4f66780,1f25c018077f5a366bee0321500296b0,delivered,2018-04-15 11:55:52,2018-04-15 12:10:51,2018-04-18 22:42:36,2018-04-28 14:12:02,2018-05-14 00:00:00
9751ad9e269564b0b79cc17a82fe06c4,7959004bf58fbac26939ec9b640f2379,delivered,2017-11-12 18:19:32,2017-11-14 03:50:32,2017-11-16 21:19:34,2017-11-23 14:58:25,2017-12-06 00:00:00
51abb20be6330420d4528fe527d3f90e,be8c3171fd93be859af167b6aaf33af6,delivered,2017-10-07 00:26:08,2017-10-07 00:49:18,2017-10-10 13:55:55,2017-10-24 20:12:12,2017-11-03 00:00:00
f28cf65c040ec0031234f04085debe30,82dca5a0d58f3e7847e28a177e70f1e0,delivered,2018-03-10 12:12:15,2018-03-10 12:28:18,2018-03-14 21:05:37,2018-03-20 20:48:44,2018-04-05 00:00:00
6f7390ae95a89ea985e0d81b189e96d5,c17611c9d2852a5b128c4f1ed28fa0e2,delivered,2017-01-30 20:52:02,2017-01-30 21:33:50,2017-01-31 10:38:09,2017-02-10 12:09:06,2017-03-20 00:00:00
f9d71ca22c3574cb50bd404950d12ff3,d2da057d4083d5150c6275d1d17b7070,delivered,2017-05-14 14:59:05,2017-05-14 15:10:15,2017-05-15 10:17:06,2017-05-23 10:34:57,2017-06-09 00:00:00
9e97400ef316f1d0209aec475ab50554,191ca3c59d3e5ed2fb88a3f3ed124acc,delivered,2018-02-25 23:33:17,2018-02-25 23:47:29,2018-02-28 23:53:07,2018-03-20 22:42:02,2018-03-16 00:00:00
55463b6644570a60e7bd7f1c26c3c46d,b9f0fd7af2cba07fe0f3eb88e58c5807,delivered,2017-05-18 18:38:19,2017-05-18 18:45:10,2017-05-19 17:56:43,2017-05-25 15:33:49,2017-06-09 00:00:00
98e94d121fb6444de93e426ceeb1e0e0,df2660497087c34c3d0125f7c252a62c,delivered,2018-01-23 12:13:10,2018-01-23 18:16:34,2018-01-24 21:28:51,2018-02-06 13:58:48,2018-02-22 00:00:00
341cce59fc24a0f0cd59c5f25282b1ca,dc2fd15d2dbf52095072ff3e9938cff6,delivered,2017-03-27 14:16:43,2017-03-27 14:30:13,2017-03-27 14:41:28,2017-04-10 06:05:09,2017-04-25 00:00:00
e4a9759ef4977b2303b79da089cc865f,98ff9f70b5748c2f0518a94f9e9a975d,delivered,2017-10-27 18:51:06,2017-10-27 19:06:46,2017-10-30 19:52:11,2017-10-31 14:20:11,2017-11-09 00:00:00
95d1d57cd27cd0857ef85f53ad2ed3b8,d47db9098abd035789999ed3185fb607,delivered,2017-09-25 13:01:16,2017-09-27 02:49:27,2017-09-27 19:53:26,2017-10-04 04:10:36,2017-10-10 00:00:00
7d32c87acba91ed87ebd98310fe1c54d,876356df457f952458a764348e1858bc,delivered,2018-05-23 20:14:21,2018-05-23 20:35:15,2018-05-29 14:09:00,2018-06-11 20:41:33,2018-06-27 00:00:00
76149a98fb53f831f6aa676c3193ee0f,97fbfd543f973bd88988e248eca01348,delivered,2017-06-10 14:32:25,2017-06-11 14:42:15,2017-06-12 10:24:18,2017-06-22 13:26:45,2017-07-05 00:00:00
f26fa27bb0f1337c570d70e32fc2e413,d8d77a2b743c3bb40884334bb157954d,delivered,2018-07-12 16:22:47,2018-07-12 16:30:18,2018-07-19 16:03:00,2018-07-24 23:40:44,2018-08-07 00:00:00
b7ada522cfb63d2f443ab987bd38c885,e80621e53339202d76c5ab251fa2582a,delivered,2018-05-21 18:20:05,2018-05-23 02:15:42,2018-05-23 14:54:00,2018-05-24 16:38:39,2018-05-30 00:00:00
62d3014a7e5b4f51c5f2bb713775aada,041318f3b224ed1865ecbd61cbd4c77b,delivered,2017-05-21 15:57:33,2017-05-21 16:10:12,2017-05-22 18:34:56,2017-05-30 10:52:27,2017-06-26 00:00:00
f3a90b689fbd9cfa13d56d57dba508f2,4b2d705397245b9b0542eb3f31034dae,delivered,2018-01-07 20:51:09,2018-01-07 21:07:51,2018-01-10 20:36:13,2018-01-17 00:43:32,2018-02-05 00:00:00
0b16fcb0e3133c83e8c82ed7bd6ccb1b,89f7508dce8638dd195717c747ab4f5c,delivered,2017-04-11 15:27:37,2017-04-11 15:42:32,2017-04-12 16:34:22,2017-04-17 09:18:00,2017-05-15 00:00:00
4ee69609938fb96f9c99db9382d6069b,3da953a2832e621afbf58fe1b4cfa312,delivered,2018-07-25 20:12:29,2018-07-26 13:04:19,2018-07-27 13:49:00,2018-08-01 00:58:36,2018-08-10 00:00:00
b0ba32a79f83ef1ae43216095e1c9ab8,b8302eadfd19b0b4f468211664bf18f1,delivered,2017-03-01 22:10:25,2017-03-01 22:25:08,2017-03-03 14:27:57,2017-03-07 17:03:41,2017-03-27 00:00:00
19f98c610ce8a9b866159c5db4784373,34c7b7a43f4fb3c649c886dac07f7125,delivered,2018-05-10 13:51:45,2018-05-10 14:16:24,2018-05-10 15:25:00,2018-05-11 23:41:32,2018-05-18 00:00:00
21b0a5108bb56f3391fa2db965e76bd0,8799df7efa464aa364263bf7675925dd,delivered,2017-10-06 23:24:29,2017-10-10 06:33:12,2017-10-11 16:22:42,2017-10-18 17:14:40,2017-11-01 00:00:00
fa3cc6b1b48c7b730f6c4c43e423c5aa,5d1caf9872c76c10e211e5b25d061ab1,delivered,2018-08-02 17:53:47,2018-08-02 18:05:31,2018-08-03 10:01:00,2018-08-17 17:56:25,2018-08-30 00:00:00
a70cbddbc05271b2103fdd63f37034a0,26f8c9d8b0bd55432273ac668938f020,delivered,2017-10-12 15:06:17,2017-10-12 15:28:01,2017-10-16 20:32:32,2017-10-27 18:49:50,2017-11-01 00:00:00
4fb03ddd24b3d883bf20f5f196c53890,a4e4eb0b5a6fc9aa1839273af0f6406f,delivered,2018-01-16 18:41:05,2018-01-16 18:51:25,2018-01-17 20:27:08,2018-01-20 13:06:04,2018-01-31 00:00:00
46b7b64f475329c65fb18b99c7fb373b,80a4e774050223dd467a7d514862b986,delivered,2017-12-12 22:27:31,2017-12-12 22:35:43,2017-12-15 15:12:52,2017-12-26 14:23:24,2018-01-10 00:00:00
6016370c0d4a0da9c57394f85d9d11d6,6e4dd13384773c090e487c674a47977f,delivered,2017-11-03 13:16:10,2017-11-03 13:30:45,2017-11-06 19:11:53,2017-11-08 22:52:04,2017-11-28 00:00:00
af8cd0ccf7bfb5bc0998744b1ff8c08f,e43366d6939a89d151f1ad9246d07b8f,delivered,2017-09-02 11:21:41,2017-09-05 04:11:03,2017-09-06 17:47:36,2017-09-15 01:04:09,2017-09-22 00:00:00
dcb965b6963d2375946c5b2eeb316e6a,d14d3c023b1b86bb3dea4f86a1605550,delivered,2018-05-10 10:24:31,2018-05-10 10:35:26,2018-05-17 12:41:00,2018-05-26 14:05:22,2018-05-30 00:00:00
aa3aed786cbca7fa2c6eaf17148c63e4,7cb49dacdbac02e8c66298569cce53a7,delivered,2017-07-30 18:31:33,2017-07-30 18:45:21,2017-07-31 20:12:27,2017-08-09 18:08:37,2017-08-22 00:00:00
629bb9d04c91f3a7d95a5fe1432ce47b,042bcdea41b22aa79516d40e4f374ed8,delivered,2018-01-30 18:30:35,2018-01-31 13:31:55,2018-02-01 13:28:46,2018-02-15 23:09:15,2018-03-06 00:00:00
6aa3386e7cd429b12ab0c288acf52e41,e80fcc7903fb212f8f326277a3adc529,delivered,2018-08-18 21:46:18,2018-08-18 23:31:33,2018-08-20 10:25:00,2018-08-22 12:56:37,2018-08-23 00:00:00
7bea83629cbad77571dcccb181fc2a6f,ebd6d28907731a8fec0f1c594c8bfc3b,delivered,2018-02-11 11:49:10,2018-02-11 12:09:01,2018-02-16 23:08:01,2018-02-26 19:37:15,2018-03-26 00:00:00
7e17bef0b77734da366177cd331ed66b,40d5f204b84520a278cdc2ab9c557cee,delivered,2018-02-27 14:01:07,2018-02-27 14:10:57,2018-03-01 22:36:39,2018-03-05 22:35:24,2018-03-13 00:00:00
06c94a45382f44abb2968a87bcee9bcf,79566318b6a66b5ea84699122114a934,delivered,2017-12-10 13:55:22,2017-12-10 14:10:33,2017-12-11 16:58:18,2017-12-20 12:03:41,2018-01-05 00:00:00
87b25622da650dcff9efaeaad1ebc057,c88f43e6c3194c2d966354b7ad47de53,delivered,2018-01-06 16:23:32,2018-01-06 16:30:24,2018-01-09 15:51:50,2018-01-17 17:13:01,2018-02-06 00:00:00
4e78c8e6f00a4ca7409db04227837738,66d8f30fb4390d0b8d3e0b639bd367a9,delivered,2017-10-03 00:20:58,2017-10-03 00:35:09,2017-10-11 19:11:51,2017-10-23 18:18:38,2017-11-03 00:00:00
b6a87380ebe0e02e7ed12272492b3ca0,5c1d6f2b9a790917140df3013643b6c4,delivered,2017-11-26 07:52:37,2017-11-26 08:13:16,2017-11-28 10:09:59,2017-12-04 22:25:29,2017-12-19 00:00:00
09b9364d966593e51c1edead847fd220,5370e275eb7b56d78bd41f03c6446232,delivered,2018-08-10 08:13:28,2018-08-10 15:45:53,2018-08-13 12:01:00,2018-08-17 17:56:32,2018-09-04 00:00:00
776e5572d4969b8fa5b72b0fde398f6f,a0b5cdd54fb202fb47805688f4577c8f,delivered,2018-06-28 23:20:15,2018-06-28 23:35:13,2018-06-29 13:52:00,2018-06-30 16:06:20,2018-07-12 00:00:00
2a6ec88bef2eb4c5e4716b26406ead0b,89128b58a471ab0487f3198a463e80fd,delivered,2017-11-24 08:51:55,2017-11-24 09:11:30,2017-11-25 12:37:53,2017-12-12 08:47:32,2017-12-21 00:00:00
5c55ef550d5ff75bae4c1473c8dd06a5,e0b0d01891fea74e10eaa315c127bf02,delivered,2017-02-19 23:32:43,2017-02-21 05:09:24,2017-02-24 07:27:02,2017-03-07 10:09:25,2017-03-21 00:00:00
b00e398b9fedc8b818679422af47d3ad,d03d84aabd2502cf10698e4153c70eeb,delivered,2018-07-21 18:59:31,2018-07-21 19:40:05,2018-07-23 15:56:00,2018-07-27 20:26:40,2018-08-16 00:00:00
e884a5f13002803a9e393c21d0c1b257,cb6967ba89bf0c0146e4cb9eeb5b440d,delivered,2017-08-16 13:10:41,2017-08-16 13:30:18,2017-08-18 13:44:40,2017-09-05 17:00:13,2017-09-18 00:00:00
063009988101940b4392ba9b2f2ca112,c2b7c8b9844ce8239986985f4711fe6b,delivered,2018-03-13 13:36:34,2018-03-14 02:49:04,2018-03-21 22:52:33,2018-04-03 01:06:53,2018-04-05 00:00:00
3908808de1bc14e2592cbdd80fd41729,211b6b842344829a0e56b92942cd83c9,delivered,2017-05-09 23:03:41,2017-05-09 23:10:23,2017-05-11 12:19:48,2017-05-18 12:36:43,2017-05-29 00:00:00
157972ad87ad74e792dc1c49ead0f733,c062ee6149be02143c82725143e49438,delivered,2018-07-08 15:33:27,2018-07-08 15:50:14,2018-07-10 13:56:00,2018-07-12 23:08:29,2018-08-03 00:00:00
4d16edc6146d11a43b18720cce159643,ae1b6f1b36f47639b665736983884bc6,delivered,2017-08-27 21:12:55,2017-08-27 21:25:25,2017-08-28 21:04:43,2017-08-29 15:44:39,2017-09-08 00:00:00
44aec9c2be37dd0f0b954562c94ccfec,eb1f5775cb6c152c959d5a76a8204baa,delivered,2017-09-26 14:23:47,2017-09-26 14:38:12,2017-09-27 19:23:31,2017-10-03 18:23:40,2017-10-20 00:00:00
54c4b0926f9b4aeb54164306d1374e8f,a5931868ca3c3ba7b8b15801b97fec1f,delivered,2018-01-06 12:28:22,2018-01-09 07:16:30,2018-01-10 21:14:47,2018-01-16 17:07:05,2018-01-31 00:00:00
9e409207a4bcdd6d56800cf4e2e85245,8d3dc05925d03b20372a146ac5e621c1,delivered,2017-12-06 16:39:06,2017-12-06 16:52:06,2017-12-08 21:16:53,2017-12-21 12:58:56,2018-01-11 00:00:00
915e61444d403c1c57fa206962c3e60f,47171f14cb6b6369a2f845cd67a3bcce,delivered,2018-08-04 17:28:03,2018-08-05 17:25:09,2018-08-06 14:55:00,2018-08-13 23:16:41,2018-08-24 00:00:00
0a187dd7f4efe70e8c3b6e3779b3b133,23fafaadc0b11501176401ba0003c22d,delivered,2017-09-02 19:48:30,2017-09-02 20:03:31,2017-09-07 00:07:41,2017-09-13 22:02:51,2017-09-26 00:00:00
f8dc2e2efd79f135f2ae7b04e0d95985,b5497c073e0cc7f337a46cc0c423a0c0,delivered,2017-03-10 23:37:11,2017-03-10 23:37:11,2017-03-22 10:42:17,2017-03-30 13:59:39,2017-04-04 00:00:00
f2fecc6e386231f071a5ec6438b7ede4,38ab12976fda60f9c224adfe69523ca8,delivered,2017-10-17 22:02:00,2017-10-17 22:14:29,2017-10-18 10:58:44,2017-10-24 20:46:32,2017-11-07 00:00:00
6bb425cfe5c2338ba1386a0114f7fb50,14777b1b80f36a5b1e889b6ebeb634a2,delivered,2018-08-20 19:55:54,2018-08-20 20:10:25,2018-08-22 13:00:00,2018-08-23 19:21:23,2018-08-23 00:00:00
2c3c10e3041b454de87327e09b5816b7,4f5fe5c6a063a0aaf01e32a773791e00,delivered,2018-06-15 11:28:16,2018-06-19 04:16:58,2018-06-19 14:32:00,2018-06-20 18:58:28,2018-07-03 00:00:00
8c0dd54ff6a273a02de12494c6bf299f,6a65b5d6d4f4c9dfda93798cf014ee47,shipped,2018-07-17 22:35:46,2018-07-18 21:22:25,2018-07-30 09:00:00,,2018-08-02 00:00:00
56f663cba1638e1a90a2fb8e4716a2db,1d68bd2a2634f0efc973f13b9ade0384,delivered,2018-02-13 16:43:33,2018-02-13 17:27:17,2018-02-15 15:23:14,2018-02-22 19:56:35,2018-03-07 00:00:00
1a302b3c311d6fd772e886b742c24304,c23a847f6ffc7605f0ef67911fb58908,delivered,2018-05-19 15:19:13,2018-05-19 15:39:23,2018-05-21 15:56:00,2018-05-23 19:24:33,2018-06-04 00:00:00
3a77992e9af4cff3d2b7bffa8f0597bd,b034d086fa50e3f4ba566e002b161b89,delivered,2018-02-12 19:52:15,2018-02-13 19:47:17,2018-02-20 16:34:43,2018-03-09 12:21:24,2018-03-07 00:00:00
d80251514bbd83a5bb165f6e5667c6f2,040d91478309e90547cb930b7405509c,delivered,2017-12-11 23:23:16,2017-12-12 00:18:32,2017-12-12 16:58:56,2018-01-02 20:19:08,2018-01-15 00:00:00
d16b2207d93383dc91aa5da54cec3d0a,45193c34a13942938ead2873b64c360c,delivered,2017-11-26 22:51:05,2017-11-26 23:13:14,2017-11-27 18:13:28,2017-12-27 15:47:59,2017-12-15 00:00:00
75707562c6865f8fd2172eff80a71210,3a8331c2730ad7283201bf2eb3a52ab0,delivered,2017-06-17 17:47:40,2017-06-17 17:55:21,2017-06-19 20:03:46,2017-06-21 17:07:29,2017-06-30 00:00:00
3e87ada006372f78ebf4bfee1cb020a5,60c3b5a878db7aac85cb26abee3dc7be,delivered,2017-03-01 11:24:17,2017-03-01 11:35:15,2017-03-02 06:57:28,2017-03-16 10:15:59,2017-03-31 00:00:00
21d84fdbaead25cecf565df87958cbb0,65f2494b7f5169c8b680f5d0c574f1b0,delivered,2017-12-23 12:36:46,2017-12-27 04:08:41,2017-12-28 11:27:36,2018-01-10 21:23:15,2018-01-30 00:00:00
b77b82b683e9956ecdf55514de3d1f1d,f9d6595c725eee2aba47fc7257680db4,delivered,2017-11-06 19:58:31,2017-11-07 04:31:13,2017-12-21 17:22:43,2018-01-08 15:19:43,2017-11-24 00:00:00
c2dae969e4d48f3afc69a5503b48bed1,47bf336b7e7bc23158324a69da765cdc,delivered,2017-12-29 10:41:12,2017-12-29 10:49:54,2018-01-04 22:52:15,2018-01-17 17:53:01,2018-01-29 00:00:00
ad192211a3b7e6018ffdea3e5fef1444,40905525660d729391fc706263a8ed34,delivered,2017-12-05 15:05:53,2017-12-05 15:17:27,2017-12-06 22:37:55,2017-12-12 01:48:40,2017-12-28 00:00:00
0fd20e900b40f5cb8e6fd31df27aabbd,ac3fbcb5772c50de636f614e8c6459a6,delivered,2017-04-07 07:26:40,2017-04-08 14:35:19,2017-04-25 11:46:34,2017-05-12 16:13:11,2017-05-11 00:00:00
6b34444470c3f9256eb504e61edcd608,33ecb8be5f6e1620440c60711fc34c02,delivered,2018-07-06 21:44:03,2018-07-07 04:35:13,2018-07-12 15:14:00,2018-07-13 23:41:06,2018-07-19 00:00:00
8da1b0cac91830c54472e2f91579aeff,634591dd7e8bc907a41a5a0d6e450fe7,delivered,2018-02-15 16:48:18,2018-02-15 17:07:37,2018-02-16 21:11:38,2018-02-27 17:37:43,2018-03-12 00:00:00
7caa2aaed7e9a56d1bc1004eb7d296e5,8cba14bb8ebdaefa1aa8563ace8ecd69,delivered,2018-07-17 22:29:15,2018-07-17 22:41:41,2018-07-18 14:37:00,2018-07-20 19:54:52,2018-07-25 00:00:00
44d2ec7f124befc9d02cd313f1af14c5,648deadcf7c258c1a06ac5f17064280e,delivered,2018-08-09 11:38:46,2018-08-10 03:05:26,2018-08-10 15:29:00,2018-08-15 17:06:46,2018-08-17 00:00:00
bd5d8e4ebcc034472954de8f591cd151,4e2edc825b43010a5ca8a1002dbf0e5b,delivered,2018-08-03 15:19:03,2018-08-03 15:30:22,2018-08-04 08:41:00,2018-08-14 22:59:46,2018-08-24 00:00:00
46944b54ffc20e22cd2792f7b7b12a82,0240a546849fb56346f3f602aac8e04c,delivered,2018-05-31 13:47:07,2018-06-05 04:12:28,2018-06-08 15:55:00,2018-06-11 23:27:21,2018-06-26 00:00:00
6709606f3773c59d8bed53c0d9bb614d,0be4ccac4dad0eece92dc788cd5e9260,delivered,2018-05-21 00:26:19,2018-05-22 07:54:02,2018-05-24 14:54:00,2018-06-08 09:51:58,2018-06-11 00:00:00
dc3d2c21652c9d91fa3b1f74a3a68ae3,27ab33d6c14857fd5dcca0c26a063d3b,delivered,2017-03-22 09:55:14,2017-03-22 09:55:14,2017-03-22 14:51:19,2017-03-24 14:26:57,2017-04-05 00:00:00
f52a5a508f96400a02ab7d6dd3d73146,9050371aaf6e57515b2583acd99c9bb6,delivered,2018-07-04 21:50:13,2018-07-06 02:51:02,2018-07-09 15:01:00,2018-07-13 17:38:42,2018-07-26 00:00:00
cd833669dc6a68cd473eac313fe69a6c,bc4ecd6bee226a3064e6f48f3a67be1f,delivered,2017-07-08 13:05:29,2017-07-08 13:15:21,2017-07-13 18:04:28,2017-07-26 10:17:44,2017-08-16 00:00:00
583778f2a1b6b016b054423277086598,e38c25fd0a93092fa341755e65cd3631,delivered,2017-12-30 18:24:49,2017-12-30 18:46:39,2018-01-05 22:11:03,2018-01-28 09:10:06,2018-01-31 00:00:00
8dd212b37ef87381b34684de2200d25d,87acea672dccd1c6d744da7adf24a947,delivered,2018-07-03 21:50:44,2018-07-05 16:40:33,2018-07-06 11:12:00,2018-07-12 17:04:47,2018-07-30 00:00:00
812f4de54953468bf13530e434f7de0f,9058d1725a0f910092c35f6da4a11464,delivered,2017-08-17 22:02:13,2017-08-17 23:15:21,2017-08-18 16:36:07,2017-08-24 20:13:46,2017-09-06 00:00:00
210be0ac0c8d9589654333e9370c6480,f84ec948b39eb0b4c9968d5e4ffe36a0,delivered,2018-04-23 13:24:14,2018-04-24 18:34:11,2018-04-27 09:47:00,2018-05-03 20:22:54,2018-05-14 00:00:00
528b401a2474f3a33a3373be7a77a0cb,bc3b70c375396b2103e9a3189309a0b9,delivered,2018-04-04 14:22:03,2018-04-04 14:35:12,2018-04-05 20:38:20,2018-04-21 17:46:27,2018-04-27 00:00:00
c1101a911387fc42d24230c28f75f016,c54850e0308f8bdd7d21266938cf544e,delivered,2018-07-30 15:58:13,2018-07-30 19:31:56,2018-08-08 11:27:00,2018-08-14 02:14:52,2018-08-24 00:00:00
9d0516ad96d793d308cec3c5929ed649,308afed7ca59239797d7ecd2ccd7c956,delivered,2017-12-18 20:09:35,2017-12-18 21:11:14,2017-12-20 08:55:28,2018-02-05 19:53:16,2018-01-17 00:00:00
12fb2d2b590f7359e3b473456bd1ca87,b9e7d8b529d10203729359b4660021ec,delivered,2018-07-04 08:11:03,2018-07-05 16:21:01,2018-07-10 14:33:00,2018-07-12 18:31:14,2018-07-19 00:00:00
b022357c03da2d91ba22d886af2c83a5,c1a69ca2899b3cc961dabdbcaeaecdab,delivered,2017-09-26 23:19:50,2017-09-28 03:36:04,2017-09-29 19:55:47,2017-10-10 15:10:08,2017-11-03 00:00:00
d9d6038fc6b49e88d43af0a6d43f0846,fb474032f828dfeaf99d1dc9c67abfa0,delivered,2018-04-27 23:15:52,2018-04-27 23:30:47,2018-04-30 12:57:00,2018-05-02 18:41:29,2018-05-14 00:00:00
a8a42525a528f4f3b6c343d8cfa0a374,11d4407faece8a6220c06056f36dc9af,delivered,2018-05-28 20:41:23,2018-05-28 20:50:40,2018-05-29 13:27:00,2018-06-09 12:28:29,2018-06-28 00:00:00
b231ac7a6c9bf6113ddfd94e6fec8cd8,ec801af195e2b30cb44c179b8fac3376,delivered,2018-04-18 15:24:21,2018-04-18 15:53:23,2018-04-19 00:51:15,2018-04-24 16:04:00,2018-05-09 00:00:00
1cbc4deb78977f04e2e3c262a613abc0,091644e5b77192246134faa0a042a356,delivered,2017-11-25 13:31:25,2017-11-28 03:32:40,2017-12-01 21:59:03,2017-12-07 17:48:53,2017-12-15 00:00:00
f9fa435b229b328ac3cb116184422b59,ca9c652eec1e65db2d7b32aada767c0b,delivered,2018-08-21 20:50:17,2018-08-22 20:45:13,2018-08-23 11:57:00,2018-08-27 19:03:39,2018-09-06 00:00:00
b044b08867cd3b1d69a4b3c372321557,7fa91b7ff8f3120ed5cbba8f35d0de1d,delivered,2018-06-03 13:37:32,2018-06-05 04:12:43,2018-06-05 11:23:00,2018-06-09 17:02:19,2018-07-12 00:00:00
4ae41a4932898dbf49f39d10745ba16f,82f7651d498a901c651f2aea61b7262e,delivered,2018-08-17 19:58:50,2018-08-17 20:10:14,2018-08-20 14:46:00,2018-08-21 17:21:06,2018-08-28 00:00:00
efa6ac6564b5e0edcfd63b95f47d8737,cf1f153a1af8c5cdd447ea6e3616b7fe,delivered,2018-04-24 11:57:58,2018-04-25 11:55:11,2018-04-26 06:40:00,2018-05-02 23:54:34,2018-05-16 00:00:00
553d40c3dee8e6294b1b393c1499c25c,f6f3e85b8ac3846b8b3ca5735ad0e19a,delivered,2018-04-29 08:32:16,2018-04-29 08:50:07,2018-04-30 12:34:00,2018-05-05 17:48:58,2018-05-24 00:00:00
9bbb33e6918e2064e479c9bbeb6db909,6f954ca9d9e2dd198a72526cb966c973,delivered,2018-06-13 21:11:47,2018-06-14 02:57:31,2018-06-14 14:04:00,2018-06-27 14:22:50,2018-07-17 00:00:00
8f836421e8adb99ac1f8075c27949f7c,46fa9624d8685c23181067afeb9d39f2,delivered,2017-07-17 21:16:37,2017-07-17 21:25:10,2017-07-19 17:39:44,2017-08-03 16:05:52,2017-08-08 00:00:00
60fc7ade1e92f28d610e6e529997e56c,043111eb2b35475e7264e40c234e92d2,delivered,2018-03-19 23:51:06,2018-03-20 00:15:28,2018-03-22 19:39:28,2018-03-27 18:45:40,2018-04-10 00:00:00
972e7938b32b93b78bf5faf4358ad5fe,bb8edaaa3e1c1233e6c0c2692676c0a3,shipped,2018-07-24 01:35:56,2018-07-24 21:05:23,2018-07-25 11:51:00,,2018-08-14 00:00:00
4045e63d7fe9fce2f38928253adf5c2d,3549ac65c13f53f1a5f9bbca1faa3c2b,delivered,2017-11-15 12:06:24,2017-11-15 12:26:27,2017-11-16 16:22:28,2017-11-30 22:21:30,2017-12-13 00:00:00
9800ee2371539396d5bb270f1e844e11,ba4ec83bdd2a861c366574f0d4cef56c,delivered,2018-04-08 18:01:46,2018-04-10 03:55:28,2018-04-11 23:25:46,2018-04-13 15:37:51,2018-05-02 00:00:00
13f726430863cd4a81b6899e25010475,11e9daf0fd784f9c81aa95c868d18bf4,delivered,2018-07-04 17:30:53,2018-07-05 16:23:38,2018-07-05 13:17:00,2018-07-11 15:28:59,2018-07-25 00:00:00
469154149d5faa926f0c01971b89dae4,8e607c2cb0711018115d7a6aaff94bc3,delivered,2018-02-13 10:07:59,2018-02-13 10:27:09,2018-02-15 19:56:31,2018-02-20 21:22:52,2018-03-19 00:00:00
8b7d4b3e8eca5cae93f948e0d7b67406,76d4a3d0005fc2a1c3d995a062bfc72d,delivered,2018-01-25 10:24:24,2018-01-27 02:43:27,2018-01-29 14:04:20,2018-02-05 19:48:59,2018-02-19 00:00:00
35066d34d3d361931bd8dbad2a94bb0e,07b37fbfa3d8fe1c16ace64c754b4b0f,delivered,2018-06-28 07:49:51,2018-06-28 08:10:41,2018-06-28 14:38:00,2018-07-03 20:21:35,2018-07-19 00:00:00
d22be2a4da2ca6e4cf8f164d63f5be02,d127a44d04cb62dc42601454eba26be4,delivered,2018-02-27 21:25:02,2018-02-27 21:35:33,2018-02-28 22:19:10,2018-03-16 21:38:35,2018-04-02 00:00:00
36181ce9f0459af55f5aae302b4b13a8,5f82b6799f7f5bda22833caafe7e8cd2,delivered,2018-03-12 19:37:14,2018-03-12 20:48:17,2018-03-14 19:24:50,2018-03-15 20:03:14,2018-03-22 00:00:00
c803c517b7b4203209bc317a912728e4,6ed1ed99e026664b097bfd6e34234f6b,delivered,2017-10-25 16:05:38,2017-10-27 03:07:07,2017-10-27 13:28:15,2017-10-30 16:50:08,2017-11-07 00:00:00
6a8677aeb56b8ee0d1a74e0435772e31,cc8b0570332e15f77abf874fc2da154a,delivered,2018-02-07 19:56:07,2018-02-07 20:15:28,2018-02-09 19:05:30,2018-02-17 14:58:49,2018-03-06 00:00:00
00a379dfab816a83741012b71b264098,5e3b89299a7d6e3e10f9bc6e77923f88,delivered,2018-08-03 19:50:50,2018-08-03 20:04:20,2018-08-09 13:32:00,2018-08-10 18:18:35,2018-08-08 00:00:00
666a7787fe64880d1ad7dad0e4988ab3,8ec6e1c246b0c22bdf1527235f6e137c,delivered,2017-03-06 22:48:54,2017-03-08 03:45:18,2017-03-13 11:14:13,2017-03-17 16:32:44,2017-03-23 00:00:00
040ffb806b943aa19e0b176e7746b2b7,2487a1f2ca00d0bbdd2b768b7407d75b,delivered,2018-07-31 15:52:32,2018-07-31 16:44:19,2018-08-01 15:45:00,2018-08-02 23:26:35,2018-08-06 00:00:00
168181560f9cbee863926c0d0957c56a,af05ae9632b87952d4e679eaa389046e,delivered,2018-07-27 15:27:42,2018-07-27 15:44:29,2018-08-02 12:54:00,2018-08-08 16:18:45,2018-08-27 00:00:00
950d953d1c32b47c840a17f3661427a4,83ee6d8c8198e3ecd30aa108a28d4b81,delivered,2018-02-21 20:53:04,2018-02-21 21:08:51,2018-02-24 00:21:47,2018-03-09 21:24:42,2018-03-16 00:00:00
716d94482440b2b6bbd8346eb9fb3e14,3f64f68ca314162409d03c369cc1fa8e,delivered,2017-07-03 21:01:08,2017-07-04 18:05:21,2017-07-13 17:58:35,2017-07-26 19:17:22,2017-08-15 00:00:00
efd626e6a12a82d76e456e34093f8356,da2bd16b131bc90653b87fe4d8fd266e,delivered,2017-12-07 20:33:24,2017-12-07 20:51:05,2017-12-08 18:12:34,2017-12-27 18:19:53,2018-01-08 00:00:00
eb808f17e12419314395e5309b23258b,f797b305ff4fc7689400509ea249468a,delivered,2017-11-23 09:30:42,2017-11-24 03:10:53,2017-11-24 18:38:45,2017-12-01 17:13:45,2017-12-22 00:00:00
ee1de1bcd287c6d9584b5e78d1b534be,491689eb90a5e67c0967a80dcab074f3,delivered,2017-12-01 11:05:40,2017-12-01 11:30:59,2017-12-07 22:18:30,2017-12-09 17:21:55,2018-01-04 00:00:00
b19b783be83450d0c4d0b92c5343a528,5673cde32ce3810e1eab5570d458d827,delivered,2017-09-12 22:53:28,2017-09-12 23:10:09,2017-09-14 19:49:56,2017-09-20 20:38:04,2017-10-02 00:00:00
99eae747b45fb42516e46311533b3064,30718e0e99f2eff03d3d80ed35312f1e,delivered,2017-09-25 20:31:25,2017-09-25 20:49:22,2017-09-28 13:21:52,2017-10-24 14:46:06,2017-10-31 00:00:00
83cbab9daaf549182de4705ab0ca54ed,3ffb10bbfb87f808e1c8665cd4f83ba8,delivered,2017-02-19 12:50:41,2017-02-19 13:02:56,2017-02-20 16:22:53,2017-03-08 14:53:57,2017-04-12 00:00:00
8dbd69de4c9ba7ac0f46c387f0e67ee4,cce2f2a4e26c4fc0745e71f78dc6f862,delivered,2018-05-14 16:59:30,2018-05-16 02:54:10,2018-05-16 11:11:00,2018-06-04 17:33:01,2018-06-04 00:00:00
c0663e7701a516c68fa3009dd4f93ac0,afa35cd648263a2b82ca9fc2473d21b6,delivered,2018-01-04 21:21:17,2018-01-04 21:31:24,2018-01-05 20:28:44,2018-01-13 00:21:58,2018-01-31 00:00:00
cce3f49cd454ef2ad2924bc694eb1df8,b315622e6aa6f42dadc791504ffb88d2,delivered,2017-12-06 16:08:08,2017-12-06 16:31:56,2018-01-15 16:33:31,2018-01-29 20:18:58,2018-01-22 00:00:00
c13ac59826a76ae21dbe5b33ae83b857,4437df47d5e6a5a2715ada6b258c0fcb,delivered,2017-11-20 22:12:36,2017-11-20 22:27:58,2017-11-21 18:38:33,2017-11-27 14:42:49,2017-12-12 00:00:00
687e2110fd453476f1c045ce5c1a6d3f,8092df83f189e6029ffd55d443334a5e,delivered,2017-08-31 23:37:47,2017-08-31 23:50:08,2017-09-01 15:30:14,2017-09-13 21:25:28,2017-09-22 00:00:00
5361ae7742cca11bdce02eba111d345a,822d89ae169a34fc33eddc98e2e90e23,delivered,2017-03-22 08:40:31,2017-03-22 08:40:31,2017-03-24 16:03:39,2017-03-28 12:27:00,2017-04-10 00:00:00
d411b203fa5c4b8dee5012ebe23cd3b4,a8675255615b3a42f92339f755cb1e04,delivered,2018-06-27 11:45:06,2018-06-27 12:08:20,2018-06-28 09:14:00,2018-07-03 22:51:00,2018-07-25 00:00:00
1ac1cd9823b09ef5a14a07fdac1aee94,5906102635e5715ee056520207b101a0,delivered,2017-10-04 10:43:19,2017-10-04 10:56:13,2017-10-09 19:06:04,2017-10-13 17:14:18,2017-10-27 00:00:00
0e485d1f54cf7d8e93339478d9e1d884,920de9467dd250906015fc6c01d08f14,delivered,2017-07-17 21:38:27,2017-07-17 21:50:17,2017-07-18 17:23:53,2017-07-27 19:57:32,2017-08-14 00:00:00
e3dc8fab0cf7aaea9a75decd180dcd8f,ab2525bc0acb98f406e1c657ef0b26e9,delivered,2018-02-27 11:11:57,2018-02-27 11:35:39,2018-03-02 10:47:28,2018-03-23 22:37:30,2018-03-23 00:00:00
34ed8b79fd1d5c5550059a18277cf3fe,fa3b5a98a4327c5f32694a30d0fa2fec,delivered,2018-02-03 22:42:30,2018-02-03 22:55:25,2018-02-08 21:50:29,2018-02-22 14:29:05,2018-03-07 00:00:00
44cfc5b2ba4522fbfff8c05a8649e538,b1cb57d839a262ae028152874fcd4255,delivered,2018-04-18 15:45:10,2018-04-18 16:18:19,2018-05-09 08:01:00,2018-05-10 17:46:53,2018-05-04 00:00:00
7b2bc7c55531623ea7b22e2a191b21cd,ee7406f297c95bc245c9fbd29a8895d1,delivered,2018-04-16 14:49:20,2018-04-16 15:15:25,2018-04-17 19:22:08,2018-04-25 19:34:57,2018-05-29 00:00:00
153fb90c16a95a3c0ea6cc48a1a4069c,4d02e7d9b02f003359bce7134dc4941f,delivered,2017-11-14 09:16:38,2017-11-15 09:27:27,2017-11-16 23:08:44,2017-11-25 11:06:56,2017-12-07 00:00:00
cb4468949989bffeeb1d3aa03efb25d0,66091413e273b6f33eff38a695392f3f,delivered,2017-11-25 23:25:16,2017-11-25 23:33:42,2017-11-29 20:52:27,2017-12-08 22:28:55,2017-12-27 00:00:00
ed130bb10da75cd0720fccd02487fed4,b0beebf7e9ddfadcc371f4b51f60d848,delivered,2017-04-18 16:12:20,2017-04-18 16:22:06,2017-04-20 15:47:40,2017-04-28 09:44:55,2017-05-11 00:00:00
32a1deec544b7ad8e44ba2e87dfae1a9,1faec1b2c2a13fa81394d4ff3b112ad0,delivered,2018-05-10 17:19:38,2018-05-10 17:38:07,2018-05-22 05:51:00,2018-06-12 23:12:49,2018-06-05 00:00:00
24678bbf0564173279a1799d6bb11a7a,44fa9e92d8f954cc61aa5606b06c5982,delivered,2017-12-09 15:31:40,2017-12-12 03:36:29,2017-12-12 16:13:00,2017-12-15 18:47:20,2017-12-28 00:00:00
9a768a8d504ada830b38d678f12d972e,c2947e56dc5c90920aacae61cca36845,delivered,2018-02-19 16:29:09,2018-02-19 16:50:35,2018-02-21 19:47:00,2018-02-23 23:17:34,2018-03-05 00:00:00
bf4f937c279d6f44c375450523ee9383,24fc6ae10363187c6761d4f8ad137cf7,delivered,2017-10-06 08:32:49,2017-10-06 08:49:11,2017-10-09 10:10:05,2017-10-13 16:09:35,2017-10-30 00:00:00
ded4e6e4d721200bd599d81e5b29901f,c9c50e93a64b30608d9fc63f83a6ef19,delivered,2018-02-23 21:00:11,2018-02-23 21:15:33,2018-02-27 01:04:23,2018-03-09 16:24:24,2018-03-20 00:00:00
354f93e9f4da886ed48d1add590d8d37,85706d8fd13e45bbdd93f89b557e3386,delivered,2018-05-04 09:50:09,2018-05-05 02:13:52,2018-05-07 15:05:00,2018-05-11 14:43:39,2018-05-29 00:00:00
51149ebc2ec1ecbf8a2503fd49753259,a7ef64352fb7fdebc2f7a65c0ad75325,delivered,2018-02-22 21:58:40,2018-02-22 22:10:29,2018-02-23 20:09:06,2018-03-11 21:56:40,2018-03-19 00:00:00
11e22e541201ac67ff98e87193b4fc8d,acc3529bdb650f4442cc91f8b40e9a7d,delivered,2017-09-26 11:52:33,2017-09-26 12:07:15,2017-09-29 18:12:52,2017-10-04 18:27:57,2017-10-20 00:00:00
98c054318dc270816f8357351ffc4449,89b0004792c9ef542dc23c1b8b80a8fa,delivered,2018-06-08 12:14:25,2018-06-08 12:36:53,2018-06-08 14:49:00,2018-06-12 01:28:54,2018-06-19 00:00:00
8a6d1317935fc8ba385da595dd3bf2be,92b3d4d2f79520dcb1433a7be39499fc,delivered,2017-02-20 09:28:19,2017-02-20 09:42:13,2017-02-22 12:59:02,2017-02-24 10:41:38,2017-03-21 00:00:00
4e6d546fa72049694bdc912c60fc4953,2842a713be186f048490153c66d876ae,delivered,2017-11-19 10:21:25,2017-11-19 10:35:19,2017-11-22 14:53:51,2017-11-23 21:33:03,2017-12-04 00:00:00
dc771d8720de3625596eb0b0fa043528,1ad0dece6980bfb8fa8c3264637b77d9,delivered,2017-11-14 15:30:58,2017-11-14 15:47:57,2017-11-22 15:52:21,2017-12-18 21:09:12,2017-12-12 00:00:00
0a8ad519fc5624a7862124decee24b27,a95dbea26da168d82f94f2bbf429868c,delivered,2018-02-01 09:15:49,2018-02-01 09:31:16,2018-02-02 16:19:13,2018-02-19 17:33:32,2018-03-06 00:00:00
93b74681985a4a11ca3b48be35576434,65761947a056b26b4e0e853086f7b1e3,delivered,2018-07-23 13:33:46,2018-07-23 16:00:12,2018-07-24 14:15:00,2018-07-25 16:45:04,2018-07-31 00:00:00
0fe66ba925b98652d484ad6af89402e7,6f57e98447337541f81aecf5335ed124,delivered,2018-02-14 14:43:14,2018-02-16 07:56:21,2018-02-21 01:19:14,2018-02-26 18:39:18,2018-03-06 00:00:00
2b8707bd8d89fbfd17af1dc3373c2875,8c555e6b3106e278f1c88251226cdb48,delivered,2018-01-04 00:55:30,2018-01-05 07:32:35,2018-01-05 21:28:50,2018-01-17 21:03:34,2018-02-07 00:00:00
4363ab80d1b250bca41ff7ed817788cc,c3ee7decdc6cad76fcbfea4c360943d0,delivered,2018-03-08 20:10:32,2018-03-08 20:29:10,2018-03-09 19:22:08,2018-03-19 18:02:19,2018-03-28 00:00:00
12126a7699ca7a88dd86dd3f52bc8baa,47bc31402bfc32ea5b1ad9390d88c676,delivered,2017-05-01 12:38:57,2017-05-02 13:10:22,2017-05-03 16:57:57,2017-06-01 16:34:33,2017-06-06 00:00:00
b73939058e5490167b4c069d941208d9,f87f1ea0db1d9f90a39e6d33b978d7da,delivered,2018-05-01 12:45:18,2018-05-01 13:36:05,2018-05-07 14:04:00,2018-05-10 18:04:32,2018-05-29 00:00:00
bbb7e3b704844468f580cf9f68b0ddd5,c79a8458c63c18d441ea3a4430211eb1,delivered,2018-07-09 16:51:25,2018-07-11 03:06:05,2018-07-11 15:03:00,2018-07-12 20:32:26,2018-07-18 00:00:00
dd0873e10bd3c63b350df2fb55bbbfb0,4e2b70d245c3a00cc4bf8ef95d9dbadb,delivered,2017-06-06 21:40:51,2017-06-08 02:50:37,2017-06-14 14:22:42,2017-06-28 11:34:51,2017-07-11 00:00:00
96bd9c3ad7366522a8a0ef40301faeb5,889cd3474f77acd3ef0855d052106597,delivered,2018-02-26 12:30:46,2018-02-26 13:20:27,2018-02-27 23:56:42,2018-03-17 01:06:37,2018-03-19 00:00:00
aa649f102949b264d3d83c5c545dedfd,09459fdb13104dcebd0c08f87be0c08b,delivered,2017-12-28 17:48:58,2017-12-28 18:08:51,2018-01-02 18:17:33,2018-01-10 16:45:53,2018-02-01 00:00:00
7d11ea85fd4de61373b6b8ab0387d011,215ebdb1bb6a8d7a74004f5320349615,delivered,2017-09-05 15:07:48,2017-09-05 15:25:21,2017-09-09 13:42:37,2017-09-20 20:18:48,2017-09-26 00:00:00
cb740e05716c376f1e99f0509fad75c7,2f61a220c13f883b836164d7938f78f3,delivered,2018-05-31 17:29:44,2018-05-31 17:50:33,2018-06-05 07:22:00,2018-06-25 16:48:33,2018-07-18 00:00:00
57db9f1b9ba0b6c4abcb4eb40e83c182,49120746ae7fdc40f72d549f0dc3afa9,delivered,2018-03-09 14:09:28,2018-03-09 15:40:36,2018-03-12 23:34:33,2018-05-11 13:56:44,2018-05-10 00:00:00
71119930004c36d94916e3674d12741b,a3a976476b6ac6f10a6aeaa6a6a24d4c,delivered,2018-02-20 11:22:10,2018-02-20 11:35:30,2018-02-21 22:59:04,2018-02-26 23:22:49,2018-03-13 00:00:00
264d1f3efc32d8d8243d16c9a582a0b7,08b6dd70f6a9b5bdd17a1387733e3511,delivered,2018-03-04 10:34:03,2018-03-04 11:10:23,2018-03-05 11:14:51,2018-03-17 17:22:09,2018-03-26 00:00:00
9e33d956d1112885d1ad919e54d05697,29ca898d3b92f3578a9b0d7d11bbf6d8,delivered,2018-05-06 22:09:30,2018-05-07 15:15:43,2018-05-08 13:08:00,2018-05-16 21:38:24,2018-06-05 00:00:00
b0ff8e6a9bb47b224a599ff0c161006b,a160f351f9742dcf1732bb802b7fcd65,delivered,2017-09-28 22:23:10,2017-09-30 12:49:29,2017-10-02 19:40:08,2017-10-06 20:52:16,2017-10-30 00:00:00
960de6b16b5ce4196d243baeb9d1a699,64d8e8b44d4ff5c2974d8d05d73bdd10,delivered,2017-07-14 09:35:05,2017-07-14 09:45:13,2017-07-17 22:45:46,2017-07-27 22:55:34,2017-08-17 00:00:00
0d4947e726ae3959a6cc28979ab632a2,3bbbf089a6d913378b28cc1849c98b7e,delivered,2018-01-11 20:33:22,2018-01-11 20:47:50,2018-01-13 02:43:05,2018-01-26 11:46:56,2018-02-06 00:00:00
5fc25db83662b2660bd61440ba3ec9b8,42d7132586f6d1b7f7be2f6d9a2a97dd,delivered,2018-07-31 14:50:52,2018-07-31 15:44:29,2018-07-31 13:43:00,2018-08-06 16:41:40,2018-08-15 00:00:00
a79cb797abc143a743a29342947938f1,57382974be066f139ebe0f3a177b4004,delivered,2017-11-24 09:59:16,2017-11-24 11:15:37,2017-11-28 20:54:49,2017-12-12 19:38:42,2017-12-19 00:00:00
32ce9ea2719c8dc55fe5890c1143c60f,c19b4fae26bbed35de3d6ad142e6b02b,delivered,2018-01-08 22:10:35,2018-01-08 22:19:25,2018-01-09 23:27:55,2018-01-24 19:19:42,2018-02-05 00:00:00
a0ef346fe1ea82e048e965ab6c20623b,aac7996cd5a3e93ba06ebbc0ead5a3df,delivered,2018-02-15 17:38:00,2018-02-15 17:50:28,2018-02-16 23:40:11,2018-02-19 17:29:46,2018-03-02 00:00:00
ce8a790838d6b4304ddde9481438c679,f21be72df342026508f9072dba657632,delivered,2018-01-16 18:23:41,2018-01-16 18:31:39,2018-01-24 13:44:49,2018-02-07 13:53:06,2018-02-16 00:00:00
86af9599ffd64a39d743904daa8bdb2d,199b9ae9fb9231bc21cd1c2ade5ba3be,delivered,2017-12-15 09:31:38,2017-12-15 09:53:00,2017-12-20 00:12:16,2017-12-27 16:05:52,2018-01-10 00:00:00
112e22ce5f700d2155befd89a15b4a5b,90eb27e381d8c75dd3acf2f87fd8aa50,delivered,2018-05-07 11:48:13,2018-05-07 18:10:52,2018-05-09 14:27:00,2018-05-11 20:04:49,2018-05-15 00:00:00
11104e15dc0997a6ba0aaaf449f51160,b2a682e0a1f89cff5840ed5838888bba,delivered,2018-04-04 13:54:36,2018-04-06 03:15:32,2018-04-07 16:51:02,2018-04-10 17:40:47,2018-04-19 00:00:00
e51a8e1d0f0a0cc6eae0b605b53cf9ed,2a7e297b30ff4a624ad2d5dda5b9484a,unavailable,2017-06-04 21:37:58,2017-06-04 21:50:18,,,2017-07-10 00:00:00
6fefe7f276220450fc08b7c974e21fb7,c9062728d2f9e245f3945d071434755d,delivered,2018-07-08 18:27:36,2018-07-08 18:45:18,2018-07-10 15:23:00,2018-07-11 18:32:48,2018-07-19 00:00:00
3d0a2787777e731001936c8a443b22fb,12898a6722d72027d1862c147969adfd,delivered,2017-09-14 10:12:04,2017-09-14 10:25:46,2017-09-14 21:03:50,2017-09-27 17:42:23,2017-10-11 00:00:00
f1b0d27b392edf2469778d8885fc2375,1e73856ff88f7317350280a958fa25e2,delivered,2018-05-22 15:14:41,2018-05-22 17:36:42,2018-05-24 12:59:00,2018-06-08 19:28:59,2018-06-12 00:00:00
ad87776df87aa84719c1be3456cbbf4d,eb03682e1118b3af176b229932bfa8be,delivered,2018-02-26 23:20:11,2018-02-27 00:00:26,2018-02-28 15:04:13,2018-03-08 21:26:33,2018-03-28 00:00:00
ccfe85ff3893b9efe8d101891fdd40ee,16a30ce5e482ed5a947eca6f6b33c962,delivered,2018-06-26 16:11:26,2018-06-27 17:10:37,2018-06-28 11:57:00,2018-07-03 16:37:09,2018-07-30 00:00:00
6da45c88a41888408e61bfe388d93f01,ea94754b4cd71085c914bf60e5a2dd56,invoiced,2017-10-03 01:38:04,2017-10-04 02:44:06,,,2017-10-24 00:00:00
e90ec4b6b234181833371ada5474c96b,cee87c1ba63da17e6d9aded0ec8c6627,delivered,2017-04-19 22:50:00,2017-04-19 23:02:15,2017-04-20 09:49:57,2017-05-03 14:47:34,2017-05-12 00:00:00
8781fc46d9d2a051c66e619d005a4046,9c6016bbf8f57b1aae49ba49fa48d33c,delivered,2018-04-28 22:44:32,2018-04-28 22:55:16,2018-05-02 15:26:00,2018-05-07 18:58:56,2018-05-23 00:00:00
5820261a4aacfd67c653d120a4acdc46,ea9088633ce0a6828760d9a1d0de3e14,delivered,2018-01-11 10:55:26,2018-01-11 11:08:44,2018-01-11 20:43:55,2018-01-19 19:17:44,2018-02-14 00:00:00
31b7099f02dfb1ef54bf9b3c44aaf417,48ccf3a1988ef7c484efc8142bd0a8ea,delivered,2017-07-06 19:35:07,2017-07-06 19:50:14,2017-07-07 18:59:36,2017-07-14 15:57:42,2017-07-26 00:00:00
4cc44db58430b3250f2ef264dbcc3b4c,6f8d2b555e7c26023c890ea54c862955,delivered,2018-08-06 14:32:47,2018-08-06 14:50:15,2018-08-07 14:48:00,2018-08-13 18:51:27,2018-08-20 00:00:00
f6ca2b9e738276a523e65504634a762d,1c2eca232f8c616ae2c923acca50d5ed,delivered,2018-03-08 15:59:50,2018-03-08 17:00:35,2018-03-13 17:20:38,2018-03-20 03:46:37,2018-03-26 00:00:00
85cebb5f41967daca44f7c7883856f96,9668acd4745aa7554baf734a6e880ac0,delivered,2018-01-19 20:20:18,2018-01-19 20:29:53,2018-01-25 18:09:19,2018-01-29 18:39:36,2018-02-20 00:00:00
69140db0db6aff7d50eb3f0e8c8a5016,b1cdcbc7bfab9305894a5693c993687a,delivered,2017-06-03 09:57:33,2017-06-06 13:05:42,2017-06-06 14:10:03,2017-06-10 10:18:02,2017-06-27 00:00:00
f1c5e5967b0cd0144bd3b56958f7da43,af8172141c0b941edc73d75ad7264d84,delivered,2017-11-24 20:40:15,2017-11-25 05:35:43,2017-11-29 15:23:06,2017-11-30 12:18:46,2017-12-08 00:00:00
f6a1315248ae1d7cb19cc912d5239771,10545554aa6652e877c8519d3144a24d,delivered,2018-01-15 15:32:15,2018-01-15 16:30:30,2018-01-17 20:43:49,2018-01-24 20:49:15,2018-02-06 00:00:00
8afada74ea69f220081870b340ddde98,176e693c03b12688d3f796f73a542508,delivered,2017-05-13 20:05:21,2017-05-13 20:15:09,2017-05-17 08:34:48,2017-05-23 16:44:06,2017-06-02 00:00:00
edcc020b94ba865d7254269e6cdca99b,01a56495d1c8bcf831311f5ad7f126a1,delivered,2018-01-28 23:04:59,2018-01-28 23:18:27,2018-01-30 18:08:45,2018-02-02 00:55:36,2018-02-14 00:00:00
32855d7689b9f421de7025b1f94cabb8,7560d4eee6f467533295c86137bb4c34,delivered,2018-01-10 14:37:45,2018-01-10 14:49:58,2018-01-11 23:38:58,2018-01-29 11:36:39,2018-02-05 00:00:00
3b8a6f4c963d2e04b3d7a0bb8dc84b6e,d610dc41c3d497009a9eb42b88bd5dff,delivered,2018-02-05 21:16:24,2018-02-06 16:35:40,2018-02-07 17:22:24,2018-02-18 14:49:54,2018-03-06 00:00:00
7f8ea9cfc45806c663bbb7cf99b530a5,240e27f232ec053a532de5b5f8c99df1,delivered,2018-05-07 09:32:19,2018-05-07 16:55:46,2018-05-09 15:48:00,2018-05-21 21:27:34,2018-06-07 00:00:00
9ffdb44f6b79111e57d86b61146fba23,4ae146b62393e6b565cbc8d6cc149233,delivered,2018-06-09 15:42:39,2018-06-12 05:16:04,2018-06-14 08:20:00,2018-06-21 00:16:40,2018-07-17 00:00:00
579c04f647cacb17047677baa1282eaf,54dfe35409074a33891f8731644518a7,delivered,2018-03-14 15:56:45,2018-03-14 16:10:28,2018-03-15 00:47:33,2018-04-03 21:22:19,2018-04-06 00:00:00
bd6ab28252f15e7c57f212a725aa1c37,aa0633423572bf600bd7f9bda734ed44,delivered,2018-05-08 14:49:25,2018-05-08 15:09:59,2018-05-09 09:09:00,2018-05-16 16:28:45,2018-06-14 00:00:00
1f453524ca7946b73a175299b82a66c0,6ddef3de281b5bba1e7d35085374f54f,delivered,2018-05-18 09:55:02,2018-05-18 10:46:27,2018-05-21 14:36:00,2018-06-07 20:47:24,2018-06-11 00:00:00
2ec51579f21b9d6da3f417e7ccea378d,2ecb17e36f928982da214aaae7f2d7aa,delivered,2018-07-06 09:21:45,2018-07-06 09:31:26,2018-07-06 12:50:00,2018-07-13 14:52:47,2018-07-30 00:00:00
03ee28c413aaef04d718e00ed85eb678,93ad62fc1229e9099881648f34813706,delivered,2017-02-21 10:54:37,2017-02-21 11:05:47,2017-02-22 07:00:14,2017-03-03 15:41:42,2017-03-24 00:00:00
36b8ca63eb9822b5f68630749ff70e32,389e7165873cd6f31d17f6d5f94fcba0,delivered,2018-08-17 09:07:53,2018-08-17 09:15:19,2018-08-21 08:58:00,2018-08-27 15:55:51,2018-09-11 00:00:00
f5bdbbff47c740c2cca90305841220a8,25e478c307b5543559a8a7bc74b2a068,delivered,2018-02-14 14:55:51,2018-02-14 15:08:23,2018-02-15 16:27:38,2018-02-20 19:15:38,2018-03-13 00:00:00
b10818512d51945f6498d36b8de77c68,651f4f5c54de7d8ca39e09f7c6c56e5e,delivered,2017-08-15 17:21:46,2017-08-15 19:10:20,2017-08-17 14:06:49,2017-08-18 21:55:33,2017-08-29 00:00:00
a3965b3546bff7e3ec5e766fa6e8d865,1a56b93a42160f456c60a3642ad51ffa,delivered,2017-10-24 23:10:01,2017-10-24 23:28:08,2017-10-25 17:42:53,2017-11-09 21:54:53,2017-11-21 00:00:00
a93cc6a86a64ca1f201b78f981adbc25,e86f553170b06db9ee781701ad6091ee,delivered,2018-07-16 19:02:18,2018-07-16 19:15:17,2018-07-19 14:56:00,2018-07-24 12:39:31,2018-07-31 00:00:00
1cf9fb7308beb8ef95005967f336cefb,2135d8c6474fbeba5b218bb1178dfc2c,delivered,2018-01-02 23:10:45,2018-01-02 23:19:29,2018-01-05 17:34:25,2018-01-09 17:18:10,2018-01-18 00:00:00
7cd48500c7fb8fb359e9b91fbb2a23e5,f272f062d84c339be94ffff26f582723,delivered,2017-07-10 20:27:30,2017-07-10 20:43:36,2017-07-12 15:54:26,2017-07-14 18:56:32,2017-07-28 00:00:00
06d5cbe68295558fd6c48998db3ea397,e3b51585362f32e3e0292d6dccb80882,delivered,2018-03-27 14:04:31,2018-03-27 14:15:12,2018-03-28 21:25:17,2018-03-29 19:24:35,2018-04-10 00:00:00
daf610999defe00407d9c3178f42b819,064e2cb3bff15053eb0e4afc471e7f2c,delivered,2018-02-01 17:45:05,2018-02-01 18:31:03,2018-02-06 22:17:05,2018-02-07 20:44:03,2018-02-23 00:00:00
8d812dbf931bbd85b3b5b528b75ef9bb,498ace7478636fb1bea4357fb62a30c6,delivered,2017-07-11 09:29:14,2017-07-11 09:43:10,2017-07-12 12:42:59,2017-07-18 21:10:11,2017-08-10 00:00:00
2d4725d49513bce62ea366e8f0e213ed,6fc895d23c35083f10fe3e3275d11549,delivered,2017-07-09 11:21:03,2017-07-11 04:03:45,2017-07-12 17:23:34,2017-07-18 19:54:54,2017-07-28 00:00:00
d69e5d356402adc8cf17e08b5033acfb,68d081753ad4fe22fc4d410a9eb1ca01,delivered,2017-02-19 01:28:47,,2017-02-23 03:11:48,2017-03-02 03:41:58,2017-03-27 00:00:00
431e57fb445e35e908a2d4867bfc9b27,63a63a3d1eb4b42d80ed149ae626b831,delivered,2017-07-18 22:26:53,2017-07-18 22:43:13,2017-07-21 19:19:45,2017-07-26 22:49:51,2017-08-09 00:00:00
e4fa46e65ad5c0c84cffc9dcd3176c66,2a29bb358054a0f3c574bd59d4c7f131,delivered,2018-03-04 13:42:37,2018-03-04 13:55:35,2018-03-07 23:08:46,2018-03-15 16:36:37,2018-04-02 00:00:00
2b99bf6a37b3b643b24ca08289526f96,9756f047557b34c039fa402a19c13975,delivered,2017-07-09 19:47:33,2017-07-09 20:03:17,2017-07-10 18:47:55,2017-07-14 13:16:59,2017-07-28 00:00:00
82962a8abf46b030308d707aff1a7f35,6a2e9d44729494120fbb79c7a642cf98,delivered,2018-07-16 13:07:17,2018-07-16 13:20:23,2018-07-19 11:15:00,2018-07-21 01:21:49,2018-07-27 00:00:00
f62fdeb39023106b1bb98bee97a54a87,598906e581679bc9af2e1f1ebaca663c,delivered,2018-03-22 18:19:14,2018-03-23 18:15:20,2018-03-26 21:49:06,2018-04-23 17:26:59,2018-04-24 00:00:00
87276b621cf05e7f2afee8be6c9721b6,7e44a2ca0368138091e7d001d33b1adf,delivered,2018-01-10 12:19:11,2018-01-10 13:29:09,2018-01-11 15:32:41,2018-01-16 15:37:27,2018-01-24 00:00:00
e3143ad1af7d0f2878a66a1cd565e4a2,b0f994938a75bb0c6a523fee2e7c5746,delivered,2018-03-07 13:34:46,2018-03-07 13:48:13,2018-03-08 15:23:00,2018-03-29 19:33:01,2018-04-10 00:00:00
aa57296ceb0b170f4823d71a06a43037,a59ce5c8d691e10ba1759f1894dd8dc1,delivered,2018-06-21 13:26:40,2018-06-22 02:59:29,2018-06-22 12:45:00,2018-06-28 20:03:57,2018-07-27 00:00:00
4ab2c1c6f21974d6332c0531a74eef20,7a95d4d532661c21c68fd13ebf6a95f4,delivered,2017-11-10 15:49:37,2017-11-10 16:11:10,2017-11-10 21:58:40,2017-11-13 23:03:23,2017-12-06 00:00:00
817d88483f5ef3f2c934506d7d890888,ea96be5147863f2b3ae58b00983a6d09,delivered,2017-10-29 22:57:07,2017-10-29 23:10:17,2017-10-30 20:25:15,2017-11-06 16:35:29,2017-11-21 00:00:00
01bc343311e5b8090b64d6ab287a5cf0,3eef17cb7b0ffaf55b88ddfa3d793bfe,delivered,2018-02-22 14:30:12,2018-02-22 14:50:40,2018-02-23 18:27:43,2018-04-04 22:16:24,2018-03-22 00:00:00
6fec846920d64dd20cad8adb75d01e8d,8c4630c4405c6b83c913ab4406132a08,delivered,2018-08-02 12:04:47,2018-08-02 13:31:01,2018-08-06 10:55:00,2018-08-10 20:58:41,2018-08-17 00:00:00
8618461ee5428f56dcc6d2794ccc59cc,4b9f4135b5b4d9420423df73f77ac949,delivered,2017-07-24 22:06:47,2017-07-24 22:23:12,2017-07-25 22:33:57,2017-08-01 19:27:52,2017-08-21 00:00:00
8c17e98f67708928c1b03bb705c14b3e,41dab101e63cf0c1866b20cdff40471a,delivered,2018-06-22 12:04:50,2018-06-22 12:36:22,2018-06-27 11:42:00,2018-07-04 14:33:01,2018-07-30 00:00:00
b319de7e29d9ec96df9f75a1558c8ea7,3deafc0474a41927e9249b78564a3257,delivered,2018-02-27 14:20:49,2018-02-27 14:35:35,2018-03-01 02:22:56,2018-03-10 17:22:50,2018-03-19 00:00:00
5eeac31e1838a5a8563b9d111cd09a5d,696107b2309e169b96576869e2a41b81,delivered,2017-10-29 12:43:30,2017-10-29 13:55:14,2017-10-30 20:39:54,2017-11-09 20:33:08,2017-11-17 00:00:00
a3115f34be015286911b92beba41be5f,4c98afa4ca10e1d85ddf126c0c19834b,delivered,2017-05-09 22:33:27,2017-05-09 22:42:32,2017-05-11 13:55:42,2017-05-16 16:34:29,2017-05-31 00:00:00
c22857ca01052cca0c4dea70902c5a92,ac430a00fccee6f43a93836facc4eb8a,delivered,2018-01-17 22:20:43,2018-01-17 22:30:04,2018-01-22 21:47:53,2018-03-01 23:57:22,2018-02-16 00:00:00
d11fc5b9e5bf7a0c4ce41b04a59f0154,e7614d4b134b3e8aebda0938a84d9878,delivered,2017-12-15 10:43:20,2017-12-15 10:51:29,2017-12-19 16:34:16,2017-12-21 18:53:28,2018-01-10 00:00:00
7f8d25da9409167dba72ad951cb73530,0eeab95cbdfcad21ed5cc7c014451a66,delivered,2018-01-16 16:38:30,2018-01-16 16:52:18,2018-01-17 19:34:57,2018-01-26 23:18:12,2018-02-06 00:00:00
eee77f4b54ff5aeb0312aa795fb9914c,f62be7ad24b3143213c452bb0cc9e92c,delivered,2017-02-06 22:44:52,2017-02-06 22:55:12,2017-02-10 16:15:40,2017-02-17 20:16:51,2017-03-03 00:00:00
153b80864a22f0638fef4339488a2cf3,3465815678642fddd150c74f20f98f0e,delivered,2017-11-15 00:16:15,2017-11-16 00:10:50,2017-11-16 21:14:41,2017-11-28 19:33:58,2017-12-13 00:00:00
a49dc0169f9bb6d3ac9829bdebd12299,c78088a2467e83cbb726c1283608dca7,delivered,2018-07-21 11:46:28,2018-07-26 23:31:27,2018-07-24 14:55:00,2018-07-25 18:24:31,2018-07-31 00:00:00
e243d2b9a888be9451926d6053edf2a6,1d044059d25414bea1765816c0f673b7,delivered,2018-05-31 20:32:18,2018-05-31 20:50:09,2018-06-01 09:58:00,2018-06-13 22:21:54,2018-07-05 00:00:00
